filepath,note,midi,velocity,articulation,pedal,duration,take
data\piano_phase3\A0\A0_v110_portato_noped_t1.wav,A0,21,110,portato,0,1.214,1
data\piano_phase3\A0\A0_v30_sustain_ped_t1.wav,A0,21,30,sustain,1,1.897,1
data\piano_phase3\A0\A0_v60_portato_noped_t1.wav,A0,21,60,portato,0,1.214,1
data\piano_phase3\A0\A0_v60_legato_ped_t1.wav,A0,21,60,legato,1,2.378,1
data\piano_phase3\A0\A0_v110_staccato_ped_t1.wav,A0,21,110,staccato,1,0.768,1
data\piano_phase3\A0\A0_v60_portato_ped_t1.wav,A0,21,60,portato,1,1.214,1
data\piano_phase3\A0\A0_v90_legato_noped_t1.wav,A0,21,90,legato,0,2.379,1
data\piano_phase3\A0\A0_v30_legato_noped_t1.wav,A0,21,30,legato,0,2.37,1
data\piano_phase3\A0\A0_v90_portato_ped_t1.wav,A0,21,90,portato,1,1.225,1
data\piano_phase3\A0\A0_v60_sustain_noped_t1.wav,A0,21,60,sustain,0,1.902,1
data\piano_phase3\A0\A0_v90_staccato_noped_t1.wav,A0,21,90,staccato,0,0.769,1
data\piano_phase3\A0\A0_v60_staccato_ped_t1.wav,A0,21,60,staccato,1,0.769,1
data\piano_phase3\A0\A0_v110_sustain_noped_t1.wav,A0,21,110,sustain,0,1.904,1
data\piano_phase3\A0\A0_v60_legato_noped_t1.wav,A0,21,60,legato,0,2.378,1
data\piano_phase3\A0\A0_v110_staccato_noped_t1.wav,A0,21,110,staccato,0,0.768,1
data\piano_phase3\A0\A0_v90_sustain_noped_t1.wav,A0,21,90,sustain,0,1.903,1
data\piano_phase3\A0\A0_v110_legato_noped_t1.wav,A0,21,110,legato,0,2.379,1
data\piano_phase3\A0\A0_v30_staccato_ped_t1.wav,A0,21,30,staccato,1,0.761,1
data\piano_phase3\A0\A0_v60_sustain_ped_t1.wav,A0,21,60,sustain,1,1.902,1
data\piano_phase3\A0\A0_v90_portato_noped_t1.wav,A0,21,90,portato,0,1.225,1
data\piano_phase3\A0\A0_v30_portato_noped_t1.wav,A0,21,30,portato,0,1.229,1
data\piano_phase3\A0\A0_v90_staccato_ped_t1.wav,A0,21,90,staccato,1,0.769,1
data\piano_phase3\A#0\A#0_v90_legato_ped_t1.wav,A#0,22,90,legato,1,2.361,1
data\piano_phase3\A#0\A#0_v110_staccato_ped_t1.wav,A#0,22,110,staccato,1,0.772,1
data\piano_phase3\A#0\A#0_v30_legato_ped_t1.wav,A#0,22,30,legato,1,2.384,1
data\piano_phase3\A#0\A#0_v90_legato_noped_t1.wav,A#0,22,90,legato,0,2.361,1
data\piano_phase3\A#0\A#0_v60_sustain_ped_t1.wav,A#0,22,60,sustain,1,1.904,1
data\piano_phase3\A#0\A#0_v30_staccato_noped_t1.wav,A#0,22,30,staccato,0,0.766,1
data\piano_phase3\A#0\A#0_v90_portato_ped_t1.wav,A#0,22,90,portato,1,1.22,1
data\piano_phase3\A#0\A#0_v60_legato_ped_t1.wav,A#0,22,60,legato,1,2.378,1
data\piano_phase3\A#0\A#0_v30_sustain_ped_t1.wav,A#0,22,30,sustain,1,1.902,1
data\piano_phase3\A#0\A#0_v60_staccato_ped_t1.wav,A#0,22,60,staccato,1,0.771,1
data\piano_phase3\A#0\A#0_v110_sustain_noped_t1.wav,A#0,22,110,sustain,0,1.902,1
data\piano_phase3\A#0\A#0_v90_portato_noped_t1.wav,A#0,22,90,portato,0,1.22,1
data\piano_phase3\A#0\A#0_v90_staccato_ped_t1.wav,A#0,22,90,staccato,1,0.771,1
data\piano_phase3\A#0\A#0_v110_legato_ped_t1.wav,A#0,22,110,legato,1,2.361,1
data\piano_phase3\A#0\A#0_v90_staccato_noped_t1.wav,A#0,22,90,staccato,0,0.771,1
data\piano_phase3\A#0\A#0_v90_sustain_ped_t1.wav,A#0,22,90,sustain,1,1.905,1
data\piano_phase3\A#0\A#0_v60_legato_noped_t1.wav,A#0,22,60,legato,0,2.378,1
data\piano_phase3\A#0\A#0_v30_staccato_ped_t1.wav,A#0,22,30,staccato,1,0.766,1
data\piano_phase3\A#0\A#0_v110_sustain_ped_t1.wav,A#0,22,110,sustain,1,1.902,1
data\piano_phase3\A#0\A#0_v90_sustain_noped_t1.wav,A#0,22,90,sustain,0,1.905,1
data\piano_phase3\A#0\A#0_v60_portato_ped_t1.wav,A#0,22,60,portato,1,1.22,1
data\piano_phase3\A#0\A#0_v110_portato_noped_t1.wav,A#0,22,110,portato,0,1.219,1
data\piano_phase3\B0\B0_v110_sustain_noped_t1.wav,B0,23,110,sustain,0,1.855,1
data\piano_phase3\B0\B0_v90_sustain_ped_t1.wav,B0,23,90,sustain,1,1.853,1
data\piano_phase3\B0\B0_v60_sustain_ped_t1.wav,B0,23,60,sustain,1,1.868,1
data\piano_phase3\B0\B0_v60_staccato_ped_t1.wav,B0,23,60,staccato,1,0.736,1
data\piano_phase3\B0\B0_v90_portato_noped_t1.wav,B0,23,90,portato,0,1.19,1
data\piano_phase3\B0\B0_v110_portato_noped_t1.wav,B0,23,110,portato,0,1.19,1
data\piano_phase3\B0\B0_v30_staccato_ped_t1.wav,B0,23,30,staccato,1,0.737,1
data\piano_phase3\B0\B0_v30_staccato_noped_t1.wav,B0,23,30,staccato,0,0.737,1
data\piano_phase3\B0\B0_v60_legato_ped_t1.wav,B0,23,60,legato,1,2.349,1
data\piano_phase3\B0\B0_v110_sustain_ped_t1.wav,B0,23,110,sustain,1,1.855,1
data\piano_phase3\B0\B0_v90_portato_ped_t1.wav,B0,23,90,portato,1,1.19,1
data\piano_phase3\B0\B0_v60_portato_noped_t1.wav,B0,23,60,portato,0,1.19,1
data\piano_phase3\B0\B0_v30_sustain_noped_t1.wav,B0,23,30,sustain,0,1.838,1
data\piano_phase3\B0\B0_v110_staccato_ped_t1.wav,B0,23,110,staccato,1,0.745,1
data\piano_phase3\B0\B0_v90_staccato_noped_t1.wav,B0,23,90,staccato,0,0.739,1
data\piano_phase3\B0\B0_v90_staccato_ped_t1.wav,B0,23,90,staccato,1,0.739,1
data\piano_phase3\B0\B0_v30_legato_ped_t1.wav,B0,23,30,legato,1,2.339,1
data\piano_phase3\B0\B0_v90_legato_ped_t1.wav,B0,23,90,legato,1,2.341,1
data\piano_phase3\B0\B0_v30_portato_noped_t1.wav,B0,23,30,portato,0,1.184,1
data\piano_phase3\B0\B0_v110_legato_noped_t1.wav,B0,23,110,legato,0,2.345,1
data\piano_phase3\B0\B0_v30_legato_noped_t1.wav,B0,23,30,legato,0,2.339,1
data\piano_phase3\B0\B0_v90_legato_noped_t1.wav,B0,23,90,legato,0,2.341,1
data\piano_phase3\C1\C1_v30_staccato_ped_t1.wav,C1,24,30,staccato,1,0.738,1
data\piano_phase3\C1\C1_v90_staccato_noped_t1.wav,C1,24,90,staccato,0,0.74,1
data\piano_phase3\C1\C1_v90_sustain_ped_t1.wav,C1,24,90,sustain,1,1.864,1
data\piano_phase3\C1\C1_v110_portato_noped_t1.wav,C1,24,110,portato,0,1.185,1
data\piano_phase3\C1\C1_v30_staccato_noped_t1.wav,C1,24,30,staccato,0,0.738,1
data\piano_phase3\C1\C1_v90_legato_ped_t1.wav,C1,24,90,legato,1,2.343,1
data\piano_phase3\C1\C1_v90_staccato_ped_t1.wav,C1,24,90,staccato,1,0.74,1
data\piano_phase3\C1\C1_v30_portato_noped_t1.wav,C1,24,30,portato,0,1.164,1
data\piano_phase3\C1\C1_v30_portato_ped_t1.wav,C1,24,30,portato,1,1.164,1
data\piano_phase3\C1\C1_v30_sustain_ped_t1.wav,C1,24,30,sustain,1,1.85,1
data\piano_phase3\C1\C1_v110_portato_ped_t1.wav,C1,24,110,portato,1,1.185,1
data\piano_phase3\C1\C1_v110_legato_ped_t1.wav,C1,24,110,legato,1,2.338,1
data\piano_phase3\C1\C1_v110_staccato_ped_t1.wav,C1,24,110,staccato,1,0.746,1
data\piano_phase3\C1\C1_v60_staccato_ped_t1.wav,C1,24,60,staccato,1,0.738,1
data\piano_phase3\C1\C1_v60_portato_ped_t1.wav,C1,24,60,portato,1,1.192,1
data\piano_phase3\C1\C1_v110_legato_noped_t1.wav,C1,24,110,legato,0,2.338,1
data\piano_phase3\C1\C1_v30_legato_ped_t1.wav,C1,24,30,legato,1,2.321,1
data\piano_phase3\C1\C1_v90_portato_ped_t1.wav,C1,24,90,portato,1,1.192,1
data\piano_phase3\C1\C1_v60_staccato_noped_t1.wav,C1,24,60,staccato,0,0.738,1
data\piano_phase3\C1\C1_v30_sustain_noped_t1.wav,C1,24,30,sustain,0,1.85,1
data\piano_phase3\C1\C1_v60_legato_noped_t1.wav,C1,24,60,legato,0,2.352,1
data\piano_phase3\C1\C1_v110_staccato_noped_t1.wav,C1,24,110,staccato,0,0.746,1
data\piano_phase3\C#1\C#1_v110_staccato_noped_t1.wav,C#1,25,110,staccato,0,0.743,1
data\piano_phase3\C#1\C#1_v90_legato_ped_t1.wav,C#1,25,90,legato,1,2.339,1
data\piano_phase3\C#1\C#1_v30_sustain_ped_t1.wav,C#1,25,30,sustain,1,1.844,1
data\piano_phase3\C#1\C#1_v90_legato_noped_t1.wav,C#1,25,90,legato,0,2.339,1
data\piano_phase3\C#1\C#1_v60_legato_ped_t1.wav,C#1,25,60,legato,1,2.362,1
data\piano_phase3\C#1\C#1_v60_staccato_ped_t1.wav,C#1,25,60,staccato,1,0.735,1
data\piano_phase3\C#1\C#1_v110_sustain_ped_t1.wav,C#1,25,110,sustain,1,1.853,1
data\piano_phase3\C#1\C#1_v60_portato_ped_t1.wav,C#1,25,60,portato,1,1.194,1
data\piano_phase3\C#1\C#1_v110_sustain_noped_t1.wav,C#1,25,110,sustain,0,1.853,1
data\piano_phase3\C#1\C#1_v90_portato_noped_t1.wav,C#1,25,90,portato,0,1.183,1
data\piano_phase3\C#1\C#1_v30_legato_ped_t1.wav,C#1,25,30,legato,1,2.333,1
data\piano_phase3\C#1\C#1_v110_portato_noped_t1.wav,C#1,25,110,portato,0,1.176,1
data\piano_phase3\C#1\C#1_v30_legato_noped_t1.wav,C#1,25,30,legato,0,2.333,1
data\piano_phase3\C#1\C#1_v30_sustain_noped_t1.wav,C#1,25,30,sustain,0,1.844,1
data\piano_phase3\C#1\C#1_v30_staccato_ped_t1.wav,C#1,25,30,staccato,1,0.736,1
data\piano_phase3\C#1\C#1_v110_legato_ped_t1.wav,C#1,25,110,legato,1,2.34,1
data\piano_phase3\C#1\C#1_v90_sustain_noped_t1.wav,C#1,25,90,sustain,0,1.858,1
data\piano_phase3\C#1\C#1_v30_portato_ped_t1.wav,C#1,25,30,portato,1,1.167,1
data\piano_phase3\C#1\C#1_v30_staccato_noped_t1.wav,C#1,25,30,staccato,0,0.736,1
data\piano_phase3\C#1\C#1_v90_staccato_ped_t1.wav,C#1,25,90,staccato,1,0.738,1
data\piano_phase3\C#1\C#1_v60_staccato_noped_t1.wav,C#1,25,60,staccato,0,0.735,1
data\piano_phase3\C#1\C#1_v90_staccato_noped_t1.wav,C#1,25,90,staccato,0,0.738,1
data\piano_phase3\D1\D1_v60_sustain_noped_t1.wav,D1,26,60,sustain,0,1.885,1
data\piano_phase3\D1\D1_v30_legato_noped_t1.wav,D1,26,30,legato,0,2.398,1
data\piano_phase3\D1\D1_v90_legato_ped_t1.wav,D1,26,90,legato,1,2.373,1
data\piano_phase3\D1\D1_v90_legato_noped_t1.wav,D1,26,90,legato,0,2.373,1
data\piano_phase3\D1\D1_v30_sustain_ped_t1.wav,D1,26,30,sustain,1,1.885,1
data\piano_phase3\D1\D1_v30_sustain_noped_t1.wav,D1,26,30,sustain,0,1.885,1
data\piano_phase3\D1\D1_v60_legato_noped_t1.wav,D1,26,60,legato,0,2.37,1
data\piano_phase3\D1\D1_v90_sustain_noped_t1.wav,D1,26,90,sustain,0,1.893,1
data\piano_phase3\D1\D1_v60_sustain_ped_t1.wav,D1,26,60,sustain,1,1.885,1
data\piano_phase3\D1\D1_v110_staccato_ped_t1.wav,D1,26,110,staccato,1,0.744,1
data\piano_phase3\D1\D1_v110_sustain_ped_t1.wav,D1,26,110,sustain,1,1.883,1
data\piano_phase3\D1\D1_v60_staccato_noped_t1.wav,D1,26,60,staccato,0,0.743,1
data\piano_phase3\D1\D1_v90_portato_noped_t1.wav,D1,26,90,portato,0,1.226,1
data\piano_phase3\D1\D1_v110_legato_noped_t1.wav,D1,26,110,legato,0,2.375,1
data\piano_phase3\D1\D1_v90_sustain_ped_t1.wav,D1,26,90,sustain,1,1.893,1
data\piano_phase3\D1\D1_v110_sustain_noped_t1.wav,D1,26,110,sustain,0,1.883,1
data\piano_phase3\D1\D1_v30_portato_noped_t1.wav,D1,26,30,portato,0,1.226,1
data\piano_phase3\D1\D1_v110_portato_noped_t1.wav,D1,26,110,portato,0,1.219,1
data\piano_phase3\D1\D1_v30_staccato_ped_t1.wav,D1,26,30,staccato,1,0.765,1
data\piano_phase3\D1\D1_v30_legato_ped_t1.wav,D1,26,30,legato,1,2.398,1
data\piano_phase3\D1\D1_v60_staccato_ped_t1.wav,D1,26,60,staccato,1,0.743,1
data\piano_phase3\D1\D1_v60_portato_ped_t1.wav,D1,26,60,portato,1,1.224,1
data\piano_phase3\D#1\D#1_v30_sustain_noped_t1.wav,D#1,27,30,sustain,0,1.888,1
data\piano_phase3\D#1\D#1_v30_sustain_ped_t1.wav,D#1,27,30,sustain,1,1.888,1
data\piano_phase3\D#1\D#1_v60_staccato_ped_t1.wav,D#1,27,60,staccato,1,0.756,1
data\piano_phase3\D#1\D#1_v60_staccato_noped_t1.wav,D#1,27,60,staccato,0,0.756,1
data\piano_phase3\D#1\D#1_v60_legato_ped_t1.wav,D#1,27,60,legato,1,2.367,1
data\piano_phase3\D#1\D#1_v110_sustain_noped_t1.wav,D#1,27,110,sustain,0,1.883,1
data\piano_phase3\D#1\D#1_v30_legato_noped_t1.wav,D#1,27,30,legato,0,2.373,1
data\piano_phase3\D#1\D#1_v110_legato_noped_t1.wav,D#1,27,110,legato,0,2.372,1
data\piano_phase3\D#1\D#1_v60_sustain_ped_t1.wav,D#1,27,60,sustain,1,1.878,1
data\piano_phase3\D#1\D#1_v90_legato_ped_t1.wav,D#1,27,90,legato,1,2.375,1
data\piano_phase3\D#1\D#1_v110_staccato_noped_t1.wav,D#1,27,110,staccato,0,0.761,1
data\piano_phase3\D#1\D#1_v110_legato_ped_t1.wav,D#1,27,110,legato,1,2.372,1
data\piano_phase3\D#1\D#1_v110_portato_ped_t1.wav,D#1,27,110,portato,1,1.214,1
data\piano_phase3\D#1\D#1_v30_staccato_ped_t1.wav,D#1,27,30,staccato,1,0.761,1
data\piano_phase3\D#1\D#1_v90_portato_noped_t1.wav,D#1,27,90,portato,0,1.22,1
data\piano_phase3\D#1\D#1_v110_staccato_ped_t1.wav,D#1,27,110,staccato,1,0.761,1
data\piano_phase3\D#1\D#1_v110_sustain_ped_t1.wav,D#1,27,110,sustain,1,1.883,1
data\piano_phase3\D#1\D#1_v90_staccato_ped_t1.wav,D#1,27,90,staccato,1,0.76,1
data\piano_phase3\D#1\D#1_v30_staccato_noped_t1.wav,D#1,27,30,staccato,0,0.761,1
data\piano_phase3\D#1\D#1_v60_portato_noped_t1.wav,D#1,27,60,portato,0,1.218,1
data\piano_phase3\D#1\D#1_v30_portato_noped_t1.wav,D#1,27,30,portato,0,1.223,1
data\piano_phase3\D#1\D#1_v90_legato_noped_t1.wav,D#1,27,90,legato,0,2.375,1
data\piano_phase3\E1\E1_v90_portato_ped_t1.wav,E1,28,90,portato,1,1.211,1
data\piano_phase3\E1\E1_v60_legato_noped_t1.wav,E1,28,60,legato,0,2.363,1
data\piano_phase3\E1\E1_v110_sustain_ped_t1.wav,E1,28,110,sustain,1,1.882,1
data\piano_phase3\E1\E1_v60_staccato_ped_t1.wav,E1,28,60,staccato,1,0.748,1
data\piano_phase3\E1\E1_v60_staccato_noped_t1.wav,E1,28,60,staccato,0,0.748,1
data\piano_phase3\E1\E1_v30_portato_noped_t1.wav,E1,28,30,portato,0,1.211,1
data\piano_phase3\E1\E1_v30_sustain_ped_t1.wav,E1,28,30,sustain,1,1.903,1
data\piano_phase3\E1\E1_v90_sustain_ped_t1.wav,E1,28,90,sustain,1,1.888,1
data\piano_phase3\E1\E1_v60_sustain_noped_t1.wav,E1,28,60,sustain,0,1.886,1
data\piano_phase3\E1\E1_v30_staccato_ped_t1.wav,E1,28,30,staccato,1,0.755,1
data\piano_phase3\E1\E1_v60_portato_noped_t1.wav,E1,28,60,portato,0,1.21,1
data\piano_phase3\E1\E1_v30_staccato_noped_t1.wav,E1,28,30,staccato,0,0.755,1
data\piano_phase3\E1\E1_v110_legato_noped_t1.wav,E1,28,110,legato,0,2.367,1
data\piano_phase3\E1\E1_v110_sustain_noped_t1.wav,E1,28,110,sustain,0,1.882,1
data\piano_phase3\E1\E1_v110_staccato_noped_t1.wav,E1,28,110,staccato,0,0.753,1
data\piano_phase3\E1\E1_v90_staccato_noped_t1.wav,E1,28,90,staccato,0,0.751,1
data\piano_phase3\E1\E1_v110_portato_noped_t1.wav,E1,28,110,portato,0,1.214,1
data\piano_phase3\E1\E1_v60_portato_ped_t1.wav,E1,28,60,portato,1,1.21,1
data\piano_phase3\E1\E1_v90_legato_noped_t1.wav,E1,28,90,legato,0,2.366,1
data\piano_phase3\E1\E1_v90_sustain_noped_t1.wav,E1,28,90,sustain,0,1.888,1
data\piano_phase3\E1\E1_v30_portato_ped_t1.wav,E1,28,30,portato,1,1.211,1
data\piano_phase3\E1\E1_v30_legato_noped_t1.wav,E1,28,30,legato,0,2.365,1
data\piano_phase3\F1\F1_v60_sustain_noped_t1.wav,F1,29,60,sustain,0,1.891,1
data\piano_phase3\F1\F1_v110_legato_noped_t1.wav,F1,29,110,legato,0,2.368,1
data\piano_phase3\F1\F1_v90_sustain_noped_t1.wav,F1,29,90,sustain,0,1.892,1
data\piano_phase3\F1\F1_v60_legato_ped_t1.wav,F1,29,60,legato,1,2.37,1
data\piano_phase3\F1\F1_v110_portato_ped_t1.wav,F1,29,110,portato,1,1.229,1
data\piano_phase3\F1\F1_v60_portato_ped_t1.wav,F1,29,60,portato,1,1.227,1
data\piano_phase3\F1\F1_v60_staccato_ped_t1.wav,F1,29,60,staccato,1,0.767,1
data\piano_phase3\F1\F1_v60_portato_noped_t1.wav,F1,29,60,portato,0,1.227,1
data\piano_phase3\F1\F1_v90_portato_ped_t1.wav,F1,29,90,portato,1,1.229,1
data\piano_phase3\F1\F1_v90_portato_noped_t1.wav,F1,29,90,portato,0,1.229,1
data\piano_phase3\F1\F1_v90_legato_ped_t1.wav,F1,29,90,legato,1,2.367,1
data\piano_phase3\F1\F1_v90_sustain_ped_t1.wav,F1,29,90,sustain,1,1.892,1
data\piano_phase3\F1\F1_v110_sustain_ped_t1.wav,F1,29,110,sustain,1,1.893,1
data\piano_phase3\F1\F1_v90_staccato_noped_t1.wav,F1,29,90,staccato,0,0.771,1
data\piano_phase3\F1\F1_v30_legato_noped_t1.wav,F1,29,30,legato,0,2.37,1
data\piano_phase3\F1\F1_v110_legato_ped_t1.wav,F1,29,110,legato,1,2.368,1
data\piano_phase3\F1\F1_v110_staccato_ped_t1.wav,F1,29,110,staccato,1,0.768,1
data\piano_phase3\F1\F1_v110_staccato_noped_t1.wav,F1,29,110,staccato,0,0.768,1
data\piano_phase3\F1\F1_v30_staccato_noped_t1.wav,F1,29,30,staccato,0,0.782,1
data\piano_phase3\F1\F1_v90_legato_noped_t1.wav,F1,29,90,legato,0,2.367,1
data\piano_phase3\F1\F1_v30_staccato_ped_t1.wav,F1,29,30,staccato,1,0.782,1
data\piano_phase3\F1\F1_v30_portato_ped_t1.wav,F1,29,30,portato,1,1.223,1
data\piano_phase3\F#1\F#1_v110_portato_ped_t1.wav,F#1,30,110,portato,1,1.236,1
data\piano_phase3\F#1\F#1_v110_staccato_noped_t1.wav,F#1,30,110,staccato,0,0.776,1
data\piano_phase3\F#1\F#1_v60_portato_ped_t1.wav,F#1,30,60,portato,1,1.23,1
data\piano_phase3\F#1\F#1_v60_sustain_ped_t1.wav,F#1,30,60,sustain,1,1.888,1
data\piano_phase3\F#1\F#1_v110_legato_noped_t1.wav,F#1,30,110,legato,0,2.364,1
data\piano_phase3\F#1\F#1_v60_legato_noped_t1.wav,F#1,30,60,legato,0,2.362,1
data\piano_phase3\F#1\F#1_v30_legato_ped_t1.wav,F#1,30,30,legato,1,2.364,1
data\piano_phase3\F#1\F#1_v30_portato_ped_t1.wav,F#1,30,30,portato,1,1.23,1
data\piano_phase3\F#1\F#1_v90_sustain_ped_t1.wav,F#1,30,90,sustain,1,1.889,1
data\piano_phase3\F#1\F#1_v110_sustain_noped_t1.wav,F#1,30,110,sustain,0,1.89,1
data\piano_phase3\F#1\F#1_v60_sustain_noped_t1.wav,F#1,30,60,sustain,0,1.888,1
data\piano_phase3\F#1\F#1_v30_portato_noped_t1.wav,F#1,30,30,portato,0,1.23,1
data\piano_phase3\F#1\F#1_v90_portato_ped_t1.wav,F#1,30,90,portato,1,1.237,1
data\piano_phase3\F#1\F#1_v60_staccato_noped_t1.wav,F#1,30,60,staccato,0,0.775,1
data\piano_phase3\F#1\F#1_v30_staccato_noped_t1.wav,F#1,30,30,staccato,0,0.774,1
data\piano_phase3\F#1\F#1_v30_sustain_ped_t1.wav,F#1,30,30,sustain,1,1.884,1
data\piano_phase3\F#1\F#1_v90_staccato_noped_t1.wav,F#1,30,90,staccato,0,0.779,1
data\piano_phase3\F#1\F#1_v60_legato_ped_t1.wav,F#1,30,60,legato,1,2.362,1
data\piano_phase3\F#1\F#1_v110_staccato_ped_t1.wav,F#1,30,110,staccato,1,0.776,1
data\piano_phase3\F#1\F#1_v90_sustain_noped_t1.wav,F#1,30,90,sustain,0,1.889,1
data\piano_phase3\F#1\F#1_v90_legato_noped_t1.wav,F#1,30,90,legato,0,2.364,1
data\piano_phase3\F#1\F#1_v60_portato_noped_t1.wav,F#1,30,60,portato,0,1.23,1
data\piano_phase3\G1\G1_v30_portato_ped_t1.wav,G1,31,30,portato,1,1.23,1
data\piano_phase3\G1\G1_v60_legato_ped_t1.wav,G1,31,60,legato,1,2.364,1
data\piano_phase3\G1\G1_v60_portato_ped_t1.wav,G1,31,60,portato,1,1.218,1
data\piano_phase3\G1\G1_v30_portato_noped_t1.wav,G1,31,30,portato,0,1.23,1
data\piano_phase3\G1\G1_v90_legato_ped_t1.wav,G1,31,90,legato,1,2.365,1
data\piano_phase3\G1\G1_v90_legato_noped_t1.wav,G1,31,90,legato,0,2.365,1
data\piano_phase3\G1\G1_v90_staccato_ped_t1.wav,G1,31,90,staccato,1,0.773,1
data\piano_phase3\G1\G1_v90_portato_ped_t1.wav,G1,31,90,portato,1,1.22,1
data\piano_phase3\G1\G1_v110_legato_noped_t1.wav,G1,31,110,legato,0,2.362,1
data\piano_phase3\G1\G1_v110_portato_noped_t1.wav,G1,31,110,portato,0,1.219,1
data\piano_phase3\G1\G1_v90_sustain_noped_t1.wav,G1,31,90,sustain,0,1.892,1
data\piano_phase3\G1\G1_v30_staccato_noped_t1.wav,G1,31,30,staccato,0,0.779,1
data\piano_phase3\G1\G1_v30_staccato_ped_t1.wav,G1,31,30,staccato,1,0.779,1
data\piano_phase3\G1\G1_v110_portato_ped_t1.wav,G1,31,110,portato,1,1.219,1
data\piano_phase3\G1\G1_v110_legato_ped_t1.wav,G1,31,110,legato,1,2.362,1
data\piano_phase3\G1\G1_v60_legato_noped_t1.wav,G1,31,60,legato,0,2.364,1
data\piano_phase3\G1\G1_v60_staccato_ped_t1.wav,G1,31,60,staccato,1,0.783,1
data\piano_phase3\G1\G1_v30_sustain_noped_t1.wav,G1,31,30,sustain,0,1.887,1
data\piano_phase3\G1\G1_v60_sustain_noped_t1.wav,G1,31,60,sustain,0,1.891,1
data\piano_phase3\G1\G1_v110_staccato_noped_t1.wav,G1,31,110,staccato,0,0.771,1
data\piano_phase3\G1\G1_v30_legato_ped_t1.wav,G1,31,30,legato,1,2.365,1
data\piano_phase3\G1\G1_v110_staccato_ped_t1.wav,G1,31,110,staccato,1,0.771,1
data\piano_phase3\G#1\G#1_v60_legato_ped_t1.wav,G#1,32,60,legato,1,2.319,1
data\piano_phase3\G#1\G#1_v110_portato_noped_t1.wav,G#1,32,110,portato,0,1.205,1
data\piano_phase3\G#1\G#1_v90_portato_noped_t1.wav,G#1,32,90,portato,0,1.203,1
data\piano_phase3\G#1\G#1_v30_legato_noped_t1.wav,G#1,32,30,legato,0,2.318,1
data\piano_phase3\G#1\G#1_v60_portato_noped_t1.wav,G#1,32,60,portato,0,1.2,1
data\piano_phase3\G#1\G#1_v110_sustain_ped_t1.wav,G#1,32,110,sustain,1,1.862,1
data\piano_phase3\G#1\G#1_v90_sustain_ped_t1.wav,G#1,32,90,sustain,1,1.861,1
data\piano_phase3\G#1\G#1_v60_sustain_noped_t1.wav,G#1,32,60,sustain,0,1.853,1
data\piano_phase3\G#1\G#1_v60_sustain_ped_t1.wav,G#1,32,60,sustain,1,1.853,1
data\piano_phase3\G#1\G#1_v60_staccato_noped_t1.wav,G#1,32,60,staccato,0,0.756,1
data\piano_phase3\G#1\G#1_v110_legato_noped_t1.wav,G#1,32,110,legato,0,2.324,1
data\piano_phase3\G#1\G#1_v30_staccato_ped_t1.wav,G#1,32,30,staccato,1,0.761,1
data\piano_phase3\G#1\G#1_v110_legato_ped_t1.wav,G#1,32,110,legato,1,2.324,1
data\piano_phase3\G#1\G#1_v30_portato_noped_t1.wav,G#1,32,30,portato,0,1.203,1
data\piano_phase3\G#1\G#1_v110_staccato_ped_t1.wav,G#1,32,110,staccato,1,0.759,1
data\piano_phase3\G#1\G#1_v30_portato_ped_t1.wav,G#1,32,30,portato,1,1.203,1
data\piano_phase3\G#1\G#1_v90_legato_ped_t1.wav,G#1,32,90,legato,1,2.322,1
data\piano_phase3\G#1\G#1_v110_staccato_noped_t1.wav,G#1,32,110,staccato,0,0.759,1
data\piano_phase3\G#1\G#1_v30_staccato_noped_t1.wav,G#1,32,30,staccato,0,0.761,1
data\piano_phase3\G#1\G#1_v90_staccato_noped_t1.wav,G#1,32,90,staccato,0,0.759,1
data\piano_phase3\G#1\G#1_v90_sustain_noped_t1.wav,G#1,32,90,sustain,0,1.861,1
data\piano_phase3\G#1\G#1_v90_portato_ped_t1.wav,G#1,32,90,portato,1,1.203,1
data\piano_phase3\A1\A1_v30_legato_ped_t1.wav,A1,33,30,legato,1,2.318,1
data\piano_phase3\A1\A1_v110_staccato_ped_t1.wav,A1,33,110,staccato,1,0.76,1
data\piano_phase3\A1\A1_v60_staccato_ped_t1.wav,A1,33,60,staccato,1,0.756,1
data\piano_phase3\A1\A1_v30_portato_ped_t1.wav,A1,33,30,portato,1,1.202,1
data\piano_phase3\A1\A1_v60_portato_ped_t1.wav,A1,33,60,portato,1,1.2,1
data\piano_phase3\A1\A1_v30_legato_noped_t1.wav,A1,33,30,legato,0,2.318,1
data\piano_phase3\A1\A1_v90_portato_ped_t1.wav,A1,33,90,portato,1,1.203,1
data\piano_phase3\A1\A1_v90_staccato_ped_t1.wav,A1,33,90,staccato,1,0.759,1
data\piano_phase3\A1\A1_v60_legato_ped_t1.wav,A1,33,60,legato,1,2.315,1
data\piano_phase3\A1\A1_v90_staccato_noped_t1.wav,A1,33,90,staccato,0,0.759,1
data\piano_phase3\A1\A1_v110_portato_noped_t1.wav,A1,33,110,portato,0,1.204,1
data\piano_phase3\A1\A1_v60_sustain_noped_t1.wav,A1,33,60,sustain,0,1.852,1
data\piano_phase3\A1\A1_v90_legato_noped_t1.wav,A1,33,90,legato,0,2.323,1
data\piano_phase3\A1\A1_v90_sustain_ped_t1.wav,A1,33,90,sustain,1,1.855,1
data\piano_phase3\A1\A1_v90_portato_noped_t1.wav,A1,33,90,portato,0,1.203,1
data\piano_phase3\A1\A1_v110_staccato_noped_t1.wav,A1,33,110,staccato,0,0.76,1
data\piano_phase3\A1\A1_v60_legato_noped_t1.wav,A1,33,60,legato,0,2.315,1
data\piano_phase3\A1\A1_v30_sustain_ped_t1.wav,A1,33,30,sustain,1,1.851,1
data\piano_phase3\A1\A1_v90_legato_ped_t1.wav,A1,33,90,legato,1,2.323,1
data\piano_phase3\A1\A1_v30_sustain_noped_t1.wav,A1,33,30,sustain,0,1.851,1
data\piano_phase3\A1\A1_v60_portato_noped_t1.wav,A1,33,60,portato,0,1.2,1
data\piano_phase3\A1\A1_v30_staccato_noped_t1.wav,A1,33,30,staccato,0,0.759,1
data\piano_phase3\A#1\A#1_v90_staccato_noped_t1.wav,A#1,34,90,staccato,0,0.752,1
data\piano_phase3\A#1\A#1_v60_legato_ped_t1.wav,A#1,34,60,legato,1,2.318,1
data\piano_phase3\A#1\A#1_v60_staccato_ped_t1.wav,A#1,34,60,staccato,1,0.749,1
data\piano_phase3\A#1\A#1_v60_staccato_noped_t1.wav,A#1,34,60,staccato,0,0.749,1
data\piano_phase3\A#1\A#1_v110_portato_noped_t1.wav,A#1,34,110,portato,0,1.199,1
data\piano_phase3\A#1\A#1_v90_sustain_noped_t1.wav,A#1,34,90,sustain,0,1.852,1
data\piano_phase3\A#1\A#1_v60_portato_noped_t1.wav,A#1,34,60,portato,0,1.196,1
data\piano_phase3\A#1\A#1_v30_sustain_ped_t1.wav,A#1,34,30,sustain,1,1.838,1
data\piano_phase3\A#1\A#1_v110_legato_ped_t1.wav,A#1,34,110,legato,1,2.321,1
data\piano_phase3\A#1\A#1_v30_staccato_noped_t1.wav,A#1,34,30,staccato,0,0.762,1
data\piano_phase3\A#1\A#1_v110_staccato_noped_t1.wav,A#1,34,110,staccato,0,0.753,1
data\piano_phase3\A#1\A#1_v60_legato_noped_t1.wav,A#1,34,60,legato,0,2.318,1
data\piano_phase3\A#1\A#1_v60_sustain_noped_t1.wav,A#1,34,60,sustain,0,1.845,1
data\piano_phase3\A#1\A#1_v30_portato_noped_t1.wav,A#1,34,30,portato,0,1.198,1
data\piano_phase3\A#1\A#1_v90_portato_noped_t1.wav,A#1,34,90,portato,0,1.198,1
data\piano_phase3\A#1\A#1_v90_legato_noped_t1.wav,A#1,34,90,legato,0,2.32,1
data\piano_phase3\A#1\A#1_v30_sustain_noped_t1.wav,A#1,34,30,sustain,0,1.838,1
data\piano_phase3\A#1\A#1_v60_sustain_ped_t1.wav,A#1,34,60,sustain,1,1.845,1
data\piano_phase3\A#1\A#1_v90_staccato_ped_t1.wav,A#1,34,90,staccato,1,0.752,1
data\piano_phase3\A#1\A#1_v110_sustain_ped_t1.wav,A#1,34,110,sustain,1,1.853,1
data\piano_phase3\A#1\A#1_v30_portato_ped_t1.wav,A#1,34,30,portato,1,1.198,1
data\piano_phase3\A#1\A#1_v90_legato_ped_t1.wav,A#1,34,90,legato,1,2.32,1
data\piano_phase3\B1\B1_v90_sustain_noped_t1.wav,B1,35,90,sustain,0,1.778,1
data\piano_phase3\B1\B1_v30_portato_ped_t1.wav,B1,35,30,portato,1,1.121,1
data\piano_phase3\B1\B1_v90_legato_ped_t1.wav,B1,35,90,legato,1,2.28,1
data\piano_phase3\B1\B1_v110_legato_ped_t1.wav,B1,35,110,legato,1,2.281,1
data\piano_phase3\B1\B1_v30_portato_noped_t1.wav,B1,35,30,portato,0,1.121,1
data\piano_phase3\B1\B1_v90_legato_noped_t1.wav,B1,35,90,legato,0,2.28,1
data\piano_phase3\B1\B1_v90_portato_ped_t1.wav,B1,35,90,portato,1,1.125,1
data\piano_phase3\B1\B1_v90_staccato_noped_t1.wav,B1,35,90,staccato,0,0.701,1
data\piano_phase3\B1\B1_v90_portato_noped_t1.wav,B1,35,90,portato,0,1.125,1
data\piano_phase3\B1\B1_v110_sustain_noped_t1.wav,B1,35,110,sustain,0,1.779,1
data\piano_phase3\B1\B1_v30_sustain_ped_t1.wav,B1,35,30,sustain,1,1.796,1
data\piano_phase3\B1\B1_v30_sustain_noped_t1.wav,B1,35,30,sustain,0,1.796,1
data\piano_phase3\B1\B1_v90_staccato_ped_t1.wav,B1,35,90,staccato,1,0.701,1
data\piano_phase3\B1\B1_v110_sustain_ped_t1.wav,B1,35,110,sustain,1,1.779,1
data\piano_phase3\B1\B1_v60_sustain_ped_t1.wav,B1,35,60,sustain,1,1.775,1
data\piano_phase3\B1\B1_v60_staccato_noped_t1.wav,B1,35,60,staccato,0,0.701,1
data\piano_phase3\B1\B1_v60_portato_noped_t1.wav,B1,35,60,portato,0,1.119,1
data\piano_phase3\B1\B1_v60_sustain_noped_t1.wav,B1,35,60,sustain,0,1.775,1
data\piano_phase3\B1\B1_v110_staccato_ped_t1.wav,B1,35,110,staccato,1,0.702,1
data\piano_phase3\B1\B1_v30_staccato_noped_t1.wav,B1,35,30,staccato,0,0.694,1
data\piano_phase3\B1\B1_v90_sustain_ped_t1.wav,B1,35,90,sustain,1,1.778,1
data\piano_phase3\B1\B1_v110_portato_noped_t1.wav,B1,35,110,portato,0,1.125,1
data\piano_phase3\C2\C2_v60_legato_ped_t1.wav,C2,36,60,legato,1,2.285,1
data\piano_phase3\C2\C2_v30_legato_ped_t1.wav,C2,36,30,legato,1,2.268,1
data\piano_phase3\C2\C2_v60_staccato_ped_t1.wav,C2,36,60,staccato,1,0.703,1
data\piano_phase3\C2\C2_v30_sustain_noped_t1.wav,C2,36,30,sustain,0,1.788,1
data\piano_phase3\C2\C2_v110_legato_ped_t1.wav,C2,36,110,legato,1,2.285,1
data\piano_phase3\C2\C2_v110_staccato_noped_t1.wav,C2,36,110,staccato,0,0.704,1
data\piano_phase3\C2\C2_v90_legato_noped_t1.wav,C2,36,90,legato,0,2.286,1
data\piano_phase3\C2\C2_v110_portato_noped_t1.wav,C2,36,110,portato,0,1.126,1
data\piano_phase3\C2\C2_v30_sustain_ped_t1.wav,C2,36,30,sustain,1,1.788,1
data\piano_phase3\C2\C2_v90_sustain_noped_t1.wav,C2,36,90,sustain,0,1.779,1
data\piano_phase3\C2\C2_v60_legato_noped_t1.wav,C2,36,60,legato,0,2.285,1
data\piano_phase3\C2\C2_v90_sustain_ped_t1.wav,C2,36,90,sustain,1,1.779,1
data\piano_phase3\C2\C2_v30_staccato_noped_t1.wav,C2,36,30,staccato,0,0.694,1
data\piano_phase3\C2\C2_v90_staccato_ped_t1.wav,C2,36,90,staccato,1,0.703,1
data\piano_phase3\C2\C2_v110_portato_ped_t1.wav,C2,36,110,portato,1,1.126,1
data\piano_phase3\C2\C2_v30_staccato_ped_t1.wav,C2,36,30,staccato,1,0.694,1
data\piano_phase3\C2\C2_v60_staccato_noped_t1.wav,C2,36,60,staccato,0,0.703,1
data\piano_phase3\C2\C2_v30_legato_noped_t1.wav,C2,36,30,legato,0,2.268,1
data\piano_phase3\C2\C2_v90_portato_noped_t1.wav,C2,36,90,portato,0,1.125,1
data\piano_phase3\C2\C2_v60_sustain_noped_t1.wav,C2,36,60,sustain,0,1.778,1
data\piano_phase3\C2\C2_v110_legato_noped_t1.wav,C2,36,110,legato,0,2.285,1
data\piano_phase3\C2\C2_v90_staccato_noped_t1.wav,C2,36,90,staccato,0,0.703,1
data\piano_phase3\C#2\C#2_v60_legato_ped_t1.wav,C#2,37,60,legato,1,2.284,1
data\piano_phase3\C#2\C#2_v110_portato_noped_t1.wav,C#2,37,110,portato,0,1.12,1
data\piano_phase3\C#2\C#2_v30_portato_noped_t1.wav,C#2,37,30,portato,0,1.124,1
data\piano_phase3\C#2\C#2_v30_staccato_ped_t1.wav,C#2,37,30,staccato,1,0.688,1
data\piano_phase3\C#2\C#2_v30_legato_ped_t1.wav,C#2,37,30,legato,1,2.262,1
data\piano_phase3\C#2\C#2_v60_legato_noped_t1.wav,C#2,37,60,legato,0,2.284,1
data\piano_phase3\C#2\C#2_v110_legato_noped_t1.wav,C#2,37,110,legato,0,2.291,1
data\piano_phase3\C#2\C#2_v110_staccato_noped_t1.wav,C#2,37,110,staccato,0,0.704,1
data\piano_phase3\C#2\C#2_v90_sustain_noped_t1.wav,C#2,37,90,sustain,0,1.777,1
data\piano_phase3\C#2\C#2_v30_portato_ped_t1.wav,C#2,37,30,portato,1,1.124,1
data\piano_phase3\C#2\C#2_v60_portato_ped_t1.wav,C#2,37,60,portato,1,1.12,1
data\piano_phase3\C#2\C#2_v110_sustain_noped_t1.wav,C#2,37,110,sustain,0,1.778,1
data\piano_phase3\C#2\C#2_v30_staccato_noped_t1.wav,C#2,37,30,staccato,0,0.688,1
data\piano_phase3\C#2\C#2_v110_legato_ped_t1.wav,C#2,37,110,legato,1,2.291,1
data\piano_phase3\C#2\C#2_v60_staccato_noped_t1.wav,C#2,37,60,staccato,0,0.7,1
data\piano_phase3\C#2\C#2_v90_portato_noped_t1.wav,C#2,37,90,portato,0,1.119,1
data\piano_phase3\C#2\C#2_v90_legato_ped_t1.wav,C#2,37,90,legato,1,2.29,1
data\piano_phase3\C#2\C#2_v30_sustain_ped_t1.wav,C#2,37,30,sustain,1,1.773,1
data\piano_phase3\C#2\C#2_v110_staccato_ped_t1.wav,C#2,37,110,staccato,1,0.704,1
data\piano_phase3\C#2\C#2_v110_portato_ped_t1.wav,C#2,37,110,portato,1,1.12,1
data\piano_phase3\C#2\C#2_v30_legato_noped_t1.wav,C#2,37,30,legato,0,2.262,1
data\piano_phase3\C#2\C#2_v30_sustain_noped_t1.wav,C#2,37,30,sustain,0,1.773,1
data\piano_phase3\D2\D2_v30_sustain_ped_t1.wav,D2,38,30,sustain,1,1.843,1
data\piano_phase3\D2\D2_v110_portato_ped_t1.wav,D2,38,110,portato,1,1.177,1
data\piano_phase3\D2\D2_v90_legato_noped_t1.wav,D2,38,90,legato,0,2.318,1
data\piano_phase3\D2\D2_v90_staccato_ped_t1.wav,D2,38,90,staccato,1,0.738,1
data\piano_phase3\D2\D2_v60_portato_ped_t1.wav,D2,38,60,portato,1,1.189,1
data\piano_phase3\D2\D2_v90_legato_ped_t1.wav,D2,38,90,legato,1,2.318,1
data\piano_phase3\D2\D2_v60_staccato_noped_t1.wav,D2,38,60,staccato,0,0.736,1
data\piano_phase3\D2\D2_v60_sustain_noped_t1.wav,D2,38,60,sustain,0,1.837,1
data\piano_phase3\D2\D2_v60_legato_noped_t1.wav,D2,38,60,legato,0,2.317,1
data\piano_phase3\D2\D2_v90_portato_noped_t1.wav,D2,38,90,portato,0,1.178,1
data\piano_phase3\D2\D2_v60_sustain_ped_t1.wav,D2,38,60,sustain,1,1.837,1
data\piano_phase3\D2\D2_v60_legato_ped_t1.wav,D2,38,60,legato,1,2.317,1
data\piano_phase3\D2\D2_v110_staccato_ped_t1.wav,D2,38,110,staccato,1,0.737,1
data\piano_phase3\D2\D2_v110_staccato_noped_t1.wav,D2,38,110,staccato,0,0.737,1
data\piano_phase3\D2\D2_v30_portato_ped_t1.wav,D2,38,30,portato,1,1.187,1
data\piano_phase3\D2\D2_v30_staccato_ped_t1.wav,D2,38,30,staccato,1,0.747,1
data\piano_phase3\D2\D2_v30_staccato_noped_t1.wav,D2,38,30,staccato,0,0.747,1
data\piano_phase3\D2\D2_v30_sustain_noped_t1.wav,D2,38,30,sustain,0,1.843,1
data\piano_phase3\D2\D2_v30_legato_noped_t1.wav,D2,38,30,legato,0,2.327,1
data\piano_phase3\D2\D2_v110_portato_noped_t1.wav,D2,38,110,portato,0,1.177,1
data\piano_phase3\D2\D2_v110_sustain_noped_t1.wav,D2,38,110,sustain,0,1.826,1
data\piano_phase3\D2\D2_v30_legato_ped_t1.wav,D2,38,30,legato,1,2.327,1
data\piano_phase3\D#2\D#2_v30_portato_noped_t1.wav,D#2,39,30,portato,0,1.183,1
data\piano_phase3\D#2\D#2_v30_staccato_noped_t1.wav,D#2,39,30,staccato,0,0.742,1
data\piano_phase3\D#2\D#2_v110_legato_noped_t1.wav,D#2,39,110,legato,0,2.316,1
data\piano_phase3\D#2\D#2_v90_sustain_ped_t1.wav,D#2,39,90,sustain,1,1.834,1
data\piano_phase3\D#2\D#2_v90_portato_ped_t1.wav,D#2,39,90,portato,1,1.175,1
data\piano_phase3\D#2\D#2_v110_portato_ped_t1.wav,D#2,39,110,portato,1,1.174,1
data\piano_phase3\D#2\D#2_v110_portato_noped_t1.wav,D#2,39,110,portato,0,1.174,1
data\piano_phase3\D#2\D#2_v110_sustain_ped_t1.wav,D#2,39,110,sustain,1,1.834,1
data\piano_phase3\D#2\D#2_v60_legato_ped_t1.wav,D#2,39,60,legato,1,2.327,1
data\piano_phase3\D#2\D#2_v110_legato_ped_t1.wav,D#2,39,110,legato,1,2.316,1
data\piano_phase3\D#2\D#2_v60_staccato_noped_t1.wav,D#2,39,60,staccato,0,0.744,1
data\piano_phase3\D#2\D#2_v60_portato_ped_t1.wav,D#2,39,60,portato,1,1.185,1
data\piano_phase3\D#2\D#2_v60_staccato_ped_t1.wav,D#2,39,60,staccato,1,0.744,1
data\piano_phase3\D#2\D#2_v90_sustain_noped_t1.wav,D#2,39,90,sustain,0,1.834,1
data\piano_phase3\D#2\D#2_v60_sustain_noped_t1.wav,D#2,39,60,sustain,0,1.836,1
data\piano_phase3\D#2\D#2_v60_portato_noped_t1.wav,D#2,39,60,portato,0,1.185,1
data\piano_phase3\D#2\D#2_v90_portato_noped_t1.wav,D#2,39,90,portato,0,1.175,1
data\piano_phase3\D#2\D#2_v30_sustain_noped_t1.wav,D#2,39,30,sustain,0,1.841,1
data\piano_phase3\D#2\D#2_v90_legato_ped_t1.wav,D#2,39,90,legato,1,2.316,1
data\piano_phase3\D#2\D#2_v30_portato_ped_t1.wav,D#2,39,30,portato,1,1.183,1
data\piano_phase3\D#2\D#2_v110_sustain_noped_t1.wav,D#2,39,110,sustain,0,1.834,1
data\piano_phase3\D#2\D#2_v90_staccato_ped_t1.wav,D#2,39,90,staccato,1,0.734,1
data\piano_phase3\E2\E2_v30_sustain_ped_t1.wav,E2,40,30,sustain,1,1.835,1
data\piano_phase3\E2\E2_v30_staccato_noped_t1.wav,E2,40,30,staccato,0,0.741,1
data\piano_phase3\E2\E2_v90_portato_ped_t1.wav,E2,40,90,portato,1,1.169,1
data\piano_phase3\E2\E2_v110_portato_noped_t1.wav,E2,40,110,portato,0,1.169,1
data\piano_phase3\E2\E2_v110_portato_ped_t1.wav,E2,40,110,portato,1,1.169,1
data\piano_phase3\E2\E2_v110_legato_ped_t1.wav,E2,40,110,legato,1,2.331,1
data\piano_phase3\E2\E2_v90_sustain_ped_t1.wav,E2,40,90,sustain,1,1.828,1
data\piano_phase3\E2\E2_v60_sustain_noped_t1.wav,E2,40,60,sustain,0,1.83,1
data\piano_phase3\E2\E2_v30_staccato_ped_t1.wav,E2,40,30,staccato,1,0.741,1
data\piano_phase3\E2\E2_v60_sustain_ped_t1.wav,E2,40,60,sustain,1,1.83,1
data\piano_phase3\E2\E2_v90_legato_ped_t1.wav,E2,40,90,legato,1,2.331,1
data\piano_phase3\E2\E2_v60_portato_ped_t1.wav,E2,40,60,portato,1,1.175,1
data\piano_phase3\E2\E2_v30_legato_noped_t1.wav,E2,40,30,legato,0,2.352,1
data\piano_phase3\E2\E2_v30_portato_ped_t1.wav,E2,40,30,portato,1,1.185,1
data\piano_phase3\E2\E2_v110_sustain_noped_t1.wav,E2,40,110,sustain,0,1.828,1
data\piano_phase3\E2\E2_v30_sustain_noped_t1.wav,E2,40,30,sustain,0,1.835,1
data\piano_phase3\E2\E2_v90_legato_noped_t1.wav,E2,40,90,legato,0,2.331,1
data\piano_phase3\E2\E2_v90_portato_noped_t1.wav,E2,40,90,portato,0,1.169,1
data\piano_phase3\E2\E2_v60_portato_noped_t1.wav,E2,40,60,portato,0,1.175,1
data\piano_phase3\E2\E2_v110_sustain_ped_t1.wav,E2,40,110,sustain,1,1.828,1
data\piano_phase3\E2\E2_v110_staccato_ped_t1.wav,E2,40,110,staccato,1,0.728,1
data\piano_phase3\E2\E2_v60_staccato_ped_t1.wav,E2,40,60,staccato,1,0.738,1
data\piano_phase3\F2\F2_v30_portato_noped_t1.wav,F2,41,30,portato,0,1.193,1
data\piano_phase3\F2\F2_v90_legato_ped_t1.wav,F2,41,90,legato,1,2.312,1
data\piano_phase3\F2\F2_v90_staccato_ped_t1.wav,F2,41,90,staccato,1,0.734,1
data\piano_phase3\F2\F2_v30_staccato_ped_t1.wav,F2,41,30,staccato,1,0.737,1
data\piano_phase3\F2\F2_v90_staccato_noped_t1.wav,F2,41,90,staccato,0,0.734,1
data\piano_phase3\F2\F2_v60_staccato_noped_t1.wav,F2,41,60,staccato,0,0.74,1
data\piano_phase3\F2\F2_v60_portato_noped_t1.wav,F2,41,60,portato,0,1.196,1
data\piano_phase3\F2\F2_v30_sustain_ped_t1.wav,F2,41,30,sustain,1,1.838,1
data\piano_phase3\F2\F2_v90_portato_ped_t1.wav,F2,41,90,portato,1,1.189,1
data\piano_phase3\F2\F2_v90_sustain_noped_t1.wav,F2,41,90,sustain,0,1.834,1
data\piano_phase3\F2\F2_v60_legato_noped_t1.wav,F2,41,60,legato,0,2.313,1
data\piano_phase3\F2\F2_v30_legato_noped_t1.wav,F2,41,30,legato,0,2.301,1
data\piano_phase3\F2\F2_v30_sustain_noped_t1.wav,F2,41,30,sustain,0,1.838,1
data\piano_phase3\F2\F2_v30_portato_ped_t1.wav,F2,41,30,portato,1,1.193,1
data\piano_phase3\F2\F2_v90_sustain_ped_t1.wav,F2,41,90,sustain,1,1.834,1
data\piano_phase3\F2\F2_v30_legato_ped_t1.wav,F2,41,30,legato,1,2.301,1
data\piano_phase3\F2\F2_v110_sustain_ped_t1.wav,F2,41,110,sustain,1,1.831,1
data\piano_phase3\F2\F2_v110_staccato_ped_t1.wav,F2,41,110,staccato,1,0.728,1
data\piano_phase3\F2\F2_v60_staccato_ped_t1.wav,F2,41,60,staccato,1,0.74,1
data\piano_phase3\F2\F2_v60_portato_ped_t1.wav,F2,41,60,portato,1,1.196,1
data\piano_phase3\F2\F2_v110_portato_ped_t1.wav,F2,41,110,portato,1,1.184,1
data\piano_phase3\F2\F2_v60_legato_ped_t1.wav,F2,41,60,legato,1,2.313,1
data\piano_phase3\F#2\F#2_v110_portato_ped_t1.wav,F#2,42,110,portato,1,1.183,1
data\piano_phase3\F#2\F#2_v90_legato_noped_t1.wav,F#2,42,90,legato,0,2.309,1
data\piano_phase3\F#2\F#2_v110_staccato_noped_t1.wav,F#2,42,110,staccato,0,0.727,1
data\piano_phase3\F#2\F#2_v60_portato_ped_t1.wav,F#2,42,60,portato,1,1.194,1
data\piano_phase3\F#2\F#2_v90_legato_ped_t1.wav,F#2,42,90,legato,1,2.309,1
data\piano_phase3\F#2\F#2_v110_staccato_ped_t1.wav,F#2,42,110,staccato,1,0.727,1
data\piano_phase3\F#2\F#2_v90_staccato_ped_t1.wav,F#2,42,90,staccato,1,0.73,1
data\piano_phase3\F#2\F#2_v60_staccato_ped_t1.wav,F#2,42,60,staccato,1,0.739,1
data\piano_phase3\F#2\F#2_v60_legato_ped_t1.wav,F#2,42,60,legato,1,2.315,1
data\piano_phase3\F#2\F#2_v110_portato_noped_t1.wav,F#2,42,110,portato,0,1.183,1
data\piano_phase3\F#2\F#2_v30_legato_noped_t1.wav,F#2,42,30,legato,0,2.297,1
data\piano_phase3\F#2\F#2_v90_staccato_noped_t1.wav,F#2,42,90,staccato,0,0.73,1
data\piano_phase3\F#2\F#2_v90_portato_ped_t1.wav,F#2,42,90,portato,1,1.187,1
data\piano_phase3\F#2\F#2_v30_legato_ped_t1.wav,F#2,42,30,legato,1,2.297,1
data\piano_phase3\F#2\F#2_v30_portato_ped_t1.wav,F#2,42,30,portato,1,1.192,1
data\piano_phase3\F#2\F#2_v60_portato_noped_t1.wav,F#2,42,60,portato,0,1.194,1
data\piano_phase3\F#2\F#2_v110_legato_noped_t1.wav,F#2,42,110,legato,0,2.299,1
data\piano_phase3\F#2\F#2_v60_staccato_noped_t1.wav,F#2,42,60,staccato,0,0.739,1
data\piano_phase3\F#2\F#2_v110_legato_ped_t1.wav,F#2,42,110,legato,1,2.299,1
data\piano_phase3\F#2\F#2_v30_sustain_ped_t1.wav,F#2,42,30,sustain,1,1.829,1
data\piano_phase3\F#2\F#2_v60_legato_noped_t1.wav,F#2,42,60,legato,0,2.315,1
data\piano_phase3\F#2\F#2_v30_sustain_noped_t1.wav,F#2,42,30,sustain,0,1.829,1
data\piano_phase3\G2\G2_v60_legato_noped_t1.wav,G2,43,60,legato,0,2.304,1
data\piano_phase3\G2\G2_v60_staccato_noped_t1.wav,G2,43,60,staccato,0,0.739,1
data\piano_phase3\G2\G2_v60_portato_ped_t1.wav,G2,43,60,portato,1,1.19,1
data\piano_phase3\G2\G2_v60_sustain_ped_t1.wav,G2,43,60,sustain,1,1.832,1
data\piano_phase3\G2\G2_v110_portato_noped_t1.wav,G2,43,110,portato,0,1.18,1
data\piano_phase3\G2\G2_v90_sustain_ped_t1.wav,G2,43,90,sustain,1,1.827,1
data\piano_phase3\G2\G2_v60_sustain_noped_t1.wav,G2,43,60,sustain,0,1.832,1
data\piano_phase3\G2\G2_v110_sustain_noped_t1.wav,G2,43,110,sustain,0,1.822,1
data\piano_phase3\G2\G2_v30_sustain_ped_t1.wav,G2,43,30,sustain,1,1.825,1
data\piano_phase3\G2\G2_v90_staccato_noped_t1.wav,G2,43,90,staccato,0,0.732,1
data\piano_phase3\G2\G2_v90_staccato_ped_t1.wav,G2,43,90,staccato,1,0.732,1
data\piano_phase3\G2\G2_v30_portato_ped_t1.wav,G2,43,30,portato,1,1.187,1
data\piano_phase3\G2\G2_v60_staccato_ped_t1.wav,G2,43,60,staccato,1,0.739,1
data\piano_phase3\G2\G2_v110_staccato_ped_t1.wav,G2,43,110,staccato,1,0.728,1
data\piano_phase3\G2\G2_v60_portato_noped_t1.wav,G2,43,60,portato,0,1.19,1
data\piano_phase3\G2\G2_v60_legato_ped_t1.wav,G2,43,60,legato,1,2.304,1
data\piano_phase3\G2\G2_v90_portato_noped_t1.wav,G2,43,90,portato,0,1.188,1
data\piano_phase3\G2\G2_v110_legato_ped_t1.wav,G2,43,110,legato,1,2.293,1
data\piano_phase3\G2\G2_v30_sustain_noped_t1.wav,G2,43,30,sustain,0,1.825,1
data\piano_phase3\G2\G2_v90_portato_ped_t1.wav,G2,43,90,portato,1,1.188,1
data\piano_phase3\G2\G2_v90_legato_ped_t1.wav,G2,43,90,legato,1,2.299,1
data\piano_phase3\G2\G2_v30_legato_noped_t1.wav,G2,43,30,legato,0,2.292,1
data\piano_phase3\G#2\G#2_v30_sustain_noped_t1.wav,G#2,44,30,sustain,0,1.854,1
data\piano_phase3\G#2\G#2_v110_staccato_noped_t1.wav,G#2,44,110,staccato,0,0.752,1
data\piano_phase3\G#2\G#2_v90_staccato_ped_t1.wav,G#2,44,90,staccato,1,0.752,1
data\piano_phase3\G#2\G#2_v110_staccato_ped_t1.wav,G#2,44,110,staccato,1,0.752,1
data\piano_phase3\G#2\G#2_v90_portato_ped_t1.wav,G#2,44,90,portato,1,1.202,1
data\piano_phase3\G#2\G#2_v90_staccato_noped_t1.wav,G#2,44,90,staccato,0,0.752,1
data\piano_phase3\G#2\G#2_v30_staccato_noped_t1.wav,G#2,44,30,staccato,0,0.76,1
data\piano_phase3\G#2\G#2_v60_portato_ped_t1.wav,G#2,44,60,portato,1,1.202,1
data\piano_phase3\G#2\G#2_v60_sustain_ped_t1.wav,G#2,44,60,sustain,1,1.855,1
data\piano_phase3\G#2\G#2_v60_legato_ped_t1.wav,G#2,44,60,legato,1,2.349,1
data\piano_phase3\G#2\G#2_v60_legato_noped_t1.wav,G#2,44,60,legato,0,2.349,1
data\piano_phase3\G#2\G#2_v60_portato_noped_t1.wav,G#2,44,60,portato,0,1.202,1
data\piano_phase3\G#2\G#2_v90_legato_ped_t1.wav,G#2,44,90,legato,1,2.344,1
data\piano_phase3\G#2\G#2_v60_staccato_noped_t1.wav,G#2,44,60,staccato,0,0.756,1
data\piano_phase3\G#2\G#2_v30_sustain_ped_t1.wav,G#2,44,30,sustain,1,1.854,1
data\piano_phase3\G#2\G#2_v110_legato_ped_t1.wav,G#2,44,110,legato,1,2.34,1
data\piano_phase3\G#2\G#2_v110_portato_ped_t1.wav,G#2,44,110,portato,1,1.196,1
data\piano_phase3\G#2\G#2_v110_legato_noped_t1.wav,G#2,44,110,legato,0,2.34,1
data\piano_phase3\G#2\G#2_v30_portato_ped_t1.wav,G#2,44,30,portato,1,1.204,1
data\piano_phase3\G#2\G#2_v30_legato_ped_t1.wav,G#2,44,30,legato,1,2.357,1
data\piano_phase3\G#2\G#2_v90_sustain_noped_t1.wav,G#2,44,90,sustain,0,1.845,1
data\piano_phase3\G#2\G#2_v110_sustain_noped_t1.wav,G#2,44,110,sustain,0,1.84,1
data\piano_phase3\A2\A2_v60_sustain_noped_t1.wav,A2,45,60,sustain,0,1.853,1
data\piano_phase3\A2\A2_v90_sustain_ped_t1.wav,A2,45,90,sustain,1,1.845,1
data\piano_phase3\A2\A2_v60_staccato_ped_t1.wav,A2,45,60,staccato,1,0.757,1
data\piano_phase3\A2\A2_v110_legato_noped_t1.wav,A2,45,110,legato,0,2.344,1
data\piano_phase3\A2\A2_v30_portato_noped_t1.wav,A2,45,30,portato,0,1.202,1
data\piano_phase3\A2\A2_v110_staccato_ped_t1.wav,A2,45,110,staccato,1,0.749,1
data\piano_phase3\A2\A2_v30_staccato_noped_t1.wav,A2,45,30,staccato,0,0.756,1
data\piano_phase3\A2\A2_v110_portato_ped_t1.wav,A2,45,110,portato,1,1.192,1
data\piano_phase3\A2\A2_v30_legato_noped_t1.wav,A2,45,30,legato,0,2.351,1
data\piano_phase3\A2\A2_v60_portato_ped_t1.wav,A2,45,60,portato,1,1.194,1
data\piano_phase3\A2\A2_v30_portato_ped_t1.wav,A2,45,30,portato,1,1.202,1
data\piano_phase3\A2\A2_v110_staccato_noped_t1.wav,A2,45,110,staccato,0,0.749,1
data\piano_phase3\A2\A2_v110_legato_ped_t1.wav,A2,45,110,legato,1,2.344,1
data\piano_phase3\A2\A2_v30_staccato_ped_t1.wav,A2,45,30,staccato,1,0.756,1
data\piano_phase3\A2\A2_v90_portato_noped_t1.wav,A2,45,90,portato,0,1.192,1
data\piano_phase3\A2\A2_v30_legato_ped_t1.wav,A2,45,30,legato,1,2.351,1
data\piano_phase3\A2\A2_v60_portato_noped_t1.wav,A2,45,60,portato,0,1.194,1
data\piano_phase3\A2\A2_v110_portato_noped_t1.wav,A2,45,110,portato,0,1.192,1
data\piano_phase3\A2\A2_v110_sustain_noped_t1.wav,A2,45,110,sustain,0,1.846,1
data\piano_phase3\A2\A2_v60_legato_noped_t1.wav,A2,45,60,legato,0,2.347,1
data\piano_phase3\A2\A2_v60_legato_ped_t1.wav,A2,45,60,legato,1,2.347,1
data\piano_phase3\A2\A2_v90_staccato_ped_t1.wav,A2,45,90,staccato,1,0.751,1
data\piano_phase3\A#2\A#2_v110_staccato_noped_t1.wav,A#2,46,110,staccato,0,0.744,1
data\piano_phase3\A#2\A#2_v90_sustain_noped_t1.wav,A#2,46,90,sustain,0,1.847,1
data\piano_phase3\A#2\A#2_v30_sustain_noped_t1.wav,A#2,46,30,sustain,0,1.863,1
data\piano_phase3\A#2\A#2_v30_sustain_ped_t1.wav,A#2,46,30,sustain,1,1.863,1
data\piano_phase3\A#2\A#2_v30_portato_ped_t1.wav,A#2,46,30,portato,1,1.212,1
data\piano_phase3\A#2\A#2_v60_staccato_ped_t1.wav,A#2,46,60,staccato,1,0.752,1
data\piano_phase3\A#2\A#2_v110_portato_noped_t1.wav,A#2,46,110,portato,0,1.188,1
data\piano_phase3\A#2\A#2_v30_staccato_ped_t1.wav,A#2,46,30,staccato,1,0.759,1
data\piano_phase3\A#2\A#2_v110_legato_noped_t1.wav,A#2,46,110,legato,0,2.335,1
data\piano_phase3\A#2\A#2_v60_sustain_noped_t1.wav,A#2,46,60,sustain,0,1.856,1
data\piano_phase3\A#2\A#2_v90_legato_ped_t1.wav,A#2,46,90,legato,1,2.335,1
data\piano_phase3\A#2\A#2_v60_legato_noped_t1.wav,A#2,46,60,legato,0,2.338,1
data\piano_phase3\A#2\A#2_v110_sustain_noped_t1.wav,A#2,46,110,sustain,0,1.848,1
data\piano_phase3\A#2\A#2_v90_sustain_ped_t1.wav,A#2,46,90,sustain,1,1.847,1
data\piano_phase3\A#2\A#2_v60_portato_ped_t1.wav,A#2,46,60,portato,1,1.196,1
data\piano_phase3\A#2\A#2_v90_portato_noped_t1.wav,A#2,46,90,portato,0,1.195,1
data\piano_phase3\A#2\A#2_v60_legato_ped_t1.wav,A#2,46,60,legato,1,2.338,1
data\piano_phase3\A#2\A#2_v60_sustain_ped_t1.wav,A#2,46,60,sustain,1,1.856,1
data\piano_phase3\A#2\A#2_v30_legato_ped_t1.wav,A#2,46,30,legato,1,2.351,1
data\piano_phase3\A#2\A#2_v30_portato_noped_t1.wav,A#2,46,30,portato,0,1.212,1
data\piano_phase3\A#2\A#2_v30_legato_noped_t1.wav,A#2,46,30,legato,0,2.351,1
data\piano_phase3\A#2\A#2_v90_staccato_noped_t1.wav,A#2,46,90,staccato,0,0.746,1
data\piano_phase3\B2\B2_v110_portato_ped_t1.wav,B2,47,110,portato,1,1.14,1
data\piano_phase3\B2\B2_v60_sustain_noped_t1.wav,B2,47,60,sustain,0,1.796,1
data\piano_phase3\B2\B2_v30_staccato_noped_t1.wav,B2,47,30,staccato,0,0.668,1
data\piano_phase3\B2\B2_v60_legato_ped_t1.wav,B2,47,60,legato,1,2.258,1
data\piano_phase3\B2\B2_v30_sustain_noped_t1.wav,B2,47,30,sustain,0,1.78,1
data\piano_phase3\B2\B2_v90_sustain_ped_t1.wav,B2,47,90,sustain,1,1.796,1
data\piano_phase3\B2\B2_v110_staccato_noped_t1.wav,B2,47,110,staccato,0,0.694,1
data\piano_phase3\B2\B2_v110_staccato_ped_t1.wav,B2,47,110,staccato,1,0.694,1
data\piano_phase3\B2\B2_v90_portato_ped_t1.wav,B2,47,90,portato,1,1.14,1
data\piano_phase3\B2\B2_v110_sustain_ped_t1.wav,B2,47,110,sustain,1,1.796,1
data\piano_phase3\B2\B2_v30_portato_noped_t1.wav,B2,47,30,portato,0,1.131,1
data\piano_phase3\B2\B2_v90_portato_noped_t1.wav,B2,47,90,portato,0,1.14,1
data\piano_phase3\B2\B2_v110_portato_noped_t1.wav,B2,47,110,portato,0,1.14,1
data\piano_phase3\B2\B2_v30_staccato_ped_t1.wav,B2,47,30,staccato,1,0.668,1
data\piano_phase3\B2\B2_v30_sustain_ped_t1.wav,B2,47,30,sustain,1,1.78,1
data\piano_phase3\B2\B2_v30_legato_noped_t1.wav,B2,47,30,legato,0,2.251,1
data\piano_phase3\B2\B2_v30_portato_ped_t1.wav,B2,47,30,portato,1,1.131,1
data\piano_phase3\B2\B2_v30_legato_ped_t1.wav,B2,47,30,legato,1,2.251,1
data\piano_phase3\B2\B2_v90_sustain_noped_t1.wav,B2,47,90,sustain,0,1.796,1
data\piano_phase3\B2\B2_v60_staccato_ped_t1.wav,B2,47,60,staccato,1,0.687,1
data\piano_phase3\B2\B2_v60_staccato_noped_t1.wav,B2,47,60,staccato,0,0.687,1
data\piano_phase3\B2\B2_v60_legato_noped_t1.wav,B2,47,60,legato,0,2.258,1
data\piano_phase3\C3\C3_v30_legato_noped_t1.wav,C3,48,30,legato,0,2.251,1
data\piano_phase3\C3\C3_v110_sustain_ped_t1.wav,C3,48,110,sustain,1,1.792,1
data\piano_phase3\C3\C3_v110_staccato_ped_t1.wav,C3,48,110,staccato,1,0.691,1
data\piano_phase3\C3\C3_v90_staccato_noped_t1.wav,C3,48,90,staccato,0,0.696,1
data\piano_phase3\C3\C3_v30_portato_noped_t1.wav,C3,48,30,portato,0,1.125,1
data\piano_phase3\C3\C3_v60_legato_noped_t1.wav,C3,48,60,legato,0,2.258,1
data\piano_phase3\C3\C3_v90_sustain_noped_t1.wav,C3,48,90,sustain,0,1.792,1
data\piano_phase3\C3\C3_v110_sustain_noped_t1.wav,C3,48,110,sustain,0,1.792,1
data\piano_phase3\C3\C3_v60_sustain_noped_t1.wav,C3,48,60,sustain,0,1.792,1
data\piano_phase3\C3\C3_v60_portato_noped_t1.wav,C3,48,60,portato,0,1.14,1
data\piano_phase3\C3\C3_v110_legato_noped_t1.wav,C3,48,110,legato,0,2.258,1
data\piano_phase3\C3\C3_v90_portato_ped_t1.wav,C3,48,90,portato,1,1.147,1
data\piano_phase3\C3\C3_v110_legato_ped_t1.wav,C3,48,110,legato,1,2.258,1
data\piano_phase3\C3\C3_v110_portato_noped_t1.wav,C3,48,110,portato,0,1.14,1
data\piano_phase3\C3\C3_v60_sustain_ped_t1.wav,C3,48,60,sustain,1,1.792,1
data\piano_phase3\C3\C3_v30_portato_ped_t1.wav,C3,48,30,portato,1,1.125,1
data\piano_phase3\C3\C3_v60_legato_ped_t1.wav,C3,48,60,legato,1,2.258,1
data\piano_phase3\C3\C3_v90_legato_ped_t1.wav,C3,48,90,legato,1,2.258,1
data\piano_phase3\C3\C3_v110_portato_ped_t1.wav,C3,48,110,portato,1,1.14,1
data\piano_phase3\C3\C3_v110_staccato_noped_t1.wav,C3,48,110,staccato,0,0.691,1
data\piano_phase3\C3\C3_v90_sustain_ped_t1.wav,C3,48,90,sustain,1,1.792,1
data\piano_phase3\C3\C3_v30_staccato_ped_t1.wav,C3,48,30,staccato,1,0.674,1
data\piano_phase3\C#3\C#3_v110_legato_ped_t1.wav,C#3,49,110,legato,1,2.264,1
data\piano_phase3\C#3\C#3_v110_portato_ped_t1.wav,C#3,49,110,portato,1,1.139,1
data\piano_phase3\C#3\C#3_v90_legato_noped_t1.wav,C#3,49,90,legato,0,2.263,1
data\piano_phase3\C#3\C#3_v30_sustain_ped_t1.wav,C#3,49,30,sustain,1,1.774,1
data\piano_phase3\C#3\C#3_v30_staccato_noped_t1.wav,C#3,49,30,staccato,0,0.669,1
data\piano_phase3\C#3\C#3_v90_staccato_noped_t1.wav,C#3,49,90,staccato,0,0.69,1
data\piano_phase3\C#3\C#3_v60_portato_noped_t1.wav,C#3,49,60,portato,0,1.138,1
data\piano_phase3\C#3\C#3_v110_portato_noped_t1.wav,C#3,49,110,portato,0,1.139,1
data\piano_phase3\C#3\C#3_v60_legato_noped_t1.wav,C#3,49,60,legato,0,2.258,1
data\piano_phase3\C#3\C#3_v90_legato_ped_t1.wav,C#3,49,90,legato,1,2.263,1
data\piano_phase3\C#3\C#3_v60_portato_ped_t1.wav,C#3,49,60,portato,1,1.138,1
data\piano_phase3\C#3\C#3_v110_legato_noped_t1.wav,C#3,49,110,legato,0,2.264,1
data\piano_phase3\C#3\C#3_v30_legato_noped_t1.wav,C#3,49,30,legato,0,2.244,1
data\piano_phase3\C#3\C#3_v60_staccato_noped_t1.wav,C#3,49,60,staccato,0,0.69,1
data\piano_phase3\C#3\C#3_v60_sustain_noped_t1.wav,C#3,49,60,sustain,0,1.788,1
data\piano_phase3\C#3\C#3_v90_portato_ped_t1.wav,C#3,49,90,portato,1,1.138,1
data\piano_phase3\C#3\C#3_v60_sustain_ped_t1.wav,C#3,49,60,sustain,1,1.788,1
data\piano_phase3\C#3\C#3_v90_staccato_ped_t1.wav,C#3,49,90,staccato,1,0.69,1
data\piano_phase3\C#3\C#3_v30_portato_ped_t1.wav,C#3,49,30,portato,1,1.13,1
data\piano_phase3\C#3\C#3_v30_legato_ped_t1.wav,C#3,49,30,legato,1,2.244,1
data\piano_phase3\C#3\C#3_v110_sustain_ped_t1.wav,C#3,49,110,sustain,1,1.788,1
data\piano_phase3\C#3\C#3_v60_staccato_ped_t1.wav,C#3,49,60,staccato,1,0.69,1
data\piano_phase3\D3\D3_v110_staccato_noped_t1.wav,D3,50,110,staccato,0,0.744,1
data\piano_phase3\D3\D3_v90_legato_noped_t1.wav,D3,50,90,legato,0,2.278,1
data\piano_phase3\D3\D3_v60_staccato_noped_t1.wav,D3,50,60,staccato,0,0.744,1
data\piano_phase3\D3\D3_v110_staccato_ped_t1.wav,D3,50,110,staccato,1,0.744,1
data\piano_phase3\D3\D3_v60_portato_noped_t1.wav,D3,50,60,portato,0,1.175,1
data\piano_phase3\D3\D3_v90_legato_ped_t1.wav,D3,50,90,legato,1,2.278,1
data\piano_phase3\D3\D3_v30_legato_noped_t1.wav,D3,50,30,legato,0,2.284,1
data\piano_phase3\D3\D3_v60_sustain_noped_t1.wav,D3,50,60,sustain,0,1.812,1
data\piano_phase3\D3\D3_v30_portato_ped_t1.wav,D3,50,30,portato,1,1.181,1
data\piano_phase3\D3\D3_v110_legato_ped_t1.wav,D3,50,110,legato,1,2.27,1
data\piano_phase3\D3\D3_v90_portato_noped_t1.wav,D3,50,90,portato,0,1.175,1
data\piano_phase3\D3\D3_v110_legato_noped_t1.wav,D3,50,110,legato,0,2.27,1
data\piano_phase3\D3\D3_v90_sustain_noped_t1.wav,D3,50,90,sustain,0,1.812,1
data\piano_phase3\D3\D3_v60_portato_ped_t1.wav,D3,50,60,portato,1,1.175,1
data\piano_phase3\D3\D3_v30_sustain_noped_t1.wav,D3,50,30,sustain,0,1.818,1
data\piano_phase3\D3\D3_v110_portato_ped_t1.wav,D3,50,110,portato,1,1.167,1
data\piano_phase3\D3\D3_v30_staccato_ped_t1.wav,D3,50,30,staccato,1,0.748,1
data\piano_phase3\D3\D3_v60_staccato_ped_t1.wav,D3,50,60,staccato,1,0.744,1
data\piano_phase3\D3\D3_v60_legato_ped_t1.wav,D3,50,60,legato,1,2.277,1
data\piano_phase3\D3\D3_v90_portato_ped_t1.wav,D3,50,90,portato,1,1.175,1
data\piano_phase3\D3\D3_v60_legato_noped_t1.wav,D3,50,60,legato,0,2.277,1
data\piano_phase3\D3\D3_v60_sustain_ped_t1.wav,D3,50,60,sustain,1,1.812,1
data\piano_phase3\D#3\D#3_v90_legato_ped_t1.wav,D#3,51,90,legato,1,2.267,1
data\piano_phase3\D#3\D#3_v60_portato_noped_t1.wav,D#3,51,60,portato,0,1.172,1
data\piano_phase3\D#3\D#3_v60_sustain_ped_t1.wav,D#3,51,60,sustain,1,1.818,1
data\piano_phase3\D#3\D#3_v110_staccato_ped_t1.wav,D#3,51,110,staccato,1,0.74,1
data\piano_phase3\D#3\D#3_v90_staccato_ped_t1.wav,D#3,51,90,staccato,1,0.744,1
data\piano_phase3\D#3\D#3_v30_staccato_noped_t1.wav,D#3,51,30,staccato,0,0.744,1
data\piano_phase3\D#3\D#3_v60_sustain_noped_t1.wav,D#3,51,60,sustain,0,1.818,1
data\piano_phase3\D#3\D#3_v110_staccato_noped_t1.wav,D#3,51,110,staccato,0,0.74,1
data\piano_phase3\D#3\D#3_v60_legato_ped_t1.wav,D#3,51,60,legato,1,2.264,1
data\piano_phase3\D#3\D#3_v30_legato_ped_t1.wav,D#3,51,30,legato,1,2.273,1
data\piano_phase3\D#3\D#3_v90_staccato_noped_t1.wav,D#3,51,90,staccato,0,0.744,1
data\piano_phase3\D#3\D#3_v110_sustain_noped_t1.wav,D#3,51,110,sustain,0,1.812,1
data\piano_phase3\D#3\D#3_v110_portato_ped_t1.wav,D#3,51,110,portato,1,1.165,1
data\piano_phase3\D#3\D#3_v30_legato_noped_t1.wav,D#3,51,30,legato,0,2.273,1
data\piano_phase3\D#3\D#3_v60_portato_ped_t1.wav,D#3,51,60,portato,1,1.172,1
data\piano_phase3\D#3\D#3_v90_sustain_ped_t1.wav,D#3,51,90,sustain,1,1.819,1
data\piano_phase3\D#3\D#3_v110_legato_noped_t1.wav,D#3,51,110,legato,0,2.26,1
data\piano_phase3\D#3\D#3_v30_portato_ped_t1.wav,D#3,51,30,portato,1,1.178,1
data\piano_phase3\D#3\D#3_v110_legato_ped_t1.wav,D#3,51,110,legato,1,2.26,1
data\piano_phase3\D#3\D#3_v90_legato_noped_t1.wav,D#3,51,90,legato,0,2.267,1
data\piano_phase3\D#3\D#3_v90_portato_noped_t1.wav,D#3,51,90,portato,0,1.172,1
data\piano_phase3\D#3\D#3_v90_portato_ped_t1.wav,D#3,51,90,portato,1,1.172,1
data\piano_phase3\E3\E3_v30_sustain_noped_t1.wav,E3,52,30,sustain,0,1.806,1
data\piano_phase3\E3\E3_v60_sustain_ped_t1.wav,E3,52,60,sustain,1,1.806,1
data\piano_phase3\E3\E3_v60_sustain_noped_t1.wav,E3,52,60,sustain,0,1.806,1
data\piano_phase3\E3\E3_v110_staccato_noped_t1.wav,E3,52,110,staccato,0,0.739,1
data\piano_phase3\E3\E3_v90_legato_ped_t1.wav,E3,52,90,legato,1,2.261,1
data\piano_phase3\E3\E3_v90_staccato_ped_t1.wav,E3,52,90,staccato,1,0.744,1
data\piano_phase3\E3\E3_v30_portato_ped_t1.wav,E3,52,30,portato,1,1.172,1
data\piano_phase3\E3\E3_v90_portato_ped_t1.wav,E3,52,90,portato,1,1.167,1
data\piano_phase3\E3\E3_v60_portato_ped_t1.wav,E3,52,60,portato,1,1.166,1
data\piano_phase3\E3\E3_v90_sustain_noped_t1.wav,E3,52,90,sustain,0,1.801,1
data\piano_phase3\E3\E3_v110_sustain_ped_t1.wav,E3,52,110,sustain,1,1.794,1
data\piano_phase3\E3\E3_v60_portato_noped_t1.wav,E3,52,60,portato,0,1.166,1
data\piano_phase3\E3\E3_v30_legato_noped_t1.wav,E3,52,30,legato,0,2.266,1
data\piano_phase3\E3\E3_v60_staccato_ped_t1.wav,E3,52,60,staccato,1,0.739,1
data\piano_phase3\E3\E3_v110_legato_noped_t1.wav,E3,52,110,legato,0,2.255,1
data\piano_phase3\E3\E3_v90_legato_noped_t1.wav,E3,52,90,legato,0,2.261,1
data\piano_phase3\E3\E3_v60_legato_noped_t1.wav,E3,52,60,legato,0,2.254,1
data\piano_phase3\E3\E3_v90_staccato_noped_t1.wav,E3,52,90,staccato,0,0.744,1
data\piano_phase3\E3\E3_v60_legato_ped_t1.wav,E3,52,60,legato,1,2.254,1
data\piano_phase3\E3\E3_v30_sustain_ped_t1.wav,E3,52,30,sustain,1,1.806,1
data\piano_phase3\E3\E3_v110_legato_ped_t1.wav,E3,52,110,legato,1,2.255,1
data\piano_phase3\E3\E3_v110_staccato_ped_t1.wav,E3,52,110,staccato,1,0.739,1
data\piano_phase3\F3\F3_v110_portato_ped_t1.wav,F3,53,110,portato,1,1.142,1
data\piano_phase3\F3\F3_v90_legato_ped_t1.wav,F3,53,90,legato,1,2.257,1
data\piano_phase3\F3\F3_v110_legato_noped_t1.wav,F3,53,110,legato,0,2.253,1
data\piano_phase3\F3\F3_v110_sustain_noped_t1.wav,F3,53,110,sustain,0,1.797,1
data\piano_phase3\F3\F3_v60_portato_ped_t1.wav,F3,53,60,portato,1,1.146,1
data\piano_phase3\F3\F3_v90_staccato_noped_t1.wav,F3,53,90,staccato,0,0.703,1
data\piano_phase3\F3\F3_v30_sustain_noped_t1.wav,F3,53,30,sustain,0,1.803,1
data\piano_phase3\F3\F3_v30_sustain_ped_t1.wav,F3,53,30,sustain,1,1.803,1
data\piano_phase3\F3\F3_v110_staccato_ped_t1.wav,F3,53,110,staccato,1,0.7,1
data\piano_phase3\F3\F3_v110_sustain_ped_t1.wav,F3,53,110,sustain,1,1.797,1
data\piano_phase3\F3\F3_v30_legato_noped_t1.wav,F3,53,30,legato,0,2.268,1
data\piano_phase3\F3\F3_v30_legato_ped_t1.wav,F3,53,30,legato,1,2.268,1
data\piano_phase3\F3\F3_v90_portato_ped_t1.wav,F3,53,90,portato,1,1.142,1
data\piano_phase3\F3\F3_v60_sustain_ped_t1.wav,F3,53,60,sustain,1,1.803,1
data\piano_phase3\F3\F3_v90_portato_noped_t1.wav,F3,53,90,portato,0,1.142,1
data\piano_phase3\F3\F3_v30_staccato_noped_t1.wav,F3,53,30,staccato,0,0.704,1
data\piano_phase3\F3\F3_v110_legato_ped_t1.wav,F3,53,110,legato,1,2.253,1
data\piano_phase3\F3\F3_v30_portato_ped_t1.wav,F3,53,30,portato,1,1.16,1
data\piano_phase3\F3\F3_v90_sustain_noped_t1.wav,F3,53,90,sustain,0,1.798,1
data\piano_phase3\F3\F3_v60_staccato_noped_t1.wav,F3,53,60,staccato,0,0.705,1
data\piano_phase3\F3\F3_v60_portato_noped_t1.wav,F3,53,60,portato,0,1.146,1
data\piano_phase3\F3\F3_v30_portato_noped_t1.wav,F3,53,30,portato,0,1.16,1
data\piano_phase3\F#3\F#3_v90_portato_noped_t1.wav,F#3,54,90,portato,0,1.145,1
data\piano_phase3\F#3\F#3_v30_legato_noped_t1.wav,F#3,54,30,legato,0,2.294,1
data\piano_phase3\F#3\F#3_v60_portato_noped_t1.wav,F#3,54,60,portato,0,1.149,1
data\piano_phase3\F#3\F#3_v110_sustain_noped_t1.wav,F#3,54,110,sustain,0,1.784,1
data\piano_phase3\F#3\F#3_v110_portato_ped_t1.wav,F#3,54,110,portato,1,1.143,1
data\piano_phase3\F#3\F#3_v90_legato_ped_t1.wav,F#3,54,90,legato,1,2.246,1
data\piano_phase3\F#3\F#3_v110_legato_ped_t1.wav,F#3,54,110,legato,1,2.245,1
data\piano_phase3\F#3\F#3_v30_sustain_noped_t1.wav,F#3,54,30,sustain,0,1.805,1
data\piano_phase3\F#3\F#3_v60_portato_ped_t1.wav,F#3,54,60,portato,1,1.149,1
data\piano_phase3\F#3\F#3_v110_portato_noped_t1.wav,F#3,54,110,portato,0,1.143,1
data\piano_phase3\F#3\F#3_v60_sustain_noped_t1.wav,F#3,54,60,sustain,0,1.795,1
data\piano_phase3\F#3\F#3_v90_sustain_ped_t1.wav,F#3,54,90,sustain,1,1.79,1
data\piano_phase3\F#3\F#3_v30_staccato_ped_t1.wav,F#3,54,30,staccato,1,0.715,1
data\piano_phase3\F#3\F#3_v90_staccato_noped_t1.wav,F#3,54,90,staccato,0,0.703,1
data\piano_phase3\F#3\F#3_v110_staccato_ped_t1.wav,F#3,54,110,staccato,1,0.699,1
data\piano_phase3\F#3\F#3_v30_portato_noped_t1.wav,F#3,54,30,portato,0,1.147,1
data\piano_phase3\F#3\F#3_v60_sustain_ped_t1.wav,F#3,54,60,sustain,1,1.795,1
data\piano_phase3\F#3\F#3_v110_staccato_noped_t1.wav,F#3,54,110,staccato,0,0.699,1
data\piano_phase3\F#3\F#3_v90_staccato_ped_t1.wav,F#3,54,90,staccato,1,0.703,1
data\piano_phase3\F#3\F#3_v110_legato_noped_t1.wav,F#3,54,110,legato,0,2.245,1
data\piano_phase3\F#3\F#3_v30_sustain_ped_t1.wav,F#3,54,30,sustain,1,1.805,1
data\piano_phase3\F#3\F#3_v30_legato_ped_t1.wav,F#3,54,30,legato,1,2.294,1
data\piano_phase3\G3\G3_v110_legato_ped_t1.wav,G3,55,110,legato,1,2.243,1
data\piano_phase3\G3\G3_v30_staccato_ped_t1.wav,G3,55,30,staccato,1,0.709,1
data\piano_phase3\G3\G3_v30_sustain_ped_t1.wav,G3,55,30,sustain,1,1.797,1
data\piano_phase3\G3\G3_v110_portato_noped_t1.wav,G3,55,110,portato,0,1.145,1
data\piano_phase3\G3\G3_v110_sustain_ped_t1.wav,G3,55,110,sustain,1,1.783,1
data\piano_phase3\G3\G3_v30_portato_ped_t1.wav,G3,55,30,portato,1,1.146,1
data\piano_phase3\G3\G3_v110_portato_ped_t1.wav,G3,55,110,portato,1,1.145,1
data\piano_phase3\G3\G3_v90_portato_noped_t1.wav,G3,55,90,portato,0,1.148,1
data\piano_phase3\G3\G3_v90_sustain_ped_t1.wav,G3,55,90,sustain,1,1.787,1
data\piano_phase3\G3\G3_v30_legato_ped_t1.wav,G3,55,30,legato,1,2.25,1
data\piano_phase3\G3\G3_v110_staccato_ped_t1.wav,G3,55,110,staccato,1,0.701,1
data\piano_phase3\G3\G3_v60_staccato_ped_t1.wav,G3,55,60,staccato,1,0.705,1
data\piano_phase3\G3\G3_v110_legato_noped_t1.wav,G3,55,110,legato,0,2.243,1
data\piano_phase3\G3\G3_v60_portato_ped_t1.wav,G3,55,60,portato,1,1.151,1
data\piano_phase3\G3\G3_v90_legato_noped_t1.wav,G3,55,90,legato,0,2.244,1
data\piano_phase3\G3\G3_v30_staccato_noped_t1.wav,G3,55,30,staccato,0,0.709,1
data\piano_phase3\G3\G3_v90_sustain_noped_t1.wav,G3,55,90,sustain,0,1.787,1
data\piano_phase3\G3\G3_v110_staccato_noped_t1.wav,G3,55,110,staccato,0,0.701,1
data\piano_phase3\G3\G3_v60_portato_noped_t1.wav,G3,55,60,portato,0,1.151,1
data\piano_phase3\G3\G3_v60_sustain_ped_t1.wav,G3,55,60,sustain,1,1.793,1
data\piano_phase3\G3\G3_v60_staccato_noped_t1.wav,G3,55,60,staccato,0,0.705,1
data\piano_phase3\G3\G3_v30_portato_noped_t1.wav,G3,55,30,portato,0,1.146,1
data\piano_phase3\G#3\G#3_v60_portato_ped_t1.wav,G#3,56,60,portato,1,1.147,1
data\piano_phase3\G#3\G#3_v90_portato_ped_t1.wav,G#3,56,90,portato,1,1.143,1
data\piano_phase3\G#3\G#3_v90_staccato_noped_t1.wav,G#3,56,90,staccato,0,0.688,1
data\piano_phase3\G#3\G#3_v110_sustain_noped_t1.wav,G#3,56,110,sustain,0,1.786,1
data\piano_phase3\G#3\G#3_v30_portato_ped_t1.wav,G#3,56,30,portato,1,1.161,1
data\piano_phase3\G#3\G#3_v110_staccato_noped_t1.wav,G#3,56,110,staccato,0,0.684,1
data\piano_phase3\G#3\G#3_v90_sustain_ped_t1.wav,G#3,56,90,sustain,1,1.792,1
data\piano_phase3\G#3\G#3_v60_legato_noped_t1.wav,G#3,56,60,legato,0,2.278,1
data\piano_phase3\G#3\G#3_v90_sustain_noped_t1.wav,G#3,56,90,sustain,0,1.792,1
data\piano_phase3\G#3\G#3_v30_sustain_ped_t1.wav,G#3,56,30,sustain,1,1.819,1
data\piano_phase3\G#3\G#3_v60_staccato_ped_t1.wav,G#3,56,60,staccato,1,0.692,1
data\piano_phase3\G#3\G#3_v60_staccato_noped_t1.wav,G#3,56,60,staccato,0,0.692,1
data\piano_phase3\G#3\G#3_v30_portato_noped_t1.wav,G#3,56,30,portato,0,1.161,1
data\piano_phase3\G#3\G#3_v30_staccato_noped_t1.wav,G#3,56,30,staccato,0,0.692,1
data\piano_phase3\G#3\G#3_v110_portato_noped_t1.wav,G#3,56,110,portato,0,1.143,1
data\piano_phase3\G#3\G#3_v30_sustain_noped_t1.wav,G#3,56,30,sustain,0,1.819,1
data\piano_phase3\G#3\G#3_v90_staccato_ped_t1.wav,G#3,56,90,staccato,1,0.688,1
data\piano_phase3\G#3\G#3_v90_legato_ped_t1.wav,G#3,56,90,legato,1,2.264,1
data\piano_phase3\G#3\G#3_v60_legato_ped_t1.wav,G#3,56,60,legato,1,2.278,1
data\piano_phase3\G#3\G#3_v110_legato_noped_t1.wav,G#3,56,110,legato,0,2.269,1
data\piano_phase3\G#3\G#3_v30_staccato_ped_t1.wav,G#3,56,30,staccato,1,0.692,1
data\piano_phase3\G#3\G#3_v60_sustain_ped_t1.wav,G#3,56,60,sustain,1,1.796,1
data\piano_phase3\A3\A3_v60_sustain_ped_t1.wav,A3,57,60,sustain,1,1.792,1
data\piano_phase3\A3\A3_v60_staccato_ped_t1.wav,A3,57,60,staccato,1,0.687,1
data\piano_phase3\A3\A3_v110_sustain_noped_t1.wav,A3,57,110,sustain,0,1.779,1
data\piano_phase3\A3\A3_v60_legato_noped_t1.wav,A3,57,60,legato,0,2.263,1
data\piano_phase3\A3\A3_v90_legato_noped_t1.wav,A3,57,90,legato,0,2.267,1
data\piano_phase3\A3\A3_v30_legato_noped_t1.wav,A3,57,30,legato,0,2.283,1
data\piano_phase3\A3\A3_v30_sustain_ped_t1.wav,A3,57,30,sustain,1,1.823,1
data\piano_phase3\A3\A3_v30_portato_ped_t1.wav,A3,57,30,portato,1,1.154,1
data\piano_phase3\A3\A3_v30_staccato_ped_t1.wav,A3,57,30,staccato,1,0.698,1
data\piano_phase3\A3\A3_v30_staccato_noped_t1.wav,A3,57,30,staccato,0,0.698,1
data\piano_phase3\A3\A3_v110_staccato_noped_t1.wav,A3,57,110,staccato,0,0.687,1
data\piano_phase3\A3\A3_v30_legato_ped_t1.wav,A3,57,30,legato,1,2.283,1
data\piano_phase3\A3\A3_v90_staccato_noped_t1.wav,A3,57,90,staccato,0,0.688,1
data\piano_phase3\A3\A3_v60_portato_ped_t1.wav,A3,57,60,portato,1,1.149,1
data\piano_phase3\A3\A3_v110_legato_ped_t1.wav,A3,57,110,legato,1,2.261,1
data\piano_phase3\A3\A3_v90_portato_noped_t1.wav,A3,57,90,portato,0,1.14,1
data\piano_phase3\A3\A3_v90_sustain_ped_t1.wav,A3,57,90,sustain,1,1.784,1
data\piano_phase3\A3\A3_v90_staccato_ped_t1.wav,A3,57,90,staccato,1,0.688,1
data\piano_phase3\A3\A3_v90_legato_ped_t1.wav,A3,57,90,legato,1,2.267,1
data\piano_phase3\A3\A3_v110_legato_noped_t1.wav,A3,57,110,legato,0,2.261,1
data\piano_phase3\A3\A3_v110_sustain_ped_t1.wav,A3,57,110,sustain,1,1.779,1
data\piano_phase3\A3\A3_v60_sustain_noped_t1.wav,A3,57,60,sustain,0,1.792,1
data\piano_phase3\A#3\A#3_v90_portato_ped_t1.wav,A#3,58,90,portato,1,1.143,1
data\piano_phase3\A#3\A#3_v110_sustain_ped_t1.wav,A#3,58,110,sustain,1,1.777,1
data\piano_phase3\A#3\A#3_v30_legato_ped_t1.wav,A#3,58,30,legato,1,2.295,1
data\piano_phase3\A#3\A#3_v60_sustain_noped_t1.wav,A#3,58,60,sustain,0,1.792,1
data\piano_phase3\A#3\A#3_v30_sustain_noped_t1.wav,A#3,58,30,sustain,0,1.803,1
data\piano_phase3\A#3\A#3_v90_sustain_ped_t1.wav,A#3,58,90,sustain,1,1.789,1
data\piano_phase3\A#3\A#3_v90_portato_noped_t1.wav,A#3,58,90,portato,0,1.143,1
data\piano_phase3\A#3\A#3_v60_legato_ped_t1.wav,A#3,58,60,legato,1,2.257,1
data\piano_phase3\A#3\A#3_v60_sustain_ped_t1.wav,A#3,58,60,sustain,1,1.792,1
data\piano_phase3\A#3\A#3_v90_staccato_ped_t1.wav,A#3,58,90,staccato,1,0.686,1
data\piano_phase3\A#3\A#3_v110_staccato_ped_t1.wav,A#3,58,110,staccato,1,0.683,1
data\piano_phase3\A#3\A#3_v60_staccato_noped_t1.wav,A#3,58,60,staccato,0,0.686,1
data\piano_phase3\A#3\A#3_v110_portato_noped_t1.wav,A#3,58,110,portato,0,1.139,1
data\piano_phase3\A#3\A#3_v30_portato_noped_t1.wav,A#3,58,30,portato,0,1.152,1
data\piano_phase3\A#3\A#3_v30_legato_noped_t1.wav,A#3,58,30,legato,0,2.295,1
data\piano_phase3\A#3\A#3_v90_staccato_noped_t1.wav,A#3,58,90,staccato,0,0.686,1
data\piano_phase3\A#3\A#3_v60_portato_ped_t1.wav,A#3,58,60,portato,1,1.147,1
data\piano_phase3\A#3\A#3_v90_legato_ped_t1.wav,A#3,58,90,legato,1,2.258,1
data\piano_phase3\A#3\A#3_v110_sustain_noped_t1.wav,A#3,58,110,sustain,0,1.777,1
data\piano_phase3\A#3\A#3_v60_portato_noped_t1.wav,A#3,58,60,portato,0,1.147,1
data\piano_phase3\A#3\A#3_v30_staccato_ped_t1.wav,A#3,58,30,staccato,1,0.708,1
data\piano_phase3\A#3\A#3_v30_staccato_noped_t1.wav,A#3,58,30,staccato,0,0.708,1
data\piano_phase3\B3\B3_v60_sustain_ped_t1.wav,B3,59,60,sustain,1,1.734,1
data\piano_phase3\B3\B3_v110_staccato_ped_t1.wav,B3,59,110,staccato,1,0.714,1
data\piano_phase3\B3\B3_v90_legato_noped_t1.wav,B3,59,90,legato,0,2.233,1
data\piano_phase3\B3\B3_v30_portato_ped_t1.wav,B3,59,30,portato,1,1.104,1
data\piano_phase3\B3\B3_v30_staccato_ped_t1.wav,B3,59,30,staccato,1,0.708,1
data\piano_phase3\B3\B3_v60_legato_ped_t1.wav,B3,59,60,legato,1,2.241,1
data\piano_phase3\B3\B3_v60_sustain_noped_t1.wav,B3,59,60,sustain,0,1.734,1
data\piano_phase3\B3\B3_v90_portato_ped_t1.wav,B3,59,90,portato,1,1.105,1
data\piano_phase3\B3\B3_v60_portato_ped_t1.wav,B3,59,60,portato,1,1.104,1
data\piano_phase3\B3\B3_v30_legato_noped_t1.wav,B3,59,30,legato,0,2.282,1
data\piano_phase3\B3\B3_v60_portato_noped_t1.wav,B3,59,60,portato,0,1.104,1
data\piano_phase3\B3\B3_v110_sustain_noped_t1.wav,B3,59,110,sustain,0,1.669,1
data\piano_phase3\B3\B3_v110_legato_noped_t1.wav,B3,59,110,legato,0,2.225,1
data\piano_phase3\B3\B3_v90_staccato_noped_t1.wav,B3,59,90,staccato,0,0.714,1
data\piano_phase3\B3\B3_v110_portato_ped_t1.wav,B3,59,110,portato,1,1.105,1
data\piano_phase3\B3\B3_v30_portato_noped_t1.wav,B3,59,30,portato,0,1.104,1
data\piano_phase3\B3\B3_v30_sustain_ped_t1.wav,B3,59,30,sustain,1,1.693,1
data\piano_phase3\B3\B3_v90_staccato_ped_t1.wav,B3,59,90,staccato,1,0.714,1
data\piano_phase3\B3\B3_v60_staccato_ped_t1.wav,B3,59,60,staccato,1,0.711,1
data\piano_phase3\B3\B3_v90_legato_ped_t1.wav,B3,59,90,legato,1,2.233,1
data\piano_phase3\B3\B3_v30_staccato_noped_t1.wav,B3,59,30,staccato,0,0.708,1
data\piano_phase3\B3\B3_v90_sustain_ped_t1.wav,B3,59,90,sustain,1,1.591,1
data\piano_phase3\C4\C4_v30_legato_ped_t1.wav,C4,60,30,legato,1,2.264,1
data\piano_phase3\C4\C4_v90_sustain_noped_t1.wav,C4,60,90,sustain,0,1.729,1
data\piano_phase3\C4\C4_v30_portato_noped_t1.wav,C4,60,30,portato,0,1.107,1
data\piano_phase3\C4\C4_v90_portato_ped_t1.wav,C4,60,90,portato,1,1.102,1
data\piano_phase3\C4\C4_v90_staccato_ped_t1.wav,C4,60,90,staccato,1,0.721,1
data\piano_phase3\C4\C4_v30_legato_noped_t1.wav,C4,60,30,legato,0,2.264,1
data\piano_phase3\C4\C4_v60_portato_noped_t1.wav,C4,60,60,portato,0,1.097,1
data\piano_phase3\C4\C4_v30_sustain_noped_t1.wav,C4,60,30,sustain,0,1.751,1
data\piano_phase3\C4\C4_v110_sustain_noped_t1.wav,C4,60,110,sustain,0,1.726,1
data\piano_phase3\C4\C4_v60_sustain_ped_t1.wav,C4,60,60,sustain,1,1.779,1
data\piano_phase3\C4\C4_v30_sustain_ped_t1.wav,C4,60,30,sustain,1,1.751,1
data\piano_phase3\C4\C4_v90_staccato_noped_t1.wav,C4,60,90,staccato,0,0.721,1
data\piano_phase3\C4\C4_v30_portato_ped_t1.wav,C4,60,30,portato,1,1.107,1
data\piano_phase3\C4\C4_v60_legato_noped_t1.wav,C4,60,60,legato,0,2.253,1
data\piano_phase3\C4\C4_v110_staccato_ped_t1.wav,C4,60,110,staccato,1,0.721,1
data\piano_phase3\C4\C4_v110_staccato_noped_t1.wav,C4,60,110,staccato,0,0.721,1
data\piano_phase3\C4\C4_v110_legato_ped_t1.wav,C4,60,110,legato,1,2.246,1
data\piano_phase3\C4\C4_v30_staccato_ped_t1.wav,C4,60,30,staccato,1,0.72,1
data\piano_phase3\C4\C4_v110_portato_ped_t1.wav,C4,60,110,portato,1,1.104,1
data\piano_phase3\C4\C4_v90_legato_ped_t1.wav,C4,60,90,legato,1,2.258,1
data\piano_phase3\C4\C4_v60_staccato_noped_t1.wav,C4,60,60,staccato,0,0.718,1
data\piano_phase3\C4\C4_v110_legato_noped_t1.wav,C4,60,110,legato,0,2.246,1
data\piano_phase3\C#4\C#4_v110_portato_ped_t1.wav,C#4,61,110,portato,1,1.089,1
data\piano_phase3\C#4\C#4_v90_sustain_ped_t1.wav,C#4,61,90,sustain,1,1.757,1
data\piano_phase3\C#4\C#4_v110_sustain_ped_t1.wav,C#4,61,110,sustain,1,1.753,1
data\piano_phase3\C#4\C#4_v30_portato_ped_t1.wav,C#4,61,30,portato,1,1.097,1
data\piano_phase3\C#4\C#4_v90_legato_noped_t1.wav,C#4,61,90,legato,0,2.261,1
data\piano_phase3\C#4\C#4_v60_legato_ped_t1.wav,C#4,61,60,legato,1,2.258,1
data\piano_phase3\C#4\C#4_v30_staccato_noped_t1.wav,C#4,61,30,staccato,0,0.714,1
data\piano_phase3\C#4\C#4_v90_staccato_noped_t1.wav,C#4,61,90,staccato,0,0.713,1
data\piano_phase3\C#4\C#4_v110_sustain_noped_t1.wav,C#4,61,110,sustain,0,1.753,1
data\piano_phase3\C#4\C#4_v110_legato_ped_t1.wav,C#4,61,110,legato,1,2.264,1
data\piano_phase3\C#4\C#4_v60_sustain_noped_t1.wav,C#4,61,60,sustain,0,1.753,1
data\piano_phase3\C#4\C#4_v30_legato_ped_t1.wav,C#4,61,30,legato,1,2.296,1
data\piano_phase3\C#4\C#4_v90_staccato_ped_t1.wav,C#4,61,90,staccato,1,0.713,1
data\piano_phase3\C#4\C#4_v110_legato_noped_t1.wav,C#4,61,110,legato,0,2.264,1
data\piano_phase3\C#4\C#4_v90_sustain_noped_t1.wav,C#4,61,90,sustain,0,1.757,1
data\piano_phase3\C#4\C#4_v60_staccato_noped_t1.wav,C#4,61,60,staccato,0,0.712,1
data\piano_phase3\C#4\C#4_v110_portato_noped_t1.wav,C#4,61,110,portato,0,1.089,1
data\piano_phase3\C#4\C#4_v110_staccato_noped_t1.wav,C#4,61,110,staccato,0,0.712,1
data\piano_phase3\C#4\C#4_v30_legato_noped_t1.wav,C#4,61,30,legato,0,2.296,1
data\piano_phase3\C#4\C#4_v30_sustain_ped_t1.wav,C#4,61,30,sustain,1,1.774,1
data\piano_phase3\C#4\C#4_v60_sustain_ped_t1.wav,C#4,61,60,sustain,1,1.753,1
data\piano_phase3\C#4\C#4_v60_portato_noped_t1.wav,C#4,61,60,portato,0,1.087,1
data\piano_phase3\D4\D4_v110_staccato_noped_t1.wav,D4,62,110,staccato,0,0.699,1
data\piano_phase3\D4\D4_v30_sustain_noped_t1.wav,D4,62,30,sustain,0,1.84,1
data\piano_phase3\D4\D4_v60_sustain_ped_t1.wav,D4,62,60,sustain,1,1.823,1
data\piano_phase3\D4\D4_v30_legato_noped_t1.wav,D4,62,30,legato,0,2.315,1
data\piano_phase3\D4\D4_v30_portato_noped_t1.wav,D4,62,30,portato,0,1.144,1
data\piano_phase3\D4\D4_v110_portato_noped_t1.wav,D4,62,110,portato,0,1.111,1
data\piano_phase3\D4\D4_v60_portato_noped_t1.wav,D4,62,60,portato,0,1.127,1
data\piano_phase3\D4\D4_v30_staccato_ped_t1.wav,D4,62,30,staccato,1,0.709,1
data\piano_phase3\D4\D4_v90_staccato_noped_t1.wav,D4,62,90,staccato,0,0.702,1
data\piano_phase3\D4\D4_v90_portato_ped_t1.wav,D4,62,90,portato,1,1.124,1
data\piano_phase3\D4\D4_v110_legato_ped_t1.wav,D4,62,110,legato,1,2.294,1
data\piano_phase3\D4\D4_v90_sustain_noped_t1.wav,D4,62,90,sustain,0,1.82,1
data\piano_phase3\D4\D4_v60_staccato_ped_t1.wav,D4,62,60,staccato,1,0.702,1
data\piano_phase3\D4\D4_v110_sustain_noped_t1.wav,D4,62,110,sustain,0,1.807,1
data\piano_phase3\D4\D4_v60_legato_ped_t1.wav,D4,62,60,legato,1,2.304,1
data\piano_phase3\D4\D4_v30_legato_ped_t1.wav,D4,62,30,legato,1,2.315,1
data\piano_phase3\D4\D4_v110_legato_noped_t1.wav,D4,62,110,legato,0,2.294,1
data\piano_phase3\D4\D4_v90_legato_ped_t1.wav,D4,62,90,legato,1,2.298,1
data\piano_phase3\D4\D4_v110_sustain_ped_t1.wav,D4,62,110,sustain,1,1.807,1
data\piano_phase3\D4\D4_v90_portato_noped_t1.wav,D4,62,90,portato,0,1.124,1
data\piano_phase3\D4\D4_v110_portato_ped_t1.wav,D4,62,110,portato,1,1.111,1
data\piano_phase3\D4\D4_v90_legato_noped_t1.wav,D4,62,90,legato,0,2.298,1
data\piano_phase3\D#4\D#4_v110_legato_ped_t1.wav,D#4,63,110,legato,1,2.288,1
data\piano_phase3\D#4\D#4_v60_staccato_noped_t1.wav,D#4,63,60,staccato,0,0.696,1
data\piano_phase3\D#4\D#4_v90_portato_ped_t1.wav,D#4,63,90,portato,1,1.125,1
data\piano_phase3\D#4\D#4_v90_sustain_noped_t1.wav,D#4,63,90,sustain,0,1.824,1
data\piano_phase3\D#4\D#4_v90_sustain_ped_t1.wav,D#4,63,90,sustain,1,1.824,1
data\piano_phase3\D#4\D#4_v110_staccato_ped_t1.wav,D#4,63,110,staccato,1,0.693,1
data\piano_phase3\D#4\D#4_v110_portato_ped_t1.wav,D#4,63,110,portato,1,1.116,1
data\piano_phase3\D#4\D#4_v30_sustain_ped_t1.wav,D#4,63,30,sustain,1,1.843,1
data\piano_phase3\D#4\D#4_v30_staccato_noped_t1.wav,D#4,63,30,staccato,0,0.705,1
data\piano_phase3\D#4\D#4_v90_staccato_noped_t1.wav,D#4,63,90,staccato,0,0.696,1
data\piano_phase3\D#4\D#4_v30_legato_noped_t1.wav,D#4,63,30,legato,0,2.311,1
data\piano_phase3\D#4\D#4_v110_sustain_noped_t1.wav,D#4,63,110,sustain,0,1.815,1
data\piano_phase3\D#4\D#4_v110_staccato_noped_t1.wav,D#4,63,110,staccato,0,0.693,1
data\piano_phase3\D#4\D#4_v110_sustain_ped_t1.wav,D#4,63,110,sustain,1,1.815,1
data\piano_phase3\D#4\D#4_v60_portato_noped_t1.wav,D#4,63,60,portato,0,1.132,1
data\piano_phase3\D#4\D#4_v90_portato_noped_t1.wav,D#4,63,90,portato,0,1.125,1
data\piano_phase3\D#4\D#4_v90_legato_noped_t1.wav,D#4,63,90,legato,0,2.297,1
data\piano_phase3\D#4\D#4_v60_sustain_ped_t1.wav,D#4,63,60,sustain,1,1.828,1
data\piano_phase3\D#4\D#4_v90_legato_ped_t1.wav,D#4,63,90,legato,1,2.297,1
data\piano_phase3\D#4\D#4_v60_portato_ped_t1.wav,D#4,63,60,portato,1,1.132,1
data\piano_phase3\D#4\D#4_v60_legato_noped_t1.wav,D#4,63,60,legato,0,2.297,1
data\piano_phase3\D#4\D#4_v60_sustain_noped_t1.wav,D#4,63,60,sustain,0,1.828,1
data\piano_phase3\E4\E4_v60_legato_ped_t1.wav,E4,64,60,legato,1,2.293,1
data\piano_phase3\E4\E4_v90_portato_noped_t1.wav,E4,64,90,portato,0,1.123,1
data\piano_phase3\E4\E4_v30_sustain_noped_t1.wav,E4,64,30,sustain,0,1.84,1
data\piano_phase3\E4\E4_v30_sustain_ped_t1.wav,E4,64,30,sustain,1,1.84,1
data\piano_phase3\E4\E4_v90_sustain_ped_t1.wav,E4,64,90,sustain,1,1.822,1
data\piano_phase3\E4\E4_v90_staccato_noped_t1.wav,E4,64,90,staccato,0,0.69,1
data\piano_phase3\E4\E4_v90_portato_ped_t1.wav,E4,64,90,portato,1,1.123,1
data\piano_phase3\E4\E4_v60_sustain_ped_t1.wav,E4,64,60,sustain,1,1.823,1
data\piano_phase3\E4\E4_v110_portato_ped_t1.wav,E4,64,110,portato,1,1.114,1
data\piano_phase3\E4\E4_v110_staccato_noped_t1.wav,E4,64,110,staccato,0,0.688,1
data\piano_phase3\E4\E4_v110_legato_noped_t1.wav,E4,64,110,legato,0,2.278,1
data\piano_phase3\E4\E4_v90_legato_noped_t1.wav,E4,64,90,legato,0,2.287,1
data\piano_phase3\E4\E4_v60_staccato_ped_t1.wav,E4,64,60,staccato,1,0.692,1
data\piano_phase3\E4\E4_v110_staccato_ped_t1.wav,E4,64,110,staccato,1,0.688,1
data\piano_phase3\E4\E4_v110_sustain_ped_t1.wav,E4,64,110,sustain,1,1.811,1
data\piano_phase3\E4\E4_v30_legato_ped_t1.wav,E4,64,30,legato,1,2.306,1
data\piano_phase3\E4\E4_v60_portato_noped_t1.wav,E4,64,60,portato,0,1.135,1
data\piano_phase3\E4\E4_v110_portato_noped_t1.wav,E4,64,110,portato,0,1.114,1
data\piano_phase3\E4\E4_v30_staccato_noped_t1.wav,E4,64,30,staccato,0,0.701,1
data\piano_phase3\E4\E4_v110_legato_ped_t1.wav,E4,64,110,legato,1,2.278,1
data\piano_phase3\E4\E4_v30_portato_noped_t1.wav,E4,64,30,portato,0,1.147,1
data\piano_phase3\E4\E4_v60_legato_noped_t1.wav,E4,64,60,legato,0,2.293,1
data\piano_phase3\F4\F4_v60_sustain_ped_t1.wav,F4,65,60,sustain,1,1.79,1
data\piano_phase3\F4\F4_v110_staccato_noped_t1.wav,F4,65,110,staccato,0,0.734,1
data\piano_phase3\F4\F4_v110_legato_noped_t1.wav,F4,65,110,legato,0,2.268,1
data\piano_phase3\F4\F4_v60_sustain_noped_t1.wav,F4,65,60,sustain,0,1.79,1
data\piano_phase3\F4\F4_v90_portato_noped_t1.wav,F4,65,90,portato,0,1.137,1
data\piano_phase3\F4\F4_v90_staccato_noped_t1.wav,F4,65,90,staccato,0,0.733,1
data\piano_phase3\F4\F4_v90_legato_ped_t1.wav,F4,65,90,legato,1,2.265,1
data\piano_phase3\F4\F4_v60_staccato_ped_t1.wav,F4,65,60,staccato,1,0.733,1
data\piano_phase3\F4\F4_v30_staccato_ped_t1.wav,F4,65,30,staccato,1,0.733,1
data\piano_phase3\F4\F4_v110_portato_noped_t1.wav,F4,65,110,portato,0,1.136,1
data\piano_phase3\F4\F4_v30_legato_noped_t1.wav,F4,65,30,legato,0,2.263,1
data\piano_phase3\F4\F4_v60_legato_noped_t1.wav,F4,65,60,legato,0,2.267,1
data\piano_phase3\F4\F4_v60_legato_ped_t1.wav,F4,65,60,legato,1,2.267,1
data\piano_phase3\F4\F4_v90_sustain_noped_t1.wav,F4,65,90,sustain,0,1.787,1
data\piano_phase3\F4\F4_v30_portato_noped_t1.wav,F4,65,30,portato,0,1.142,1
data\piano_phase3\F4\F4_v90_portato_ped_t1.wav,F4,65,90,portato,1,1.137,1
data\piano_phase3\F4\F4_v60_portato_noped_t1.wav,F4,65,60,portato,0,1.137,1
data\piano_phase3\F4\F4_v30_legato_ped_t1.wav,F4,65,30,legato,1,2.263,1
data\piano_phase3\F4\F4_v60_portato_ped_t1.wav,F4,65,60,portato,1,1.137,1
data\piano_phase3\F4\F4_v90_legato_noped_t1.wav,F4,65,90,legato,0,2.265,1
data\piano_phase3\F4\F4_v110_sustain_noped_t1.wav,F4,65,110,sustain,0,1.784,1
data\piano_phase3\F4\F4_v30_staccato_noped_t1.wav,F4,65,30,staccato,0,0.733,1
data\piano_phase3\F#4\F#4_v90_legato_noped_t1.wav,F#4,66,90,legato,0,2.277,1
data\piano_phase3\F#4\F#4_v90_staccato_ped_t1.wav,F#4,66,90,staccato,1,0.727,1
data\piano_phase3\F#4\F#4_v60_portato_ped_t1.wav,F#4,66,60,portato,1,1.126,1
data\piano_phase3\F#4\F#4_v60_staccato_noped_t1.wav,F#4,66,60,staccato,0,0.726,1
data\piano_phase3\F#4\F#4_v30_legato_noped_t1.wav,F#4,66,30,legato,0,2.263,1
data\piano_phase3\F#4\F#4_v90_portato_ped_t1.wav,F#4,66,90,portato,1,1.131,1
data\piano_phase3\F#4\F#4_v30_legato_ped_t1.wav,F#4,66,30,legato,1,2.263,1
data\piano_phase3\F#4\F#4_v30_sustain_noped_t1.wav,F#4,66,30,sustain,0,1.78,1
data\piano_phase3\F#4\F#4_v60_portato_noped_t1.wav,F#4,66,60,portato,0,1.126,1
data\piano_phase3\F#4\F#4_v90_portato_noped_t1.wav,F#4,66,90,portato,0,1.131,1
data\piano_phase3\F#4\F#4_v110_legato_ped_t1.wav,F#4,66,110,legato,1,2.272,1
data\piano_phase3\F#4\F#4_v110_sustain_ped_t1.wav,F#4,66,110,sustain,1,1.782,1
data\piano_phase3\F#4\F#4_v30_sustain_ped_t1.wav,F#4,66,30,sustain,1,1.78,1
data\piano_phase3\F#4\F#4_v110_portato_noped_t1.wav,F#4,66,110,portato,0,1.132,1
data\piano_phase3\F#4\F#4_v110_sustain_noped_t1.wav,F#4,66,110,sustain,0,1.782,1
data\piano_phase3\F#4\F#4_v110_staccato_noped_t1.wav,F#4,66,110,staccato,0,0.729,1
data\piano_phase3\F#4\F#4_v110_legato_noped_t1.wav,F#4,66,110,legato,0,2.272,1
data\piano_phase3\F#4\F#4_v30_portato_ped_t1.wav,F#4,66,30,portato,1,1.134,1
data\piano_phase3\F#4\F#4_v60_sustain_ped_t1.wav,F#4,66,60,sustain,1,1.777,1
data\piano_phase3\F#4\F#4_v60_sustain_noped_t1.wav,F#4,66,60,sustain,0,1.777,1
data\piano_phase3\F#4\F#4_v60_legato_ped_t1.wav,F#4,66,60,legato,1,2.263,1
data\piano_phase3\F#4\F#4_v30_staccato_ped_t1.wav,F#4,66,30,staccato,1,0.728,1
data\piano_phase3\G4\G4_v30_staccato_noped_t1.wav,G4,67,30,staccato,0,0.72,1
data\piano_phase3\G4\G4_v110_staccato_noped_t1.wav,G4,67,110,staccato,0,0.724,1
data\piano_phase3\G4\G4_v30_sustain_noped_t1.wav,G4,67,30,sustain,0,1.788,1
data\piano_phase3\G4\G4_v60_legato_ped_t1.wav,G4,67,60,legato,1,2.269,1
data\piano_phase3\G4\G4_v60_staccato_noped_t1.wav,G4,67,60,staccato,0,0.722,1
data\piano_phase3\G4\G4_v30_portato_noped_t1.wav,G4,67,30,portato,0,1.131,1
data\piano_phase3\G4\G4_v90_portato_noped_t1.wav,G4,67,90,portato,0,1.123,1
data\piano_phase3\G4\G4_v60_staccato_ped_t1.wav,G4,67,60,staccato,1,0.722,1
data\piano_phase3\G4\G4_v60_portato_ped_t1.wav,G4,67,60,portato,1,1.126,1
data\piano_phase3\G4\G4_v30_sustain_ped_t1.wav,G4,67,30,sustain,1,1.788,1
data\piano_phase3\G4\G4_v30_staccato_ped_t1.wav,G4,67,30,staccato,1,0.72,1
data\piano_phase3\G4\G4_v60_sustain_noped_t1.wav,G4,67,60,sustain,0,1.773,1
data\piano_phase3\G4\G4_v110_portato_noped_t1.wav,G4,67,110,portato,0,1.126,1
data\piano_phase3\G4\G4_v90_sustain_ped_t1.wav,G4,67,90,sustain,1,1.776,1
data\piano_phase3\G4\G4_v110_legato_noped_t1.wav,G4,67,110,legato,0,2.279,1
data\piano_phase3\G4\G4_v60_portato_noped_t1.wav,G4,67,60,portato,0,1.126,1
data\piano_phase3\G4\G4_v110_legato_ped_t1.wav,G4,67,110,legato,1,2.279,1
data\piano_phase3\G4\G4_v30_legato_ped_t1.wav,G4,67,30,legato,1,2.261,1
data\piano_phase3\G4\G4_v60_legato_noped_t1.wav,G4,67,60,legato,0,2.269,1
data\piano_phase3\G4\G4_v110_sustain_noped_t1.wav,G4,67,110,sustain,0,1.772,1
data\piano_phase3\G4\G4_v30_legato_noped_t1.wav,G4,67,30,legato,0,2.261,1
data\piano_phase3\G4\G4_v90_staccato_ped_t1.wav,G4,67,90,staccato,1,0.722,1
data\piano_phase3\G#4\G#4_v110_portato_ped_t1.wav,G#4,68,110,portato,1,1.026,1
data\piano_phase3\G#4\G#4_v60_legato_ped_t1.wav,G#4,68,60,legato,1,2.16,1
data\piano_phase3\G#4\G#4_v90_legato_noped_t1.wav,G#4,68,90,legato,0,2.143,1
data\piano_phase3\G#4\G#4_v90_portato_ped_t1.wav,G#4,68,90,portato,1,1.021,1
data\piano_phase3\G#4\G#4_v30_legato_ped_t1.wav,G#4,68,30,legato,1,2.176,1
data\piano_phase3\G#4\G#4_v60_staccato_noped_t1.wav,G#4,68,60,staccato,0,0.653,1
data\piano_phase3\G#4\G#4_v60_sustain_noped_t1.wav,G#4,68,60,sustain,0,1.667,1
data\piano_phase3\G#4\G#4_v110_sustain_ped_t1.wav,G#4,68,110,sustain,1,1.631,1
data\piano_phase3\G#4\G#4_v60_staccato_ped_t1.wav,G#4,68,60,staccato,1,0.653,1
data\piano_phase3\G#4\G#4_v90_sustain_ped_t1.wav,G#4,68,90,sustain,1,1.652,1
data\piano_phase3\G#4\G#4_v30_staccato_noped_t1.wav,G#4,68,30,staccato,0,0.648,1
data\piano_phase3\G#4\G#4_v60_legato_noped_t1.wav,G#4,68,60,legato,0,2.16,1
data\piano_phase3\G#4\G#4_v90_staccato_noped_t1.wav,G#4,68,90,staccato,0,0.658,1
data\piano_phase3\G#4\G#4_v30_sustain_ped_t1.wav,G#4,68,30,sustain,1,1.736,1
data\piano_phase3\G#4\G#4_v30_legato_noped_t1.wav,G#4,68,30,legato,0,2.176,1
data\piano_phase3\G#4\G#4_v110_staccato_ped_t1.wav,G#4,68,110,staccato,1,0.658,1
data\piano_phase3\G#4\G#4_v60_portato_noped_t1.wav,G#4,68,60,portato,0,1.02,1
data\piano_phase3\G#4\G#4_v90_sustain_noped_t1.wav,G#4,68,90,sustain,0,1.652,1
data\piano_phase3\G#4\G#4_v90_portato_noped_t1.wav,G#4,68,90,portato,0,1.021,1
data\piano_phase3\G#4\G#4_v30_staccato_ped_t1.wav,G#4,68,30,staccato,1,0.648,1
data\piano_phase3\G#4\G#4_v90_staccato_ped_t1.wav,G#4,68,90,staccato,1,0.658,1
data\piano_phase3\G#4\G#4_v110_legato_ped_t1.wav,G#4,68,110,legato,1,2.154,1
data\piano_phase3\A4\A4_v60_staccato_ped_t1.wav,A4,69,60,staccato,1,0.644,1
data\piano_phase3\A4\A4_v90_sustain_ped_t1.wav,A4,69,90,sustain,1,1.646,1
data\piano_phase3\A4\A4_v90_staccato_noped_t1.wav,A4,69,90,staccato,0,0.649,1
data\piano_phase3\A4\A4_v110_staccato_noped_t1.wav,A4,69,110,staccato,0,0.651,1
data\piano_phase3\A4\A4_v60_sustain_noped_t1.wav,A4,69,60,sustain,0,1.677,1
data\piano_phase3\A4\A4_v30_staccato_ped_t1.wav,A4,69,30,staccato,1,0.637,1
data\piano_phase3\A4\A4_v30_legato_noped_t1.wav,A4,69,30,legato,0,2.182,1
data\piano_phase3\A4\A4_v110_legato_ped_t1.wav,A4,69,110,legato,1,2.06,1
data\piano_phase3\A4\A4_v60_legato_ped_t1.wav,A4,69,60,legato,1,2.162,1
data\piano_phase3\A4\A4_v60_portato_noped_t1.wav,A4,69,60,portato,0,1.013,1
data\piano_phase3\A4\A4_v30_sustain_ped_t1.wav,A4,69,30,sustain,1,1.742,1
data\piano_phase3\A4\A4_v90_sustain_noped_t1.wav,A4,69,90,sustain,0,1.646,1
data\piano_phase3\A4\A4_v110_staccato_ped_t1.wav,A4,69,110,staccato,1,0.651,1
data\piano_phase3\A4\A4_v30_sustain_noped_t1.wav,A4,69,30,sustain,0,1.742,1
data\piano_phase3\A4\A4_v30_portato_noped_t1.wav,A4,69,30,portato,0,1.052,1
data\piano_phase3\A4\A4_v90_legato_noped_t1.wav,A4,69,90,legato,0,2.146,1
data\piano_phase3\A4\A4_v90_legato_ped_t1.wav,A4,69,90,legato,1,2.146,1
data\piano_phase3\A4\A4_v30_staccato_noped_t1.wav,A4,69,30,staccato,0,0.637,1
data\piano_phase3\A4\A4_v90_portato_ped_t1.wav,A4,69,90,portato,1,1.012,1
data\piano_phase3\A4\A4_v110_portato_noped_t1.wav,A4,69,110,portato,0,1.014,1
data\piano_phase3\A4\A4_v60_sustain_ped_t1.wav,A4,69,60,sustain,1,1.677,1
data\piano_phase3\A4\A4_v30_legato_ped_t1.wav,A4,69,30,legato,1,2.182,1
data\piano_phase3\A#4\A#4_v90_sustain_ped_t1.wav,A#4,70,90,sustain,1,1.659,1
data\piano_phase3\A#4\A#4_v110_staccato_noped_t1.wav,A#4,70,110,staccato,0,0.641,1
data\piano_phase3\A#4\A#4_v110_staccato_ped_t1.wav,A#4,70,110,staccato,1,0.641,1
data\piano_phase3\A#4\A#4_v60_staccato_noped_t1.wav,A#4,70,60,staccato,0,0.634,1
data\piano_phase3\A#4\A#4_v110_portato_ped_t1.wav,A#4,70,110,portato,1,0.992,1
data\piano_phase3\A#4\A#4_v30_portato_ped_t1.wav,A#4,70,30,portato,1,1.055,1
data\piano_phase3\A#4\A#4_v90_legato_noped_t1.wav,A#4,70,90,legato,0,2.173,1
data\piano_phase3\A#4\A#4_v30_legato_ped_t1.wav,A#4,70,30,legato,1,2.194,1
data\piano_phase3\A#4\A#4_v60_legato_ped_t1.wav,A#4,70,60,legato,1,2.158,1
data\piano_phase3\A#4\A#4_v110_sustain_noped_t1.wav,A#4,70,110,sustain,0,1.646,1
data\piano_phase3\A#4\A#4_v90_portato_ped_t1.wav,A#4,70,90,portato,1,0.994,1
data\piano_phase3\A#4\A#4_v30_staccato_noped_t1.wav,A#4,70,30,staccato,0,0.629,1
data\piano_phase3\A#4\A#4_v90_sustain_noped_t1.wav,A#4,70,90,sustain,0,1.659,1
data\piano_phase3\A#4\A#4_v110_portato_noped_t1.wav,A#4,70,110,portato,0,0.992,1
data\piano_phase3\A#4\A#4_v90_staccato_ped_t1.wav,A#4,70,90,staccato,1,0.639,1
data\piano_phase3\A#4\A#4_v30_sustain_noped_t1.wav,A#4,70,30,sustain,0,1.734,1
data\piano_phase3\A#4\A#4_v110_legato_ped_t1.wav,A#4,70,110,legato,1,2.145,1
data\piano_phase3\A#4\A#4_v110_legato_noped_t1.wav,A#4,70,110,legato,0,2.145,1
data\piano_phase3\A#4\A#4_v90_portato_noped_t1.wav,A#4,70,90,portato,0,0.994,1
data\piano_phase3\A#4\A#4_v110_sustain_ped_t1.wav,A#4,70,110,sustain,1,1.646,1
data\piano_phase3\A#4\A#4_v60_staccato_ped_t1.wav,A#4,70,60,staccato,1,0.634,1
data\piano_phase3\A#4\A#4_v60_portato_ped_t1.wav,A#4,70,60,portato,1,1.002,1
data\piano_phase3\B4\B4_v60_legato_noped_t1.wav,B4,71,60,legato,0,2.227,1
data\piano_phase3\B4\B4_v30_sustain_ped_t1.wav,B4,71,30,sustain,1,1.724,1
data\piano_phase3\B4\B4_v90_staccato_ped_t1.wav,B4,71,90,staccato,1,0.634,1
data\piano_phase3\B4\B4_v90_portato_ped_t1.wav,B4,71,90,portato,1,1.019,1
data\piano_phase3\B4\B4_v90_sustain_noped_t1.wav,B4,71,90,sustain,0,1.717,1
data\piano_phase3\B4\B4_v30_legato_noped_t1.wav,B4,71,30,legato,0,2.232,1
data\piano_phase3\B4\B4_v60_staccato_noped_t1.wav,B4,71,60,staccato,0,0.642,1
data\piano_phase3\B4\B4_v60_portato_noped_t1.wav,B4,71,60,portato,0,1.028,1
data\piano_phase3\B4\B4_v30_portato_noped_t1.wav,B4,71,30,portato,0,0.993,1
data\piano_phase3\B4\B4_v110_portato_ped_t1.wav,B4,71,110,portato,1,1.011,1
data\piano_phase3\B4\B4_v30_sustain_noped_t1.wav,B4,71,30,sustain,0,1.724,1
data\piano_phase3\B4\B4_v110_staccato_ped_t1.wav,B4,71,110,staccato,1,0.634,1
data\piano_phase3\B4\B4_v110_portato_noped_t1.wav,B4,71,110,portato,0,1.011,1
data\piano_phase3\B4\B4_v30_staccato_noped_t1.wav,B4,71,30,staccato,0,0.627,1
data\piano_phase3\B4\B4_v90_legato_noped_t1.wav,B4,71,90,legato,0,2.202,1
data\piano_phase3\B4\B4_v60_sustain_noped_t1.wav,B4,71,60,sustain,0,1.724,1
data\piano_phase3\B4\B4_v30_legato_ped_t1.wav,B4,71,30,legato,1,2.232,1
data\piano_phase3\B4\B4_v30_staccato_ped_t1.wav,B4,71,30,staccato,1,0.627,1
data\piano_phase3\B4\B4_v110_legato_noped_t1.wav,B4,71,110,legato,0,2.198,1
data\piano_phase3\B4\B4_v110_sustain_ped_t1.wav,B4,71,110,sustain,1,1.71,1
data\piano_phase3\B4\B4_v60_legato_ped_t1.wav,B4,71,60,legato,1,2.227,1
data\piano_phase3\B4\B4_v90_portato_noped_t1.wav,B4,71,90,portato,0,1.019,1
data\piano_phase3\C5\C5_v110_staccato_ped_t1.wav,C5,72,110,staccato,1,0.623,1
data\piano_phase3\C5\C5_v90_portato_ped_t1.wav,C5,72,90,portato,1,1.04,1
data\piano_phase3\C5\C5_v110_portato_noped_t1.wav,C5,72,110,portato,0,1.032,1
data\piano_phase3\C5\C5_v60_legato_ped_t1.wav,C5,72,60,legato,1,2.244,1
data\piano_phase3\C5\C5_v60_staccato_noped_t1.wav,C5,72,60,staccato,0,0.619,1
data\piano_phase3\C5\C5_v30_portato_ped_t1.wav,C5,72,30,portato,1,1.03,1
data\piano_phase3\C5\C5_v110_staccato_noped_t1.wav,C5,72,110,staccato,0,0.623,1
data\piano_phase3\C5\C5_v110_legato_noped_t1.wav,C5,72,110,legato,0,2.214,1
data\piano_phase3\C5\C5_v60_portato_noped_t1.wav,C5,72,60,portato,0,1.046,1
data\piano_phase3\C5\C5_v110_portato_ped_t1.wav,C5,72,110,portato,1,1.032,1
data\piano_phase3\C5\C5_v90_sustain_noped_t1.wav,C5,72,90,sustain,0,1.744,1
data\piano_phase3\C5\C5_v30_legato_noped_t1.wav,C5,72,30,legato,0,2.246,1
data\piano_phase3\C5\C5_v60_staccato_ped_t1.wav,C5,72,60,staccato,1,0.619,1
data\piano_phase3\C5\C5_v30_sustain_ped_t1.wav,C5,72,30,sustain,1,1.739,1
data\piano_phase3\C5\C5_v90_portato_noped_t1.wav,C5,72,90,portato,0,1.04,1
data\piano_phase3\C5\C5_v90_legato_ped_t1.wav,C5,72,90,legato,1,2.221,1
data\piano_phase3\C5\C5_v60_legato_noped_t1.wav,C5,72,60,legato,0,2.244,1
data\piano_phase3\C5\C5_v30_staccato_noped_t1.wav,C5,72,30,staccato,0,0.622,1
data\piano_phase3\C5\C5_v60_sustain_ped_t1.wav,C5,72,60,sustain,1,1.742,1
data\piano_phase3\C5\C5_v30_staccato_ped_t1.wav,C5,72,30,staccato,1,0.622,1
data\piano_phase3\C5\C5_v110_sustain_ped_t1.wav,C5,72,110,sustain,1,1.732,1
data\piano_phase3\C5\C5_v30_portato_noped_t1.wav,C5,72,30,portato,0,1.03,1
data\piano_phase3\C#5\C#5_v90_portato_ped_t1.wav,C#5,73,90,portato,1,1.033,1
data\piano_phase3\C#5\C#5_v30_legato_noped_t1.wav,C#5,73,30,legato,0,2.233,1
data\piano_phase3\C#5\C#5_v30_staccato_noped_t1.wav,C#5,73,30,staccato,0,0.609,1
data\piano_phase3\C#5\C#5_v30_sustain_noped_t1.wav,C#5,73,30,sustain,0,1.751,1
data\piano_phase3\C#5\C#5_v60_portato_ped_t1.wav,C#5,73,60,portato,1,1.043,1
data\piano_phase3\C#5\C#5_v90_staccato_ped_t1.wav,C#5,73,90,staccato,1,0.613,1
data\piano_phase3\C#5\C#5_v90_sustain_ped_t1.wav,C#5,73,90,sustain,1,1.719,1
data\piano_phase3\C#5\C#5_v60_legato_ped_t1.wav,C#5,73,60,legato,1,2.213,1
data\piano_phase3\C#5\C#5_v110_sustain_noped_t1.wav,C#5,73,110,sustain,0,1.716,1
data\piano_phase3\C#5\C#5_v90_sustain_noped_t1.wav,C#5,73,90,sustain,0,1.719,1
data\piano_phase3\C#5\C#5_v110_staccato_ped_t1.wav,C#5,73,110,staccato,1,0.617,1
data\piano_phase3\C#5\C#5_v60_legato_noped_t1.wav,C#5,73,60,legato,0,2.213,1
data\piano_phase3\C#5\C#5_v90_legato_noped_t1.wav,C#5,73,90,legato,0,2.209,1
data\piano_phase3\C#5\C#5_v60_staccato_noped_t1.wav,C#5,73,60,staccato,0,0.61,1
data\piano_phase3\C#5\C#5_v30_staccato_ped_t1.wav,C#5,73,30,staccato,1,0.609,1
data\piano_phase3\C#5\C#5_v30_sustain_ped_t1.wav,C#5,73,30,sustain,1,1.751,1
data\piano_phase3\C#5\C#5_v110_staccato_noped_t1.wav,C#5,73,110,staccato,0,0.617,1
data\piano_phase3\C#5\C#5_v110_portato_noped_t1.wav,C#5,73,110,portato,0,1.03,1
data\piano_phase3\C#5\C#5_v60_portato_noped_t1.wav,C#5,73,60,portato,0,1.043,1
data\piano_phase3\C#5\C#5_v60_staccato_ped_t1.wav,C#5,73,60,staccato,1,0.61,1
data\piano_phase3\C#5\C#5_v110_legato_ped_t1.wav,C#5,73,110,legato,1,2.202,1
data\piano_phase3\C#5\C#5_v110_legato_noped_t1.wav,C#5,73,110,legato,0,2.202,1
data\piano_phase3\D5\D5_v90_legato_noped_t1.wav,D5,74,90,legato,0,2.252,1
data\piano_phase3\D5\D5_v30_portato_ped_t1.wav,D5,74,30,portato,1,1.138,1
data\piano_phase3\D5\D5_v60_sustain_noped_t1.wav,D5,74,60,sustain,0,1.759,1
data\piano_phase3\D5\D5_v110_legato_noped_t1.wav,D5,74,110,legato,0,2.25,1
data\piano_phase3\D5\D5_v90_sustain_ped_t1.wav,D5,74,90,sustain,1,1.761,1
data\piano_phase3\D5\D5_v60_staccato_noped_t1.wav,D5,74,60,staccato,0,0.698,1
data\piano_phase3\D5\D5_v90_staccato_ped_t1.wav,D5,74,90,staccato,1,0.697,1
data\piano_phase3\D5\D5_v30_staccato_noped_t1.wav,D5,74,30,staccato,0,0.707,1
data\piano_phase3\D5\D5_v60_staccato_ped_t1.wav,D5,74,60,staccato,1,0.698,1
data\piano_phase3\D5\D5_v110_portato_ped_t1.wav,D5,74,110,portato,1,1.127,1
data\piano_phase3\D5\D5_v60_portato_ped_t1.wav,D5,74,60,portato,1,1.132,1
data\piano_phase3\D5\D5_v60_sustain_ped_t1.wav,D5,74,60,sustain,1,1.759,1
data\piano_phase3\D5\D5_v30_staccato_ped_t1.wav,D5,74,30,staccato,1,0.707,1
data\piano_phase3\D5\D5_v30_legato_ped_t1.wav,D5,74,30,legato,1,2.263,1
data\piano_phase3\D5\D5_v90_legato_ped_t1.wav,D5,74,90,legato,1,2.252,1
data\piano_phase3\D5\D5_v110_legato_ped_t1.wav,D5,74,110,legato,1,2.25,1
data\piano_phase3\D5\D5_v60_portato_noped_t1.wav,D5,74,60,portato,0,1.132,1
data\piano_phase3\D5\D5_v110_sustain_noped_t1.wav,D5,74,110,sustain,0,1.758,1
data\piano_phase3\D5\D5_v90_portato_noped_t1.wav,D5,74,90,portato,0,1.129,1
data\piano_phase3\D5\D5_v60_legato_noped_t1.wav,D5,74,60,legato,0,2.254,1
data\piano_phase3\D5\D5_v60_legato_ped_t1.wav,D5,74,60,legato,1,2.254,1
data\piano_phase3\D5\D5_v110_staccato_ped_t1.wav,D5,74,110,staccato,1,0.699,1
data\piano_phase3\D#5\D#5_v90_sustain_ped_t1.wav,D#5,75,90,sustain,1,1.765,1
data\piano_phase3\D#5\D#5_v30_sustain_noped_t1.wav,D#5,75,30,sustain,0,1.759,1
data\piano_phase3\D#5\D#5_v60_sustain_ped_t1.wav,D#5,75,60,sustain,1,1.769,1
data\piano_phase3\D#5\D#5_v60_staccato_noped_t1.wav,D#5,75,60,staccato,0,0.696,1
data\piano_phase3\D#5\D#5_v30_legato_noped_t1.wav,D#5,75,30,legato,0,2.258,1
data\piano_phase3\D#5\D#5_v110_sustain_ped_t1.wav,D#5,75,110,sustain,1,1.758,1
data\piano_phase3\D#5\D#5_v30_staccato_noped_t1.wav,D#5,75,30,staccato,0,0.704,1
data\piano_phase3\D#5\D#5_v110_staccato_noped_t1.wav,D#5,75,110,staccato,0,0.693,1
data\piano_phase3\D#5\D#5_v30_legato_ped_t1.wav,D#5,75,30,legato,1,2.258,1
data\piano_phase3\D#5\D#5_v30_sustain_ped_t1.wav,D#5,75,30,sustain,1,1.759,1
data\piano_phase3\D#5\D#5_v30_portato_ped_t1.wav,D#5,75,30,portato,1,1.133,1
data\piano_phase3\D#5\D#5_v60_portato_noped_t1.wav,D#5,75,60,portato,0,1.126,1
data\piano_phase3\D#5\D#5_v110_portato_ped_t1.wav,D#5,75,110,portato,1,1.118,1
data\piano_phase3\D#5\D#5_v110_staccato_ped_t1.wav,D#5,75,110,staccato,1,0.693,1
data\piano_phase3\D#5\D#5_v60_legato_ped_t1.wav,D#5,75,60,legato,1,2.244,1
data\piano_phase3\D#5\D#5_v90_legato_noped_t1.wav,D#5,75,90,legato,0,2.252,1
data\piano_phase3\D#5\D#5_v110_legato_noped_t1.wav,D#5,75,110,legato,0,2.248,1
data\piano_phase3\D#5\D#5_v90_staccato_ped_t1.wav,D#5,75,90,staccato,1,0.693,1
data\piano_phase3\D#5\D#5_v90_portato_noped_t1.wav,D#5,75,90,portato,0,1.12,1
data\piano_phase3\D#5\D#5_v60_legato_noped_t1.wav,D#5,75,60,legato,0,2.244,1
data\piano_phase3\D#5\D#5_v60_sustain_noped_t1.wav,D#5,75,60,sustain,0,1.769,1
data\piano_phase3\D#5\D#5_v90_staccato_noped_t1.wav,D#5,75,90,staccato,0,0.693,1
data\piano_phase3\E5\E5_v90_legato_ped_t1.wav,E5,76,90,legato,1,2.237,1
data\piano_phase3\E5\E5_v30_staccato_noped_t1.wav,E5,76,30,staccato,0,0.699,1
data\piano_phase3\E5\E5_v30_portato_ped_t1.wav,E5,76,30,portato,1,1.13,1
data\piano_phase3\E5\E5_v60_staccato_noped_t1.wav,E5,76,60,staccato,0,0.693,1
data\piano_phase3\E5\E5_v30_sustain_noped_t1.wav,E5,76,30,sustain,0,1.78,1
data\piano_phase3\E5\E5_v110_sustain_ped_t1.wav,E5,76,110,sustain,1,1.768,1
data\piano_phase3\E5\E5_v30_portato_noped_t1.wav,E5,76,30,portato,0,1.13,1
data\piano_phase3\E5\E5_v30_legato_noped_t1.wav,E5,76,30,legato,0,2.259,1
data\piano_phase3\E5\E5_v110_portato_noped_t1.wav,E5,76,110,portato,0,1.113,1
data\piano_phase3\E5\E5_v90_sustain_noped_t1.wav,E5,76,90,sustain,0,1.767,1
data\piano_phase3\E5\E5_v60_legato_ped_t1.wav,E5,76,60,legato,1,2.233,1
data\piano_phase3\E5\E5_v110_sustain_noped_t1.wav,E5,76,110,sustain,0,1.768,1
data\piano_phase3\E5\E5_v90_staccato_ped_t1.wav,E5,76,90,staccato,1,0.693,1
data\piano_phase3\E5\E5_v110_staccato_noped_t1.wav,E5,76,110,staccato,0,0.687,1
data\piano_phase3\E5\E5_v90_portato_noped_t1.wav,E5,76,90,portato,0,1.119,1
data\piano_phase3\E5\E5_v110_legato_noped_t1.wav,E5,76,110,legato,0,2.232,1
data\piano_phase3\E5\E5_v60_portato_noped_t1.wav,E5,76,60,portato,0,1.124,1
data\piano_phase3\E5\E5_v60_sustain_ped_t1.wav,E5,76,60,sustain,1,1.772,1
data\piano_phase3\E5\E5_v60_sustain_noped_t1.wav,E5,76,60,sustain,0,1.772,1
data\piano_phase3\E5\E5_v60_staccato_ped_t1.wav,E5,76,60,staccato,1,0.693,1
data\piano_phase3\E5\E5_v90_sustain_ped_t1.wav,E5,76,90,sustain,1,1.767,1
data\piano_phase3\E5\E5_v110_legato_ped_t1.wav,E5,76,110,legato,1,2.232,1
data\piano_phase3\F5\F5_v110_legato_noped_t1.wav,F5,77,110,legato,0,2.191,1
data\piano_phase3\F5\F5_v30_legato_ped_t1.wav,F5,77,30,legato,1,2.249,1
data\piano_phase3\F5\F5_v110_portato_ped_t1.wav,F5,77,110,portato,1,1.009,1
data\piano_phase3\F5\F5_v30_portato_ped_t1.wav,F5,77,30,portato,1,1.025,1
data\piano_phase3\F5\F5_v60_legato_ped_t1.wav,F5,77,60,legato,1,2.22,1
data\piano_phase3\F5\F5_v90_portato_noped_t1.wav,F5,77,90,portato,0,1.019,1
data\piano_phase3\F5\F5_v30_staccato_ped_t1.wav,F5,77,30,staccato,1,0.665,1
data\piano_phase3\F5\F5_v90_staccato_noped_t1.wav,F5,77,90,staccato,0,0.653,1
data\piano_phase3\F5\F5_v60_sustain_ped_t1.wav,F5,77,60,sustain,1,1.685,1
data\piano_phase3\F5\F5_v30_staccato_noped_t1.wav,F5,77,30,staccato,0,0.665,1
data\piano_phase3\F5\F5_v30_sustain_ped_t1.wav,F5,77,30,sustain,1,1.705,1
data\piano_phase3\F5\F5_v60_staccato_noped_t1.wav,F5,77,60,staccato,0,0.655,1
data\piano_phase3\F5\F5_v30_legato_noped_t1.wav,F5,77,30,legato,0,2.249,1
data\piano_phase3\F5\F5_v60_legato_noped_t1.wav,F5,77,60,legato,0,2.22,1
data\piano_phase3\F5\F5_v110_portato_noped_t1.wav,F5,77,110,portato,0,1.009,1
data\piano_phase3\F5\F5_v110_staccato_ped_t1.wav,F5,77,110,staccato,1,0.648,1
data\piano_phase3\F5\F5_v90_legato_ped_t1.wav,F5,77,90,legato,1,2.201,1
data\piano_phase3\F5\F5_v60_portato_noped_t1.wav,F5,77,60,portato,0,1.016,1
data\piano_phase3\F5\F5_v110_staccato_noped_t1.wav,F5,77,110,staccato,0,0.648,1
data\piano_phase3\F5\F5_v90_staccato_ped_t1.wav,F5,77,90,staccato,1,0.653,1
data\piano_phase3\F5\F5_v110_sustain_noped_t1.wav,F5,77,110,sustain,0,1.683,1
data\piano_phase3\F5\F5_v30_portato_noped_t1.wav,F5,77,30,portato,0,1.025,1
data\piano_phase3\F#5\F#5_v110_legato_ped_t1.wav,F#5,78,110,legato,1,2.201,1
data\piano_phase3\F#5\F#5_v90_legato_noped_t1.wav,F#5,78,90,legato,0,2.213,1
data\piano_phase3\F#5\F#5_v90_legato_ped_t1.wav,F#5,78,90,legato,1,2.213,1
data\piano_phase3\F#5\F#5_v110_portato_noped_t1.wav,F#5,78,110,portato,0,0.987,1
data\piano_phase3\F#5\F#5_v90_sustain_ped_t1.wav,F#5,78,90,sustain,1,1.656,1
data\piano_phase3\F#5\F#5_v60_legato_ped_t1.wav,F#5,78,60,legato,1,2.224,1
data\piano_phase3\F#5\F#5_v90_sustain_noped_t1.wav,F#5,78,90,sustain,0,1.656,1
data\piano_phase3\F#5\F#5_v30_legato_noped_t1.wav,F#5,78,30,legato,0,2.248,1
data\piano_phase3\F#5\F#5_v30_staccato_noped_t1.wav,F#5,78,30,staccato,0,0.663,1
data\piano_phase3\F#5\F#5_v30_legato_ped_t1.wav,F#5,78,30,legato,1,2.248,1
data\piano_phase3\F#5\F#5_v60_legato_noped_t1.wav,F#5,78,60,legato,0,2.224,1
data\piano_phase3\F#5\F#5_v110_sustain_noped_t1.wav,F#5,78,110,sustain,0,1.66,1
data\piano_phase3\F#5\F#5_v60_portato_ped_t1.wav,F#5,78,60,portato,1,0.987,1
data\piano_phase3\F#5\F#5_v60_sustain_ped_t1.wav,F#5,78,60,sustain,1,1.653,1
data\piano_phase3\F#5\F#5_v110_sustain_ped_t1.wav,F#5,78,110,sustain,1,1.66,1
data\piano_phase3\F#5\F#5_v30_sustain_ped_t1.wav,F#5,78,30,sustain,1,1.668,1
data\piano_phase3\F#5\F#5_v90_portato_noped_t1.wav,F#5,78,90,portato,0,0.988,1
data\piano_phase3\F#5\F#5_v60_sustain_noped_t1.wav,F#5,78,60,sustain,0,1.653,1
data\piano_phase3\F#5\F#5_v110_legato_noped_t1.wav,F#5,78,110,legato,0,2.201,1
data\piano_phase3\F#5\F#5_v90_portato_ped_t1.wav,F#5,78,90,portato,1,0.988,1
data\piano_phase3\F#5\F#5_v60_portato_noped_t1.wav,F#5,78,60,portato,0,0.987,1
data\piano_phase3\F#5\F#5_v30_staccato_ped_t1.wav,F#5,78,30,staccato,1,0.663,1
data\piano_phase3\G5\G5_v30_staccato_ped_t1.wav,G5,79,30,staccato,1,0.661,1
data\piano_phase3\G5\G5_v90_staccato_noped_t1.wav,G5,79,90,staccato,0,0.647,1
data\piano_phase3\G5\G5_v30_sustain_ped_t1.wav,G5,79,30,sustain,1,1.64,1
data\piano_phase3\G5\G5_v60_staccato_noped_t1.wav,G5,79,60,staccato,0,0.65,1
data\piano_phase3\G5\G5_v90_legato_noped_t1.wav,G5,79,90,legato,0,2.209,1
data\piano_phase3\G5\G5_v60_portato_noped_t1.wav,G5,79,60,portato,0,0.967,1
data\piano_phase3\G5\G5_v90_legato_ped_t1.wav,G5,79,90,legato,1,2.209,1
data\piano_phase3\G5\G5_v110_legato_ped_t1.wav,G5,79,110,legato,1,2.2,1
data\piano_phase3\G5\G5_v30_staccato_noped_t1.wav,G5,79,30,staccato,0,0.661,1
data\piano_phase3\G5\G5_v30_sustain_noped_t1.wav,G5,79,30,sustain,0,1.64,1
data\piano_phase3\G5\G5_v90_sustain_noped_t1.wav,G5,79,90,sustain,0,1.622,1
data\piano_phase3\G5\G5_v110_sustain_ped_t1.wav,G5,79,110,sustain,1,1.623,1
data\piano_phase3\G5\G5_v30_portato_ped_t1.wav,G5,79,30,portato,1,1.062,1
data\piano_phase3\G5\G5_v110_staccato_noped_t1.wav,G5,79,110,staccato,0,0.642,1
data\piano_phase3\G5\G5_v30_portato_noped_t1.wav,G5,79,30,portato,0,1.062,1
data\piano_phase3\G5\G5_v60_sustain_ped_t1.wav,G5,79,60,sustain,1,1.618,1
data\piano_phase3\G5\G5_v60_sustain_noped_t1.wav,G5,79,60,sustain,0,1.618,1
data\piano_phase3\G5\G5_v110_portato_ped_t1.wav,G5,79,110,portato,1,0.961,1
data\piano_phase3\G5\G5_v90_portato_ped_t1.wav,G5,79,90,portato,1,0.959,1
data\piano_phase3\G5\G5_v60_legato_noped_t1.wav,G5,79,60,legato,0,2.221,1
data\piano_phase3\G5\G5_v90_portato_noped_t1.wav,G5,79,90,portato,0,0.959,1
data\piano_phase3\G5\G5_v90_sustain_ped_t1.wav,G5,79,90,sustain,1,1.622,1
data\piano_phase3\G#5\G#5_v90_sustain_noped_t1.wav,G#5,80,90,sustain,0,1.761,1
data\piano_phase3\G#5\G#5_v110_sustain_ped_t1.wav,G#5,80,110,sustain,1,1.759,1
data\piano_phase3\G#5\G#5_v60_staccato_ped_t1.wav,G#5,80,60,staccato,1,0.707,1
data\piano_phase3\G#5\G#5_v60_portato_noped_t1.wav,G#5,80,60,portato,0,1.107,1
data\piano_phase3\G#5\G#5_v90_portato_ped_t1.wav,G#5,80,90,portato,1,1.1,1
data\piano_phase3\G#5\G#5_v90_sustain_ped_t1.wav,G#5,80,90,sustain,1,1.761,1
data\piano_phase3\G#5\G#5_v90_legato_noped_t1.wav,G#5,80,90,legato,0,2.254,1
data\piano_phase3\G#5\G#5_v110_legato_ped_t1.wav,G#5,80,110,legato,1,2.241,1
data\piano_phase3\G#5\G#5_v60_legato_ped_t1.wav,G#5,80,60,legato,1,2.249,1
data\piano_phase3\G#5\G#5_v90_staccato_ped_t1.wav,G#5,80,90,staccato,1,0.701,1
data\piano_phase3\G#5\G#5_v110_staccato_ped_t1.wav,G#5,80,110,staccato,1,0.701,1
data\piano_phase3\G#5\G#5_v30_legato_noped_t1.wav,G#5,80,30,legato,0,2.298,1
data\piano_phase3\G#5\G#5_v30_portato_ped_t1.wav,G#5,80,30,portato,1,1.126,1
data\piano_phase3\G#5\G#5_v110_sustain_noped_t1.wav,G#5,80,110,sustain,0,1.759,1
data\piano_phase3\G#5\G#5_v110_portato_ped_t1.wav,G#5,80,110,portato,1,1.095,1
data\piano_phase3\G#5\G#5_v60_sustain_noped_t1.wav,G#5,80,60,sustain,0,1.755,1
data\piano_phase3\G#5\G#5_v30_staccato_ped_t1.wav,G#5,80,30,staccato,1,0.716,1
data\piano_phase3\G#5\G#5_v90_legato_ped_t1.wav,G#5,80,90,legato,1,2.254,1
data\piano_phase3\G#5\G#5_v30_staccato_noped_t1.wav,G#5,80,30,staccato,0,0.716,1
data\piano_phase3\G#5\G#5_v60_portato_ped_t1.wav,G#5,80,60,portato,1,1.107,1
data\piano_phase3\G#5\G#5_v110_portato_noped_t1.wav,G#5,80,110,portato,0,1.095,1
data\piano_phase3\G#5\G#5_v30_legato_ped_t1.wav,G#5,80,30,legato,1,2.298,1
data\piano_phase3\A5\A5_v110_staccato_ped_t1.wav,A5,81,110,staccato,1,0.689,1
data\piano_phase3\A5\A5_v30_portato_ped_t1.wav,A5,81,30,portato,1,1.122,1
data\piano_phase3\A5\A5_v90_staccato_ped_t1.wav,A5,81,90,staccato,1,0.693,1
data\piano_phase3\A5\A5_v30_sustain_ped_t1.wav,A5,81,30,sustain,1,1.736,1
data\piano_phase3\A5\A5_v30_legato_ped_t1.wav,A5,81,30,legato,1,2.281,1
data\piano_phase3\A5\A5_v90_sustain_ped_t1.wav,A5,81,90,sustain,1,1.734,1
data\piano_phase3\A5\A5_v60_portato_noped_t1.wav,A5,81,60,portato,0,1.108,1
data\piano_phase3\A5\A5_v30_staccato_ped_t1.wav,A5,81,30,staccato,1,0.713,1
data\piano_phase3\A5\A5_v90_legato_ped_t1.wav,A5,81,90,legato,1,2.226,1
data\piano_phase3\A5\A5_v60_sustain_noped_t1.wav,A5,81,60,sustain,0,1.724,1
data\piano_phase3\A5\A5_v60_staccato_ped_t1.wav,A5,81,60,staccato,1,0.699,1
data\piano_phase3\A5\A5_v60_portato_ped_t1.wav,A5,81,60,portato,1,1.108,1
data\piano_phase3\A5\A5_v90_staccato_noped_t1.wav,A5,81,90,staccato,0,0.693,1
data\piano_phase3\A5\A5_v110_legato_ped_t1.wav,A5,81,110,legato,1,2.225,1
data\piano_phase3\A5\A5_v60_sustain_ped_t1.wav,A5,81,60,sustain,1,1.724,1
data\piano_phase3\A5\A5_v30_legato_noped_t1.wav,A5,81,30,legato,0,2.281,1
data\piano_phase3\A5\A5_v60_staccato_noped_t1.wav,A5,81,60,staccato,0,0.699,1
data\piano_phase3\A5\A5_v90_sustain_noped_t1.wav,A5,81,90,sustain,0,1.734,1
data\piano_phase3\A5\A5_v30_portato_noped_t1.wav,A5,81,30,portato,0,1.122,1
data\piano_phase3\A5\A5_v30_staccato_noped_t1.wav,A5,81,30,staccato,0,0.713,1
data\piano_phase3\A5\A5_v90_portato_ped_t1.wav,A5,81,90,portato,1,1.104,1
data\piano_phase3\A5\A5_v60_legato_noped_t1.wav,A5,81,60,legato,0,2.231,1
data\piano_phase3\A#5\A#5_v30_staccato_ped_t1.wav,A#5,82,30,staccato,1,0.703,1
data\piano_phase3\A#5\A#5_v60_portato_noped_t1.wav,A#5,82,60,portato,0,1.102,1
data\piano_phase3\A#5\A#5_v90_legato_noped_t1.wav,A#5,82,90,legato,0,2.185,1
data\piano_phase3\A#5\A#5_v90_sustain_ped_t1.wav,A#5,82,90,sustain,1,1.692,1
data\piano_phase3\A#5\A#5_v110_legato_noped_t1.wav,A#5,82,110,legato,0,2.186,1
data\piano_phase3\A#5\A#5_v60_staccato_noped_t1.wav,A#5,82,60,staccato,0,0.691,1
data\piano_phase3\A#5\A#5_v60_portato_ped_t1.wav,A#5,82,60,portato,1,1.102,1
data\piano_phase3\A#5\A#5_v110_sustain_noped_t1.wav,A#5,82,110,sustain,0,1.696,1
data\piano_phase3\A#5\A#5_v110_portato_noped_t1.wav,A#5,82,110,portato,0,1.096,1
data\piano_phase3\A#5\A#5_v60_sustain_noped_t1.wav,A#5,82,60,sustain,0,1.686,1
data\piano_phase3\A#5\A#5_v110_staccato_noped_t1.wav,A#5,82,110,staccato,0,0.683,1
data\piano_phase3\A#5\A#5_v30_sustain_ped_t1.wav,A#5,82,30,sustain,1,1.75,1
data\piano_phase3\A#5\A#5_v90_legato_ped_t1.wav,A#5,82,90,legato,1,2.185,1
data\piano_phase3\A#5\A#5_v110_sustain_ped_t1.wav,A#5,82,110,sustain,1,1.696,1
data\piano_phase3\A#5\A#5_v30_legato_noped_t1.wav,A#5,82,30,legato,0,2.251,1
data\piano_phase3\A#5\A#5_v60_staccato_ped_t1.wav,A#5,82,60,staccato,1,0.691,1
data\piano_phase3\A#5\A#5_v30_sustain_noped_t1.wav,A#5,82,30,sustain,0,1.75,1
data\piano_phase3\A#5\A#5_v30_legato_ped_t1.wav,A#5,82,30,legato,1,2.251,1
data\piano_phase3\A#5\A#5_v90_portato_noped_t1.wav,A#5,82,90,portato,0,1.103,1
data\piano_phase3\A#5\A#5_v90_staccato_noped_t1.wav,A#5,82,90,staccato,0,0.684,1
data\piano_phase3\A#5\A#5_v30_staccato_noped_t1.wav,A#5,82,30,staccato,0,0.703,1
data\piano_phase3\A#5\A#5_v90_staccato_ped_t1.wav,A#5,82,90,staccato,1,0.684,1
data\piano_phase3\B5\B5_v90_staccato_ped_t1.wav,B5,83,90,staccato,1,0.585,1
data\piano_phase3\B5\B5_v110_sustain_ped_t1.wav,B5,83,110,sustain,1,1.695,1
data\piano_phase3\B5\B5_v60_staccato_ped_t1.wav,B5,83,60,staccato,1,0.613,1
data\piano_phase3\B5\B5_v60_legato_noped_t1.wav,B5,83,60,legato,0,2.218,1
data\piano_phase3\B5\B5_v30_legato_noped_t1.wav,B5,83,30,legato,0,2.282,1
data\piano_phase3\B5\B5_v110_sustain_noped_t1.wav,B5,83,110,sustain,0,1.695,1
data\piano_phase3\B5\B5_v90_portato_ped_t1.wav,B5,83,90,portato,1,1.048,1
data\piano_phase3\B5\B5_v110_portato_noped_t1.wav,B5,83,110,portato,0,1.067,1
data\piano_phase3\B5\B5_v90_portato_noped_t1.wav,B5,83,90,portato,0,1.048,1
data\piano_phase3\B5\B5_v110_legato_noped_t1.wav,B5,83,110,legato,0,2.228,1
data\piano_phase3\B5\B5_v90_staccato_noped_t1.wav,B5,83,90,staccato,0,0.585,1
data\piano_phase3\B5\B5_v60_sustain_ped_t1.wav,B5,83,60,sustain,1,1.72,1
data\piano_phase3\B5\B5_v110_legato_ped_t1.wav,B5,83,110,legato,1,2.228,1
data\piano_phase3\B5\B5_v30_sustain_ped_t1.wav,B5,83,30,sustain,1,1.787,1
data\piano_phase3\B5\B5_v90_legato_noped_t1.wav,B5,83,90,legato,0,2.153,1
data\piano_phase3\B5\B5_v30_sustain_noped_t1.wav,B5,83,30,sustain,0,1.787,1
data\piano_phase3\B5\B5_v60_portato_noped_t1.wav,B5,83,60,portato,0,1.065,1
data\piano_phase3\B5\B5_v30_portato_ped_t1.wav,B5,83,30,portato,1,1.102,1
data\piano_phase3\B5\B5_v30_legato_ped_t1.wav,B5,83,30,legato,1,2.282,1
data\piano_phase3\B5\B5_v90_sustain_ped_t1.wav,B5,83,90,sustain,1,1.677,1
data\piano_phase3\B5\B5_v30_portato_noped_t1.wav,B5,83,30,portato,0,1.102,1
data\piano_phase3\B5\B5_v110_staccato_ped_t1.wav,B5,83,110,staccato,1,0.591,1
data\piano_phase3\C6\C6_v60_portato_ped_t1.wav,C6,84,60,portato,1,1.067,1
data\piano_phase3\C6\C6_v30_legato_ped_t1.wav,C6,84,30,legato,1,2.276,1
data\piano_phase3\C6\C6_v90_portato_ped_t1.wav,C6,84,90,portato,1,1.033,1
data\piano_phase3\C6\C6_v90_portato_noped_t1.wav,C6,84,90,portato,0,1.033,1
data\piano_phase3\C6\C6_v30_portato_ped_t1.wav,C6,84,30,portato,1,1.081,1
data\piano_phase3\C6\C6_v110_legato_ped_t1.wav,C6,84,110,legato,1,2.205,1
data\piano_phase3\C6\C6_v90_legato_noped_t1.wav,C6,84,90,legato,0,2.188,1
data\piano_phase3\C6\C6_v90_sustain_noped_t1.wav,C6,84,90,sustain,0,1.659,1
data\piano_phase3\C6\C6_v30_sustain_noped_t1.wav,C6,84,30,sustain,0,1.799,1
data\piano_phase3\C6\C6_v60_legato_noped_t1.wav,C6,84,60,legato,0,2.242,1
data\piano_phase3\C6\C6_v110_staccato_noped_t1.wav,C6,84,110,staccato,0,0.589,1
data\piano_phase3\C6\C6_v30_staccato_noped_t1.wav,C6,84,30,staccato,0,0.652,1
data\piano_phase3\C6\C6_v90_sustain_ped_t1.wav,C6,84,90,sustain,1,1.659,1
data\piano_phase3\C6\C6_v60_sustain_ped_t1.wav,C6,84,60,sustain,1,1.726,1
data\piano_phase3\C6\C6_v30_sustain_ped_t1.wav,C6,84,30,sustain,1,1.799,1
data\piano_phase3\C6\C6_v90_legato_ped_t1.wav,C6,84,90,legato,1,2.188,1
data\piano_phase3\C6\C6_v110_portato_noped_t1.wav,C6,84,110,portato,0,1.037,1
data\piano_phase3\C6\C6_v110_portato_ped_t1.wav,C6,84,110,portato,1,1.037,1
data\piano_phase3\C6\C6_v60_staccato_noped_t1.wav,C6,84,60,staccato,0,0.639,1
data\piano_phase3\C6\C6_v60_legato_ped_t1.wav,C6,84,60,legato,1,2.242,1
data\piano_phase3\C6\C6_v90_staccato_ped_t1.wav,C6,84,90,staccato,1,0.589,1
data\piano_phase3\C6\C6_v60_sustain_noped_t1.wav,C6,84,60,sustain,0,1.726,1
data\piano_phase3\C#6\C#6_v110_legato_ped_t1.wav,C#6,85,110,legato,1,2.157,1
data\piano_phase3\C#6\C#6_v30_staccato_noped_t1.wav,C#6,85,30,staccato,0,0.632,1
data\piano_phase3\C#6\C#6_v90_legato_ped_t1.wav,C#6,85,90,legato,1,2.172,1
data\piano_phase3\C#6\C#6_v90_sustain_noped_t1.wav,C#6,85,90,sustain,0,1.631,1
data\piano_phase3\C#6\C#6_v30_portato_ped_t1.wav,C#6,85,30,portato,1,1.092,1
data\piano_phase3\C#6\C#6_v60_sustain_noped_t1.wav,C#6,85,60,sustain,0,1.686,1
data\piano_phase3\C#6\C#6_v90_portato_ped_t1.wav,C#6,85,90,portato,1,1.022,1
data\piano_phase3\C#6\C#6_v30_legato_noped_t1.wav,C#6,85,30,legato,0,2.328,1
data\piano_phase3\C#6\C#6_v30_legato_ped_t1.wav,C#6,85,30,legato,1,2.328,1
data\piano_phase3\C#6\C#6_v110_staccato_ped_t1.wav,C#6,85,110,staccato,1,0.606,1
data\piano_phase3\C#6\C#6_v30_sustain_noped_t1.wav,C#6,85,30,sustain,0,1.783,1
data\piano_phase3\C#6\C#6_v110_portato_noped_t1.wav,C#6,85,110,portato,0,1.033,1
data\piano_phase3\C#6\C#6_v90_portato_noped_t1.wav,C#6,85,90,portato,0,1.022,1
data\piano_phase3\C#6\C#6_v60_legato_noped_t1.wav,C#6,85,60,legato,0,2.223,1
data\piano_phase3\C#6\C#6_v30_staccato_ped_t1.wav,C#6,85,30,staccato,1,0.632,1
data\piano_phase3\C#6\C#6_v110_legato_noped_t1.wav,C#6,85,110,legato,0,2.157,1
data\piano_phase3\C#6\C#6_v60_staccato_ped_t1.wav,C#6,85,60,staccato,1,0.647,1
data\piano_phase3\C#6\C#6_v90_staccato_ped_t1.wav,C#6,85,90,staccato,1,0.606,1
data\piano_phase3\C#6\C#6_v110_sustain_ped_t1.wav,C#6,85,110,sustain,1,1.695,1
data\piano_phase3\C#6\C#6_v90_sustain_ped_t1.wav,C#6,85,90,sustain,1,1.631,1
data\piano_phase3\C#6\C#6_v110_portato_ped_t1.wav,C#6,85,110,portato,1,1.033,1
data\piano_phase3\C#6\C#6_v60_sustain_ped_t1.wav,C#6,85,60,sustain,1,1.686,1
data\piano_phase3\D6\D6_v110_sustain_noped_t1.wav,D6,86,110,sustain,0,1.617,1
data\piano_phase3\D6\D6_v110_legato_ped_t1.wav,D6,86,110,legato,1,2.212,1
data\piano_phase3\D6\D6_v110_sustain_ped_t1.wav,D6,86,110,sustain,1,1.617,1
data\piano_phase3\D6\D6_v90_legato_ped_t1.wav,D6,86,90,legato,1,2.239,1
data\piano_phase3\D6\D6_v30_legato_ped_t1.wav,D6,86,30,legato,1,2.322,1
data\piano_phase3\D6\D6_v60_legato_ped_t1.wav,D6,86,60,legato,1,2.231,1
data\piano_phase3\D6\D6_v110_legato_noped_t1.wav,D6,86,110,legato,0,2.212,1
data\piano_phase3\D6\D6_v30_legato_noped_t1.wav,D6,86,30,legato,0,2.322,1
data\piano_phase3\D6\D6_v60_staccato_ped_t1.wav,D6,86,60,staccato,1,0.644,1
data\piano_phase3\D6\D6_v90_portato_noped_t1.wav,D6,86,90,portato,0,1.106,1
data\piano_phase3\D6\D6_v60_portato_noped_t1.wav,D6,86,60,portato,0,1.12,1
data\piano_phase3\D6\D6_v30_portato_ped_t1.wav,D6,86,30,portato,1,1.152,1
data\piano_phase3\D6\D6_v110_portato_noped_t1.wav,D6,86,110,portato,0,1.096,1
data\piano_phase3\D6\D6_v110_staccato_noped_t1.wav,D6,86,110,staccato,0,0.629,1
data\piano_phase3\D6\D6_v90_staccato_ped_t1.wav,D6,86,90,staccato,1,0.634,1
data\piano_phase3\D6\D6_v60_legato_noped_t1.wav,D6,86,60,legato,0,2.231,1
data\piano_phase3\D6\D6_v30_sustain_noped_t1.wav,D6,86,30,sustain,0,1.839,1
data\piano_phase3\D6\D6_v30_staccato_noped_t1.wav,D6,86,30,staccato,0,0.631,1
data\piano_phase3\D6\D6_v30_sustain_ped_t1.wav,D6,86,30,sustain,1,1.839,1
data\piano_phase3\D6\D6_v90_staccato_noped_t1.wav,D6,86,90,staccato,0,0.634,1
data\piano_phase3\D6\D6_v60_portato_ped_t1.wav,D6,86,60,portato,1,1.12,1
data\piano_phase3\D6\D6_v60_sustain_noped_t1.wav,D6,86,60,sustain,0,1.695,1
data\piano_phase3\D#6\D#6_v90_legato_noped_t1.wav,D#6,87,90,legato,0,2.212,1
data\piano_phase3\D#6\D#6_v60_legato_ped_t1.wav,D#6,87,60,legato,1,2.201,1
data\piano_phase3\D#6\D#6_v110_sustain_noped_t1.wav,D#6,87,110,sustain,0,1.68,1
data\piano_phase3\D#6\D#6_v90_staccato_ped_t1.wav,D#6,87,90,staccato,1,0.633,1
data\piano_phase3\D#6\D#6_v110_portato_ped_t1.wav,D#6,87,110,portato,1,1.095,1
data\piano_phase3\D#6\D#6_v110_legato_ped_t1.wav,D#6,87,110,legato,1,2.184,1
data\piano_phase3\D#6\D#6_v90_sustain_ped_t1.wav,D#6,87,90,sustain,1,1.693,1
data\piano_phase3\D#6\D#6_v110_sustain_ped_t1.wav,D#6,87,110,sustain,1,1.68,1
data\piano_phase3\D#6\D#6_v60_staccato_ped_t1.wav,D#6,87,60,staccato,1,0.63,1
data\piano_phase3\D#6\D#6_v110_staccato_ped_t1.wav,D#6,87,110,staccato,1,0.624,1
data\piano_phase3\D#6\D#6_v30_staccato_ped_t1.wav,D#6,87,30,staccato,1,0.617,1
data\piano_phase3\D#6\D#6_v60_sustain_ped_t1.wav,D#6,87,60,sustain,1,1.716,1
data\piano_phase3\D#6\D#6_v30_legato_noped_t1.wav,D#6,87,30,legato,0,2.322,1
data\piano_phase3\D#6\D#6_v90_portato_ped_t1.wav,D#6,87,90,portato,1,1.1,1
data\piano_phase3\D#6\D#6_v110_portato_noped_t1.wav,D#6,87,110,portato,0,1.095,1
data\piano_phase3\D#6\D#6_v30_sustain_ped_t1.wav,D#6,87,30,sustain,1,1.8,1
data\piano_phase3\D#6\D#6_v30_staccato_noped_t1.wav,D#6,87,30,staccato,0,0.617,1
data\piano_phase3\D#6\D#6_v30_portato_ped_t1.wav,D#6,87,30,portato,1,1.124,1
data\piano_phase3\D#6\D#6_v30_legato_ped_t1.wav,D#6,87,30,legato,1,2.322,1
data\piano_phase3\D#6\D#6_v60_staccato_noped_t1.wav,D#6,87,60,staccato,0,0.63,1
data\piano_phase3\D#6\D#6_v90_sustain_noped_t1.wav,D#6,87,90,sustain,0,1.693,1
data\piano_phase3\D#6\D#6_v60_portato_noped_t1.wav,D#6,87,60,portato,0,1.107,1
data\piano_phase3\E6\E6_v60_legato_ped_t1.wav,E6,88,60,legato,1,2.252,1
data\piano_phase3\E6\E6_v30_legato_noped_t1.wav,E6,88,30,legato,0,2.332,1
data\piano_phase3\E6\E6_v30_legato_ped_t1.wav,E6,88,30,legato,1,2.332,1
data\piano_phase3\E6\E6_v30_sustain_noped_t1.wav,E6,88,30,sustain,0,1.84,1
data\piano_phase3\E6\E6_v110_legato_ped_t1.wav,E6,88,110,legato,1,2.189,1
data\piano_phase3\E6\E6_v30_staccato_ped_t1.wav,E6,88,30,staccato,1,0.591,1
data\piano_phase3\E6\E6_v30_staccato_noped_t1.wav,E6,88,30,staccato,0,0.591,1
data\piano_phase3\E6\E6_v30_portato_ped_t1.wav,E6,88,30,portato,1,1.152,1
data\piano_phase3\E6\E6_v110_legato_noped_t1.wav,E6,88,110,legato,0,2.189,1
data\piano_phase3\E6\E6_v110_staccato_ped_t1.wav,E6,88,110,staccato,1,0.619,1
data\piano_phase3\E6\E6_v110_portato_noped_t1.wav,E6,88,110,portato,0,1.082,1
data\piano_phase3\E6\E6_v60_sustain_noped_t1.wav,E6,88,60,sustain,0,1.749,1
data\piano_phase3\E6\E6_v90_sustain_noped_t1.wav,E6,88,90,sustain,0,1.721,1
data\piano_phase3\E6\E6_v90_portato_ped_t1.wav,E6,88,90,portato,1,1.086,1
data\piano_phase3\E6\E6_v60_sustain_ped_t1.wav,E6,88,60,sustain,1,1.749,1
data\piano_phase3\E6\E6_v90_staccato_noped_t1.wav,E6,88,90,staccato,0,0.622,1
data\piano_phase3\E6\E6_v60_staccato_ped_t1.wav,E6,88,60,staccato,1,0.622,1
data\piano_phase3\E6\E6_v90_portato_noped_t1.wav,E6,88,90,portato,0,1.086,1
data\piano_phase3\E6\E6_v90_staccato_ped_t1.wav,E6,88,90,staccato,1,0.622,1
data\piano_phase3\E6\E6_v110_staccato_noped_t1.wav,E6,88,110,staccato,0,0.619,1
data\piano_phase3\E6\E6_v60_portato_ped_t1.wav,E6,88,60,portato,1,1.095,1
data\piano_phase3\E6\E6_v90_legato_ped_t1.wav,E6,88,90,legato,1,2.205,1
data\piano_phase3\F6\F6_v30_portato_ped_t1.wav,F6,89,30,portato,1,2.104,1
data\piano_phase3\F6\F6_v30_staccato_noped_t1.wav,F6,89,30,staccato,0,1.733,1
data\piano_phase3\F6\F6_v30_legato_noped_t1.wav,F6,89,30,legato,0,3.002,1
data\piano_phase3\F6\F6_v110_portato_ped_t1.wav,F6,89,110,portato,1,1.792,1
data\piano_phase3\F6\F6_v110_sustain_noped_t1.wav,F6,89,110,sustain,0,1.962,1
data\piano_phase3\F6\F6_v110_staccato_noped_t1.wav,F6,89,110,staccato,0,1.57,1
data\piano_phase3\F6\F6_v60_portato_noped_t1.wav,F6,89,60,portato,0,1.826,1
data\piano_phase3\F6\F6_v60_staccato_noped_t1.wav,F6,89,60,staccato,0,1.687,1
data\piano_phase3\F6\F6_v30_legato_ped_t1.wav,F6,89,30,legato,1,3.002,1
data\piano_phase3\F6\F6_v110_legato_ped_t1.wav,F6,89,110,legato,1,2.671,1
data\piano_phase3\F6\F6_v30_sustain_ped_t1.wav,F6,89,30,sustain,1,2.618,1
data\piano_phase3\F6\F6_v90_sustain_ped_t1.wav,F6,89,90,sustain,1,2.248,1
data\piano_phase3\F6\F6_v30_staccato_ped_t1.wav,F6,89,30,staccato,1,1.733,1
data\piano_phase3\F6\F6_v90_sustain_noped_t1.wav,F6,89,90,sustain,0,2.248,1
data\piano_phase3\F6\F6_v110_sustain_ped_t1.wav,F6,89,110,sustain,1,1.962,1
data\piano_phase3\F6\F6_v110_portato_noped_t1.wav,F6,89,110,portato,0,1.792,1
data\piano_phase3\F6\F6_v60_sustain_ped_t1.wav,F6,89,60,sustain,1,2.391,1
data\piano_phase3\F6\F6_v90_staccato_noped_t1.wav,F6,89,90,staccato,0,1.596,1
data\piano_phase3\F6\F6_v60_legato_ped_t1.wav,F6,89,60,legato,1,2.808,1
data\piano_phase3\F6\F6_v60_sustain_noped_t1.wav,F6,89,60,sustain,0,2.391,1
data\piano_phase3\F6\F6_v60_staccato_ped_t1.wav,F6,89,60,staccato,1,1.687,1
data\piano_phase3\F6\F6_v90_legato_noped_t1.wav,F6,89,90,legato,0,2.74,1
data\piano_phase3\F#6\F#6_v60_legato_noped_t1.wav,F#6,90,60,legato,0,2.781,1
data\piano_phase3\F#6\F#6_v90_staccato_ped_t1.wav,F#6,90,90,staccato,1,1.551,1
data\piano_phase3\F#6\F#6_v30_legato_noped_t1.wav,F#6,90,30,legato,0,3.083,1
data\piano_phase3\F#6\F#6_v30_staccato_noped_t1.wav,F#6,90,30,staccato,0,1.662,1
data\piano_phase3\F#6\F#6_v60_legato_ped_t1.wav,F#6,90,60,legato,1,2.781,1
data\piano_phase3\F#6\F#6_v90_portato_noped_t1.wav,F#6,90,90,portato,0,1.724,1
data\piano_phase3\F#6\F#6_v90_sustain_noped_t1.wav,F#6,90,90,sustain,0,2.171,1
data\piano_phase3\F#6\F#6_v30_portato_noped_t1.wav,F#6,90,30,portato,0,2.086,1
data\piano_phase3\F#6\F#6_v60_sustain_noped_t1.wav,F#6,90,60,sustain,0,2.28,1
data\piano_phase3\F#6\F#6_v110_legato_ped_t1.wav,F#6,90,110,legato,1,2.637,1
data\piano_phase3\F#6\F#6_v90_portato_ped_t1.wav,F#6,90,90,portato,1,1.724,1
data\piano_phase3\F#6\F#6_v110_staccato_ped_t1.wav,F#6,90,110,staccato,1,1.54,1
data\piano_phase3\F#6\F#6_v90_legato_ped_t1.wav,F#6,90,90,legato,1,2.648,1
data\piano_phase3\F#6\F#6_v110_sustain_noped_t1.wav,F#6,90,110,sustain,0,2.141,1
data\piano_phase3\F#6\F#6_v110_legato_noped_t1.wav,F#6,90,110,legato,0,2.637,1
data\piano_phase3\F#6\F#6_v90_legato_noped_t1.wav,F#6,90,90,legato,0,2.648,1
data\piano_phase3\F#6\F#6_v110_staccato_noped_t1.wav,F#6,90,110,staccato,0,1.54,1
data\piano_phase3\F#6\F#6_v60_portato_ped_t1.wav,F#6,90,60,portato,1,1.777,1
data\piano_phase3\F#6\F#6_v30_legato_ped_t1.wav,F#6,90,30,legato,1,3.083,1
data\piano_phase3\F#6\F#6_v60_portato_noped_t1.wav,F#6,90,60,portato,0,1.777,1
data\piano_phase3\F#6\F#6_v90_sustain_ped_t1.wav,F#6,90,90,sustain,1,2.171,1
data\piano_phase3\F#6\F#6_v30_sustain_ped_t1.wav,F#6,90,30,sustain,1,2.639,1
data\piano_phase3\G6\G6_v110_legato_ped_t1.wav,G6,91,110,legato,1,2.569,1
data\piano_phase3\G6\G6_v60_legato_ped_t1.wav,G6,91,60,legato,1,2.713,1
data\piano_phase3\G6\G6_v90_sustain_noped_t1.wav,G6,91,90,sustain,0,2.087,1
data\piano_phase3\G6\G6_v110_sustain_ped_t1.wav,G6,91,110,sustain,1,2.058,1
data\piano_phase3\G6\G6_v60_sustain_noped_t1.wav,G6,91,60,sustain,0,2.368,1
data\piano_phase3\G6\G6_v110_legato_noped_t1.wav,G6,91,110,legato,0,2.569,1
data\piano_phase3\G6\G6_v90_staccato_ped_t1.wav,G6,91,90,staccato,1,1.515,1
data\piano_phase3\G6\G6_v30_portato_ped_t1.wav,G6,91,30,portato,1,2.029,1
data\piano_phase3\G6\G6_v60_legato_noped_t1.wav,G6,91,60,legato,0,2.713,1
data\piano_phase3\G6\G6_v60_portato_ped_t1.wav,G6,91,60,portato,1,1.902,1
data\piano_phase3\G6\G6_v90_staccato_noped_t1.wav,G6,91,90,staccato,0,1.515,1
data\piano_phase3\G6\G6_v30_sustain_noped_t1.wav,G6,91,30,sustain,0,2.548,1
data\piano_phase3\G6\G6_v110_portato_noped_t1.wav,G6,91,110,portato,0,1.651,1
data\piano_phase3\G6\G6_v110_staccato_ped_t1.wav,G6,91,110,staccato,1,1.498,1
data\piano_phase3\G6\G6_v30_legato_ped_t1.wav,G6,91,30,legato,1,3.069,1
data\piano_phase3\G6\G6_v90_legato_noped_t1.wav,G6,91,90,legato,0,2.552,1
data\piano_phase3\G6\G6_v60_sustain_ped_t1.wav,G6,91,60,sustain,1,2.368,1
data\piano_phase3\G6\G6_v30_legato_noped_t1.wav,G6,91,30,legato,0,3.069,1
data\piano_phase3\G6\G6_v60_staccato_noped_t1.wav,G6,91,60,staccato,0,1.583,1
data\piano_phase3\G6\G6_v110_staccato_noped_t1.wav,G6,91,110,staccato,0,1.498,1
data\piano_phase3\G6\G6_v110_portato_ped_t1.wav,G6,91,110,portato,1,1.651,1
data\piano_phase3\G6\G6_v30_portato_noped_t1.wav,G6,91,30,portato,0,2.029,1
data\piano_phase3\G#6\G#6_v110_portato_noped_t1.wav,G#6,92,110,portato,0,1.331,1
data\piano_phase3\G#6\G#6_v90_staccato_noped_t1.wav,G#6,92,90,staccato,0,1.004,1
data\piano_phase3\G#6\G#6_v90_sustain_noped_t1.wav,G#6,92,90,sustain,0,1.835,1
data\piano_phase3\G#6\G#6_v60_staccato_noped_t1.wav,G#6,92,60,staccato,0,1.01,1
data\piano_phase3\G#6\G#6_v60_staccato_ped_t1.wav,G#6,92,60,staccato,1,1.01,1
data\piano_phase3\G#6\G#6_v110_staccato_ped_t1.wav,G#6,92,110,staccato,1,0.996,1
data\piano_phase3\G#6\G#6_v30_staccato_noped_t1.wav,G#6,92,30,staccato,0,1.387,1
data\piano_phase3\G#6\G#6_v30_portato_noped_t1.wav,G#6,92,30,portato,0,1.689,1
data\piano_phase3\G#6\G#6_v110_sustain_noped_t1.wav,G#6,92,110,sustain,0,1.72,1
data\piano_phase3\G#6\G#6_v90_portato_noped_t1.wav,G#6,92,90,portato,0,1.337,1
data\piano_phase3\G#6\G#6_v90_staccato_ped_t1.wav,G#6,92,90,staccato,1,1.004,1
data\piano_phase3\G#6\G#6_v30_staccato_ped_t1.wav,G#6,92,30,staccato,1,1.387,1
data\piano_phase3\G#6\G#6_v30_legato_ped_t1.wav,G#6,92,30,legato,1,2.849,1
data\piano_phase3\G#6\G#6_v110_portato_ped_t1.wav,G#6,92,110,portato,1,1.331,1
data\piano_phase3\G#6\G#6_v110_legato_noped_t1.wav,G#6,92,110,legato,0,2.219,1
data\piano_phase3\G#6\G#6_v110_legato_ped_t1.wav,G#6,92,110,legato,1,2.219,1
data\piano_phase3\G#6\G#6_v90_legato_ped_t1.wav,G#6,92,90,legato,1,2.293,1
data\piano_phase3\G#6\G#6_v90_legato_noped_t1.wav,G#6,92,90,legato,0,2.293,1
data\piano_phase3\G#6\G#6_v60_sustain_noped_t1.wav,G#6,92,60,sustain,0,2.002,1
data\piano_phase3\G#6\G#6_v60_portato_ped_t1.wav,G#6,92,60,portato,1,1.547,1
data\piano_phase3\G#6\G#6_v90_sustain_ped_t1.wav,G#6,92,90,sustain,1,1.835,1
data\piano_phase3\G#6\G#6_v110_staccato_noped_t1.wav,G#6,92,110,staccato,0,0.996,1
data\piano_phase3\A6\A6_v110_staccato_noped_t1.wav,A6,93,110,staccato,0,0.954,1
data\piano_phase3\A6\A6_v90_sustain_noped_t1.wav,A6,93,90,sustain,0,1.767,1
data\piano_phase3\A6\A6_v60_sustain_noped_t1.wav,A6,93,60,sustain,0,2.174,1
data\piano_phase3\A6\A6_v60_portato_ped_t1.wav,A6,93,60,portato,1,1.514,1
data\piano_phase3\A6\A6_v60_sustain_ped_t1.wav,A6,93,60,sustain,1,2.174,1
data\piano_phase3\A6\A6_v30_portato_noped_t1.wav,A6,93,30,portato,0,1.78,1
data\piano_phase3\A6\A6_v30_sustain_noped_t1.wav,A6,93,30,sustain,0,2.588,1
data\piano_phase3\A6\A6_v90_legato_noped_t1.wav,A6,93,90,legato,0,2.174,1
data\piano_phase3\A6\A6_v30_portato_ped_t1.wav,A6,93,30,portato,1,1.78,1
data\piano_phase3\A6\A6_v90_staccato_ped_t1.wav,A6,93,90,staccato,1,0.957,1
data\piano_phase3\A6\A6_v60_staccato_noped_t1.wav,A6,93,60,staccato,0,1.179,1
data\piano_phase3\A6\A6_v90_sustain_ped_t1.wav,A6,93,90,sustain,1,1.767,1
data\piano_phase3\A6\A6_v30_staccato_ped_t1.wav,A6,93,30,staccato,1,1.599,1
data\piano_phase3\A6\A6_v30_staccato_noped_t1.wav,A6,93,30,staccato,0,1.599,1
data\piano_phase3\A6\A6_v30_legato_ped_t1.wav,A6,93,30,legato,1,3.079,1
data\piano_phase3\A6\A6_v60_staccato_ped_t1.wav,A6,93,60,staccato,1,1.179,1
data\piano_phase3\A6\A6_v90_portato_ped_t1.wav,A6,93,90,portato,1,1.288,1
data\piano_phase3\A6\A6_v60_legato_noped_t1.wav,A6,93,60,legato,0,2.638,1
data\piano_phase3\A6\A6_v90_staccato_noped_t1.wav,A6,93,90,staccato,0,0.957,1
data\piano_phase3\A6\A6_v110_legato_ped_t1.wav,A6,93,110,legato,1,2.115,1
data\piano_phase3\A6\A6_v110_sustain_ped_t1.wav,A6,93,110,sustain,1,1.771,1
data\piano_phase3\A6\A6_v30_legato_noped_t1.wav,A6,93,30,legato,0,3.079,1
data\piano_phase3\A#6\A#6_v90_portato_noped_t1.wav,A#6,94,90,portato,0,1.232,1
data\piano_phase3\A#6\A#6_v30_portato_noped_t1.wav,A#6,94,30,portato,0,1.701,1
data\piano_phase3\A#6\A#6_v110_portato_noped_t1.wav,A#6,94,110,portato,0,1.215,1
data\piano_phase3\A#6\A#6_v110_sustain_noped_t1.wav,A#6,94,110,sustain,0,1.681,1
data\piano_phase3\A#6\A#6_v30_sustain_ped_t1.wav,A#6,94,30,sustain,1,2.55,1
data\piano_phase3\A#6\A#6_v110_legato_ped_t1.wav,A#6,94,110,legato,1,2.096,1
data\piano_phase3\A#6\A#6_v60_legato_ped_t1.wav,A#6,94,60,legato,1,2.634,1
data\piano_phase3\A#6\A#6_v110_staccato_ped_t1.wav,A#6,94,110,staccato,1,0.913,1
data\piano_phase3\A#6\A#6_v60_portato_noped_t1.wav,A#6,94,60,portato,0,1.601,1
data\piano_phase3\A#6\A#6_v30_legato_ped_t1.wav,A#6,94,30,legato,1,2.969,1
data\piano_phase3\A#6\A#6_v60_legato_noped_t1.wav,A#6,94,60,legato,0,2.634,1
data\piano_phase3\A#6\A#6_v90_staccato_noped_t1.wav,A#6,94,90,staccato,0,0.993,1
data\piano_phase3\A#6\A#6_v110_sustain_ped_t1.wav,A#6,94,110,sustain,1,1.681,1
data\piano_phase3\A#6\A#6_v110_staccato_noped_t1.wav,A#6,94,110,staccato,0,0.913,1
data\piano_phase3\A#6\A#6_v90_legato_ped_t1.wav,A#6,94,90,legato,1,2.06,1
data\piano_phase3\A#6\A#6_v90_sustain_noped_t1.wav,A#6,94,90,sustain,0,1.957,1
data\piano_phase3\A#6\A#6_v30_legato_noped_t1.wav,A#6,94,30,legato,0,2.969,1
data\piano_phase3\A#6\A#6_v90_portato_ped_t1.wav,A#6,94,90,portato,1,1.232,1
data\piano_phase3\A#6\A#6_v90_sustain_ped_t1.wav,A#6,94,90,sustain,1,1.957,1
data\piano_phase3\A#6\A#6_v30_staccato_ped_t1.wav,A#6,94,30,staccato,1,1.517,1
data\piano_phase3\A#6\A#6_v90_legato_noped_t1.wav,A#6,94,90,legato,0,2.06,1
data\piano_phase3\A#6\A#6_v60_sustain_noped_t1.wav,A#6,94,60,sustain,0,2.444,1
data\piano_phase3\B6\B6_v30_staccato_noped_t1.wav,B6,95,30,staccato,0,1.633,1
data\piano_phase3\B6\B6_v60_sustain_ped_t1.wav,B6,95,60,sustain,1,1.97,1
data\piano_phase3\B6\B6_v30_portato_ped_t1.wav,B6,95,30,portato,1,2.256,1
data\piano_phase3\B6\B6_v90_legato_noped_t1.wav,B6,95,90,legato,0,2.405,1
data\piano_phase3\B6\B6_v90_legato_ped_t1.wav,B6,95,90,legato,1,2.405,1
data\piano_phase3\B6\B6_v60_legato_ped_t1.wav,B6,95,60,legato,1,2.397,1
data\piano_phase3\B6\B6_v60_staccato_ped_t1.wav,B6,95,60,staccato,1,1.02,1
data\piano_phase3\B6\B6_v110_sustain_noped_t1.wav,B6,95,110,sustain,0,1.846,1
data\piano_phase3\B6\B6_v30_portato_noped_t1.wav,B6,95,30,portato,0,2.256,1
data\piano_phase3\B6\B6_v60_legato_noped_t1.wav,B6,95,60,legato,0,2.397,1
data\piano_phase3\B6\B6_v60_staccato_noped_t1.wav,B6,95,60,staccato,0,1.02,1
data\piano_phase3\B6\B6_v30_legato_ped_t1.wav,B6,95,30,legato,1,3.288,1
data\piano_phase3\B6\B6_v90_sustain_noped_t1.wav,B6,95,90,sustain,0,1.743,1
data\piano_phase3\B6\B6_v30_sustain_ped_t1.wav,B6,95,30,sustain,1,3.004,1
data\piano_phase3\B6\B6_v110_portato_noped_t1.wav,B6,95,110,portato,0,1.138,1
data\piano_phase3\B6\B6_v110_sustain_ped_t1.wav,B6,95,110,sustain,1,1.846,1
data\piano_phase3\B6\B6_v110_portato_ped_t1.wav,B6,95,110,portato,1,1.138,1
data\piano_phase3\B6\B6_v90_portato_noped_t1.wav,B6,95,90,portato,0,1.169,1
data\piano_phase3\B6\B6_v30_staccato_ped_t1.wav,B6,95,30,staccato,1,1.633,1
data\piano_phase3\B6\B6_v90_sustain_ped_t1.wav,B6,95,90,sustain,1,1.743,1
data\piano_phase3\B6\B6_v60_sustain_noped_t1.wav,B6,95,60,sustain,0,1.97,1
data\piano_phase3\B6\B6_v90_staccato_noped_t1.wav,B6,95,90,staccato,0,0.975,1
data\piano_phase3\C7\C7_v30_legato_noped_t1.wav,C7,96,30,legato,0,3.67,1
data\piano_phase3\C7\C7_v30_portato_noped_t1.wav,C7,96,30,portato,0,2.317,1
data\piano_phase3\C7\C7_v110_portato_ped_t1.wav,C7,96,110,portato,1,1.248,1
data\piano_phase3\C7\C7_v30_sustain_ped_t1.wav,C7,96,30,sustain,1,2.862,1
data\piano_phase3\C7\C7_v30_staccato_ped_t1.wav,C7,96,30,staccato,1,1.575,1
data\piano_phase3\C7\C7_v60_staccato_noped_t1.wav,C7,96,60,staccato,0,1.065,1
data\piano_phase3\C7\C7_v60_sustain_noped_t1.wav,C7,96,60,sustain,0,2.067,1
data\piano_phase3\C7\C7_v110_staccato_ped_t1.wav,C7,96,110,staccato,1,0.835,1
data\piano_phase3\C7\C7_v110_staccato_noped_t1.wav,C7,96,110,staccato,0,0.835,1
data\piano_phase3\C7\C7_v90_sustain_noped_t1.wav,C7,96,90,sustain,0,1.89,1
data\piano_phase3\C7\C7_v60_legato_noped_t1.wav,C7,96,60,legato,0,2.695,1
data\piano_phase3\C7\C7_v90_portato_ped_t1.wav,C7,96,90,portato,1,1.325,1
data\piano_phase3\C7\C7_v30_sustain_noped_t1.wav,C7,96,30,sustain,0,2.862,1
data\piano_phase3\C7\C7_v30_legato_ped_t1.wav,C7,96,30,legato,1,3.67,1
data\piano_phase3\C7\C7_v110_sustain_noped_t1.wav,C7,96,110,sustain,0,1.94,1
data\piano_phase3\C7\C7_v110_legato_ped_t1.wav,C7,96,110,legato,1,2.154,1
data\piano_phase3\C7\C7_v90_legato_ped_t1.wav,C7,96,90,legato,1,2.345,1
data\piano_phase3\C7\C7_v60_sustain_ped_t1.wav,C7,96,60,sustain,1,2.067,1
data\piano_phase3\C7\C7_v30_portato_ped_t1.wav,C7,96,30,portato,1,2.317,1
data\piano_phase3\C7\C7_v60_portato_noped_t1.wav,C7,96,60,portato,0,1.426,1
data\piano_phase3\C7\C7_v60_portato_ped_t1.wav,C7,96,60,portato,1,1.426,1
data\piano_phase3\C7\C7_v30_staccato_noped_t1.wav,C7,96,30,staccato,0,1.575,1
data\piano_phase3\C#7\C#7_v110_portato_noped_t1.wav,C#7,97,110,portato,0,1.223,1
data\piano_phase3\C#7\C#7_v60_portato_ped_t1.wav,C#7,97,60,portato,1,1.354,1
data\piano_phase3\C#7\C#7_v90_staccato_ped_t1.wav,C#7,97,90,staccato,1,0.969,1
data\piano_phase3\C#7\C#7_v60_staccato_ped_t1.wav,C#7,97,60,staccato,1,1.018,1
data\piano_phase3\C#7\C#7_v90_portato_ped_t1.wav,C#7,97,90,portato,1,1.26,1
data\piano_phase3\C#7\C#7_v110_legato_noped_t1.wav,C#7,97,110,legato,0,2.194,1
data\piano_phase3\C#7\C#7_v110_legato_ped_t1.wav,C#7,97,110,legato,1,2.194,1
data\piano_phase3\C#7\C#7_v90_sustain_noped_t1.wav,C#7,97,90,sustain,0,1.793,1
data\piano_phase3\C#7\C#7_v60_sustain_noped_t1.wav,C#7,97,60,sustain,0,2.02,1
data\piano_phase3\C#7\C#7_v30_legato_ped_t1.wav,C#7,97,30,legato,1,3.482,1
data\piano_phase3\C#7\C#7_v110_staccato_noped_t1.wav,C#7,97,110,staccato,0,0.8,1
data\piano_phase3\C#7\C#7_v30_sustain_ped_t1.wav,C#7,97,30,sustain,1,2.734,1
data\piano_phase3\C#7\C#7_v110_staccato_ped_t1.wav,C#7,97,110,staccato,1,0.8,1
data\piano_phase3\C#7\C#7_v110_sustain_noped_t1.wav,C#7,97,110,sustain,0,1.897,1
data\piano_phase3\C#7\C#7_v60_staccato_noped_t1.wav,C#7,97,60,staccato,0,1.018,1
data\piano_phase3\C#7\C#7_v110_sustain_ped_t1.wav,C#7,97,110,sustain,1,1.897,1
data\piano_phase3\C#7\C#7_v30_staccato_ped_t1.wav,C#7,97,30,staccato,1,1.583,1
data\piano_phase3\C#7\C#7_v60_legato_ped_t1.wav,C#7,97,60,legato,1,2.553,1
data\piano_phase3\C#7\C#7_v90_staccato_noped_t1.wav,C#7,97,90,staccato,0,0.969,1
data\piano_phase3\C#7\C#7_v90_sustain_ped_t1.wav,C#7,97,90,sustain,1,1.793,1
data\piano_phase3\C#7\C#7_v110_portato_ped_t1.wav,C#7,97,110,portato,1,1.223,1
data\piano_phase3\C#7\C#7_v90_legato_ped_t1.wav,C#7,97,90,legato,1,2.238,1
data\piano_phase3\D7\D7_v60_legato_noped_t1.wav,D7,98,60,legato,0,2.816,1
data\piano_phase3\D7\D7_v30_portato_ped_t1.wav,D7,98,30,portato,1,2.051,1
data\piano_phase3\D7\D7_v90_legato_ped_t1.wav,D7,98,90,legato,1,2.546,1
data\piano_phase3\D7\D7_v30_staccato_noped_t1.wav,D7,98,30,staccato,0,1.608,1
data\piano_phase3\D7\D7_v30_portato_noped_t1.wav,D7,98,30,portato,0,2.051,1
data\piano_phase3\D7\D7_v60_sustain_ped_t1.wav,D7,98,60,sustain,1,2.127,1
data\piano_phase3\D7\D7_v110_legato_ped_t1.wav,D7,98,110,legato,1,2.234,1
data\piano_phase3\D7\D7_v30_sustain_ped_t1.wav,D7,98,30,sustain,1,2.648,1
data\piano_phase3\D7\D7_v60_sustain_noped_t1.wav,D7,98,60,sustain,0,2.127,1
data\piano_phase3\D7\D7_v90_sustain_noped_t1.wav,D7,98,90,sustain,0,1.854,1
data\piano_phase3\D7\D7_v110_staccato_ped_t1.wav,D7,98,110,staccato,1,1.059,1
data\piano_phase3\D7\D7_v90_portato_noped_t1.wav,D7,98,90,portato,0,1.407,1
data\piano_phase3\D7\D7_v90_sustain_ped_t1.wav,D7,98,90,sustain,1,1.854,1
data\piano_phase3\D7\D7_v30_staccato_ped_t1.wav,D7,98,30,staccato,1,1.608,1
data\piano_phase3\D7\D7_v30_sustain_noped_t1.wav,D7,98,30,sustain,0,2.648,1
data\piano_phase3\D7\D7_v110_portato_noped_t1.wav,D7,98,110,portato,0,1.4,1
data\piano_phase3\D7\D7_v60_portato_ped_t1.wav,D7,98,60,portato,1,1.656,1
data\piano_phase3\D7\D7_v110_legato_noped_t1.wav,D7,98,110,legato,0,2.234,1
data\piano_phase3\D7\D7_v60_portato_noped_t1.wav,D7,98,60,portato,0,1.656,1
data\piano_phase3\D7\D7_v110_sustain_ped_t1.wav,D7,98,110,sustain,1,1.99,1
data\piano_phase3\D7\D7_v110_sustain_noped_t1.wav,D7,98,110,sustain,0,1.99,1
data\piano_phase3\D7\D7_v90_legato_noped_t1.wav,D7,98,90,legato,0,2.546,1
data\piano_phase3\D#7\D#7_v110_staccato_ped_t1.wav,D#7,99,110,staccato,1,1.018,1
data\piano_phase3\D#7\D#7_v90_portato_noped_t1.wav,D#7,99,90,portato,0,1.387,1
data\piano_phase3\D#7\D#7_v30_sustain_ped_t1.wav,D#7,99,30,sustain,1,2.878,1
data\piano_phase3\D#7\D#7_v60_sustain_noped_t1.wav,D#7,99,60,sustain,0,2.128,1
data\piano_phase3\D#7\D#7_v110_portato_noped_t1.wav,D#7,99,110,portato,0,1.398,1
data\piano_phase3\D#7\D#7_v30_portato_noped_t1.wav,D#7,99,30,portato,0,2.085,1
data\piano_phase3\D#7\D#7_v60_staccato_ped_t1.wav,D#7,99,60,staccato,1,1.079,1
data\piano_phase3\D#7\D#7_v30_staccato_ped_t1.wav,D#7,99,30,staccato,1,1.58,1
data\piano_phase3\D#7\D#7_v110_legato_noped_t1.wav,D#7,99,110,legato,0,2.27,1
data\piano_phase3\D#7\D#7_v60_portato_ped_t1.wav,D#7,99,60,portato,1,1.613,1
data\piano_phase3\D#7\D#7_v60_sustain_ped_t1.wav,D#7,99,60,sustain,1,2.128,1
data\piano_phase3\D#7\D#7_v110_sustain_noped_t1.wav,D#7,99,110,sustain,0,1.974,1
data\piano_phase3\D#7\D#7_v90_portato_ped_t1.wav,D#7,99,90,portato,1,1.387,1
data\piano_phase3\D#7\D#7_v60_portato_noped_t1.wav,D#7,99,60,portato,0,1.613,1
data\piano_phase3\D#7\D#7_v30_staccato_noped_t1.wav,D#7,99,30,staccato,0,1.58,1
data\piano_phase3\D#7\D#7_v90_staccato_noped_t1.wav,D#7,99,90,staccato,0,1.034,1
data\piano_phase3\D#7\D#7_v30_legato_ped_t1.wav,D#7,99,30,legato,1,3.175,1
data\piano_phase3\D#7\D#7_v30_portato_ped_t1.wav,D#7,99,30,portato,1,2.085,1
data\piano_phase3\D#7\D#7_v30_sustain_noped_t1.wav,D#7,99,30,sustain,0,2.878,1
data\piano_phase3\D#7\D#7_v90_sustain_ped_t1.wav,D#7,99,90,sustain,1,2.114,1
data\piano_phase3\D#7\D#7_v110_legato_ped_t1.wav,D#7,99,110,legato,1,2.27,1
data\piano_phase3\D#7\D#7_v110_portato_ped_t1.wav,D#7,99,110,portato,1,1.398,1
data\piano_phase3\E7\E7_v90_portato_ped_t1.wav,E7,100,90,portato,1,1.329,1
data\piano_phase3\E7\E7_v30_portato_ped_t1.wav,E7,100,30,portato,1,1.991,1
data\piano_phase3\E7\E7_v110_staccato_noped_t1.wav,E7,100,110,staccato,0,0.971,1
data\piano_phase3\E7\E7_v30_sustain_noped_t1.wav,E7,100,30,sustain,0,2.725,1
data\piano_phase3\E7\E7_v90_legato_ped_t1.wav,E7,100,90,legato,1,2.524,1
data\piano_phase3\E7\E7_v60_staccato_noped_t1.wav,E7,100,60,staccato,0,1.108,1
data\piano_phase3\E7\E7_v110_sustain_noped_t1.wav,E7,100,110,sustain,0,1.876,1
data\piano_phase3\E7\E7_v60_portato_ped_t1.wav,E7,100,60,portato,1,1.534,1
data\piano_phase3\E7\E7_v90_staccato_noped_t1.wav,E7,100,90,staccato,0,0.986,1
data\piano_phase3\E7\E7_v60_sustain_noped_t1.wav,E7,100,60,sustain,0,2.348,1
data\piano_phase3\E7\E7_v110_legato_ped_t1.wav,E7,100,110,legato,1,2.38,1
data\piano_phase3\E7\E7_v110_portato_ped_t1.wav,E7,100,110,portato,1,1.329,1
data\piano_phase3\E7\E7_v90_legato_noped_t1.wav,E7,100,90,legato,0,2.524,1
data\piano_phase3\E7\E7_v110_sustain_ped_t1.wav,E7,100,110,sustain,1,1.876,1
data\piano_phase3\E7\E7_v60_legato_noped_t1.wav,E7,100,60,legato,0,2.73,1
data\piano_phase3\E7\E7_v90_portato_noped_t1.wav,E7,100,90,portato,0,1.329,1
data\piano_phase3\E7\E7_v30_legato_ped_t1.wav,E7,100,30,legato,1,3.356,1
data\piano_phase3\E7\E7_v30_portato_noped_t1.wav,E7,100,30,portato,0,1.991,1
data\piano_phase3\E7\E7_v30_staccato_ped_t1.wav,E7,100,30,staccato,1,1.651,1
data\piano_phase3\E7\E7_v90_sustain_ped_t1.wav,E7,100,90,sustain,1,2.092,1
data\piano_phase3\E7\E7_v60_portato_noped_t1.wav,E7,100,60,portato,0,1.534,1
data\piano_phase3\E7\E7_v60_staccato_ped_t1.wav,E7,100,60,staccato,1,1.108,1
data\piano_phase3\F7\F7_v60_sustain_noped_t1.wav,F7,101,60,sustain,0,2.467,1
data\piano_phase3\F7\F7_v30_staccato_ped_t1.wav,F7,101,30,staccato,1,1.761,1
data\piano_phase3\F7\F7_v30_legato_ped_t1.wav,F7,101,30,legato,1,3.616,1
data\piano_phase3\F7\F7_v110_sustain_noped_t1.wav,F7,101,110,sustain,0,2.69,1
data\piano_phase3\F7\F7_v110_staccato_ped_t1.wav,F7,101,110,staccato,1,1.454,1
data\piano_phase3\F7\F7_v90_portato_noped_t1.wav,F7,101,90,portato,0,1.655,1
data\piano_phase3\F7\F7_v110_legato_noped_t1.wav,F7,101,110,legato,0,3.153,1
data\piano_phase3\F7\F7_v60_sustain_ped_t1.wav,F7,101,60,sustain,1,2.467,1
data\piano_phase3\F7\F7_v90_portato_ped_t1.wav,F7,101,90,portato,1,1.655,1
data\piano_phase3\F7\F7_v110_staccato_noped_t1.wav,F7,101,110,staccato,0,1.454,1
data\piano_phase3\F7\F7_v110_portato_ped_t1.wav,F7,101,110,portato,1,2.09,1
data\piano_phase3\F7\F7_v90_legato_ped_t1.wav,F7,101,90,legato,1,3.041,1
data\piano_phase3\F7\F7_v30_staccato_noped_t1.wav,F7,101,30,staccato,0,1.761,1
data\piano_phase3\F7\F7_v30_portato_noped_t1.wav,F7,101,30,portato,0,2.216,1
data\piano_phase3\F7\F7_v60_portato_ped_t1.wav,F7,101,60,portato,1,1.907,1
data\piano_phase3\F7\F7_v110_legato_ped_t1.wav,F7,101,110,legato,1,3.153,1
data\piano_phase3\F7\F7_v90_legato_noped_t1.wav,F7,101,90,legato,0,3.041,1
data\piano_phase3\F7\F7_v30_sustain_ped_t1.wav,F7,101,30,sustain,1,3.035,1
data\piano_phase3\F7\F7_v60_portato_noped_t1.wav,F7,101,60,portato,0,1.907,1
data\piano_phase3\F7\F7_v30_portato_ped_t1.wav,F7,101,30,portato,1,2.216,1
data\piano_phase3\F7\F7_v30_legato_noped_t1.wav,F7,101,30,legato,0,3.616,1
data\piano_phase3\F7\F7_v60_staccato_noped_t1.wav,F7,101,60,staccato,0,1.281,1
data\piano_phase3\F#7\F#7_v90_staccato_noped_t1.wav,F#7,102,90,staccato,0,1.22,1
data\piano_phase3\F#7\F#7_v30_staccato_ped_t1.wav,F#7,102,30,staccato,1,1.67,1
data\piano_phase3\F#7\F#7_v30_legato_noped_t1.wav,F#7,102,30,legato,0,3.441,1
data\piano_phase3\F#7\F#7_v30_portato_noped_t1.wav,F#7,102,30,portato,0,2.303,1
data\piano_phase3\F#7\F#7_v90_staccato_ped_t1.wav,F#7,102,90,staccato,1,1.22,1
data\piano_phase3\F#7\F#7_v90_portato_ped_t1.wav,F#7,102,90,portato,1,1.574,1
data\piano_phase3\F#7\F#7_v90_sustain_noped_t1.wav,F#7,102,90,sustain,0,2.382,1
data\piano_phase3\F#7\F#7_v60_sustain_ped_t1.wav,F#7,102,60,sustain,1,2.654,1
data\piano_phase3\F#7\F#7_v110_sustain_noped_t1.wav,F#7,102,110,sustain,0,2.558,1
data\piano_phase3\F#7\F#7_v110_portato_ped_t1.wav,F#7,102,110,portato,1,1.985,1
data\piano_phase3\F#7\F#7_v110_portato_noped_t1.wav,F#7,102,110,portato,0,1.985,1
data\piano_phase3\F#7\F#7_v90_legato_noped_t1.wav,F#7,102,90,legato,0,2.931,1
data\piano_phase3\F#7\F#7_v90_portato_noped_t1.wav,F#7,102,90,portato,0,1.574,1
data\piano_phase3\F#7\F#7_v60_portato_ped_t1.wav,F#7,102,60,portato,1,1.964,1
data\piano_phase3\F#7\F#7_v110_staccato_ped_t1.wav,F#7,102,110,staccato,1,1.38,1
data\piano_phase3\F#7\F#7_v60_staccato_ped_t1.wav,F#7,102,60,staccato,1,1.218,1
data\piano_phase3\F#7\F#7_v110_staccato_noped_t1.wav,F#7,102,110,staccato,0,1.38,1
data\piano_phase3\F#7\F#7_v110_sustain_ped_t1.wav,F#7,102,110,sustain,1,2.558,1
data\piano_phase3\F#7\F#7_v60_legato_noped_t1.wav,F#7,102,60,legato,0,2.94,1
data\piano_phase3\F#7\F#7_v90_legato_ped_t1.wav,F#7,102,90,legato,1,2.931,1
data\piano_phase3\F#7\F#7_v110_legato_noped_t1.wav,F#7,102,110,legato,0,2.995,1
data\piano_phase3\F#7\F#7_v60_staccato_noped_t1.wav,F#7,102,60,staccato,0,1.218,1
data\piano_phase3\G7\G7_v110_staccato_ped_t1.wav,G7,103,110,staccato,1,1.396,1
data\piano_phase3\G7\G7_v90_staccato_ped_t1.wav,G7,103,90,staccato,1,1.161,1
data\piano_phase3\G7\G7_v30_portato_noped_t1.wav,G7,103,30,portato,0,2.301,1
data\piano_phase3\G7\G7_v90_portato_noped_t1.wav,G7,103,90,portato,0,1.582,1
data\piano_phase3\G7\G7_v90_staccato_noped_t1.wav,G7,103,90,staccato,0,1.161,1
data\piano_phase3\G7\G7_v110_sustain_noped_t1.wav,G7,103,110,sustain,0,2.725,1
data\piano_phase3\G7\G7_v30_staccato_noped_t1.wav,G7,103,30,staccato,0,1.666,1
data\piano_phase3\G7\G7_v30_sustain_ped_t1.wav,G7,103,30,sustain,1,3.061,1
data\piano_phase3\G7\G7_v90_legato_ped_t1.wav,G7,103,90,legato,1,3.049,1
data\piano_phase3\G7\G7_v60_staccato_noped_t1.wav,G7,103,60,staccato,0,1.261,1
data\piano_phase3\G7\G7_v30_staccato_ped_t1.wav,G7,103,30,staccato,1,1.666,1
data\piano_phase3\G7\G7_v110_portato_ped_t1.wav,G7,103,110,portato,1,1.918,1
data\piano_phase3\G7\G7_v60_portato_noped_t1.wav,G7,103,60,portato,0,1.862,1
data\piano_phase3\G7\G7_v110_sustain_ped_t1.wav,G7,103,110,sustain,1,2.725,1
data\piano_phase3\G7\G7_v60_sustain_noped_t1.wav,G7,103,60,sustain,0,2.551,1
data\piano_phase3\G7\G7_v30_legato_noped_t1.wav,G7,103,30,legato,0,3.456,1
data\piano_phase3\G7\G7_v90_sustain_ped_t1.wav,G7,103,90,sustain,1,2.316,1
data\piano_phase3\G7\G7_v60_sustain_ped_t1.wav,G7,103,60,sustain,1,2.551,1
data\piano_phase3\G7\G7_v110_portato_noped_t1.wav,G7,103,110,portato,0,1.918,1
data\piano_phase3\G7\G7_v60_legato_noped_t1.wav,G7,103,60,legato,0,3.028,1
data\piano_phase3\G7\G7_v110_legato_noped_t1.wav,G7,103,110,legato,0,3.245,1
data\piano_phase3\G7\G7_v60_legato_ped_t1.wav,G7,103,60,legato,1,3.028,1
data\piano_phase3\G#7\G#7_v60_sustain_noped_t1.wav,G#7,104,60,sustain,0,2.207,1
data\piano_phase3\G#7\G#7_v30_sustain_noped_t1.wav,G#7,104,30,sustain,0,3.113,1
data\piano_phase3\G#7\G#7_v110_staccato_noped_t1.wav,G#7,104,110,staccato,0,0.993,1
data\piano_phase3\G#7\G#7_v110_staccato_ped_t1.wav,G#7,104,110,staccato,1,0.993,1
data\piano_phase3\G#7\G#7_v110_sustain_ped_t1.wav,G#7,104,110,sustain,1,1.811,1
data\piano_phase3\G#7\G#7_v90_sustain_noped_t1.wav,G#7,104,90,sustain,0,1.947,1
data\piano_phase3\G#7\G#7_v110_legato_noped_t1.wav,G#7,104,110,legato,0,2.464,1
data\piano_phase3\G#7\G#7_v60_portato_ped_t1.wav,G#7,104,60,portato,1,1.555,1
data\piano_phase3\G#7\G#7_v60_sustain_ped_t1.wav,G#7,104,60,sustain,1,2.207,1
data\piano_phase3\G#7\G#7_v30_staccato_noped_t1.wav,G#7,104,30,staccato,0,1.792,1
data\piano_phase3\G#7\G#7_v110_legato_ped_t1.wav,G#7,104,110,legato,1,2.464,1
data\piano_phase3\G#7\G#7_v30_legato_ped_t1.wav,G#7,104,30,legato,1,3.399,1
data\piano_phase3\G#7\G#7_v90_legato_ped_t1.wav,G#7,104,90,legato,1,2.426,1
data\piano_phase3\G#7\G#7_v60_staccato_noped_t1.wav,G#7,104,60,staccato,0,1.296,1
data\piano_phase3\G#7\G#7_v90_portato_ped_t1.wav,G#7,104,90,portato,1,1.317,1
data\piano_phase3\G#7\G#7_v90_staccato_ped_t1.wav,G#7,104,90,staccato,1,1.084,1
data\piano_phase3\G#7\G#7_v30_staccato_ped_t1.wav,G#7,104,30,staccato,1,1.792,1
data\piano_phase3\G#7\G#7_v110_portato_noped_t1.wav,G#7,104,110,portato,0,1.17,1
data\piano_phase3\G#7\G#7_v110_sustain_noped_t1.wav,G#7,104,110,sustain,0,1.811,1
data\piano_phase3\G#7\G#7_v30_portato_noped_t1.wav,G#7,104,30,portato,0,2.395,1
data\piano_phase3\G#7\G#7_v60_legato_ped_t1.wav,G#7,104,60,legato,1,2.691,1
data\piano_phase3\G#7\G#7_v90_portato_noped_t1.wav,G#7,104,90,portato,0,1.317,1
data\piano_phase3\A7\A7_v90_portato_ped_t1.wav,A7,105,90,portato,1,1.415,1
data\piano_phase3\A7\A7_v90_sustain_noped_t1.wav,A7,105,90,sustain,0,1.871,1
data\piano_phase3\A7\A7_v90_sustain_ped_t1.wav,A7,105,90,sustain,1,1.871,1
data\piano_phase3\A7\A7_v30_staccato_noped_t1.wav,A7,105,30,staccato,0,1.933,1
data\piano_phase3\A7\A7_v110_legato_noped_t1.wav,A7,105,110,legato,0,2.344,1
data\piano_phase3\A7\A7_v30_portato_ped_t1.wav,A7,105,30,portato,1,2.315,1
data\piano_phase3\A7\A7_v60_staccato_noped_t1.wav,A7,105,60,staccato,0,1.231,1
data\piano_phase3\A7\A7_v30_legato_ped_t1.wav,A7,105,30,legato,1,3.338,1
data\piano_phase3\A7\A7_v60_legato_noped_t1.wav,A7,105,60,legato,0,2.601,1
data\piano_phase3\A7\A7_v90_staccato_noped_t1.wav,A7,105,90,staccato,0,1.06,1
data\piano_phase3\A7\A7_v30_legato_noped_t1.wav,A7,105,30,legato,0,3.338,1
data\piano_phase3\A7\A7_v90_legato_ped_t1.wav,A7,105,90,legato,1,2.386,1
data\piano_phase3\A7\A7_v110_portato_noped_t1.wav,A7,105,110,portato,0,1.114,1
data\piano_phase3\A7\A7_v60_portato_noped_t1.wav,A7,105,60,portato,0,1.546,1
data\piano_phase3\A7\A7_v60_sustain_noped_t1.wav,A7,105,60,sustain,0,2.211,1
data\piano_phase3\A7\A7_v30_sustain_noped_t1.wav,A7,105,30,sustain,0,3.129,1
data\piano_phase3\A7\A7_v30_sustain_ped_t1.wav,A7,105,30,sustain,1,3.129,1
data\piano_phase3\A7\A7_v110_portato_ped_t1.wav,A7,105,110,portato,1,1.114,1
data\piano_phase3\A7\A7_v60_staccato_ped_t1.wav,A7,105,60,staccato,1,1.231,1
data\piano_phase3\A7\A7_v110_staccato_ped_t1.wav,A7,105,110,staccato,1,1.059,1
data\piano_phase3\A7\A7_v60_legato_ped_t1.wav,A7,105,60,legato,1,2.601,1
data\piano_phase3\A7\A7_v110_staccato_noped_t1.wav,A7,105,110,staccato,0,1.059,1
data\piano_phase3\A#7\A#7_v60_staccato_noped_t1.wav,A#7,106,60,staccato,0,1.169,1
data\piano_phase3\A#7\A#7_v60_portato_ped_t1.wav,A#7,106,60,portato,1,1.471,1
data\piano_phase3\A#7\A#7_v60_portato_noped_t1.wav,A#7,106,60,portato,0,1.471,1
data\piano_phase3\A#7\A#7_v90_portato_noped_t1.wav,A#7,106,90,portato,0,1.434,1
data\piano_phase3\A#7\A#7_v90_sustain_noped_t1.wav,A#7,106,90,sustain,0,1.776,1
data\piano_phase3\A#7\A#7_v110_portato_noped_t1.wav,A#7,106,110,portato,0,1.326,1
data\piano_phase3\A#7\A#7_v30_legato_noped_t1.wav,A#7,106,30,legato,0,3.211,1
data\piano_phase3\A#7\A#7_v90_sustain_ped_t1.wav,A#7,106,90,sustain,1,1.776,1
data\piano_phase3\A#7\A#7_v30_staccato_ped_t1.wav,A#7,106,30,staccato,1,1.863,1
data\piano_phase3\A#7\A#7_v90_portato_ped_t1.wav,A#7,106,90,portato,1,1.434,1
data\piano_phase3\A#7\A#7_v110_staccato_ped_t1.wav,A#7,106,110,staccato,1,1.017,1
data\piano_phase3\A#7\A#7_v30_portato_noped_t1.wav,A#7,106,30,portato,0,2.479,1
data\piano_phase3\A#7\A#7_v110_sustain_ped_t1.wav,A#7,106,110,sustain,1,1.687,1
data\piano_phase3\A#7\A#7_v60_legato_ped_t1.wav,A#7,106,60,legato,1,2.598,1
data\piano_phase3\A#7\A#7_v110_legato_noped_t1.wav,A#7,106,110,legato,0,2.426,1
data\piano_phase3\A#7\A#7_v110_staccato_noped_t1.wav,A#7,106,110,staccato,0,1.017,1
data\piano_phase3\A#7\A#7_v110_portato_ped_t1.wav,A#7,106,110,portato,1,1.326,1
data\piano_phase3\A#7\A#7_v60_sustain_ped_t1.wav,A#7,106,60,sustain,1,2.157,1
data\piano_phase3\A#7\A#7_v110_sustain_noped_t1.wav,A#7,106,110,sustain,0,1.687,1
data\piano_phase3\A#7\A#7_v60_legato_noped_t1.wav,A#7,106,60,legato,0,2.598,1
data\piano_phase3\A#7\A#7_v60_staccato_ped_t1.wav,A#7,106,60,staccato,1,1.169,1
data\piano_phase3\A#7\A#7_v110_legato_ped_t1.wav,A#7,106,110,legato,1,2.426,1
data\piano_phase3\B7\B7_v30_staccato_noped_t1.wav,B7,107,30,staccato,0,1.815,1
data\piano_phase3\B7\B7_v90_staccato_noped_t1.wav,B7,107,90,staccato,0,1.302,1
data\piano_phase3\B7\B7_v90_portato_noped_t1.wav,B7,107,90,portato,0,1.724,1
data\piano_phase3\B7\B7_v60_sustain_ped_t1.wav,B7,107,60,sustain,1,2.427,1
data\piano_phase3\B7\B7_v90_sustain_noped_t1.wav,B7,107,90,sustain,0,2.365,1
data\piano_phase3\B7\B7_v60_legato_ped_t1.wav,B7,107,60,legato,1,3.359,1
data\piano_phase3\B7\B7_v110_portato_noped_t1.wav,B7,107,110,portato,0,1.568,1
data\piano_phase3\B7\B7_v60_portato_ped_t1.wav,B7,107,60,portato,1,1.768,1
data\piano_phase3\B7\B7_v60_portato_noped_t1.wav,B7,107,60,portato,0,1.768,1
data\piano_phase3\B7\B7_v30_sustain_ped_t1.wav,B7,107,30,sustain,1,2.927,1
data\piano_phase3\B7\B7_v60_staccato_ped_t1.wav,B7,107,60,staccato,1,1.446,1
data\piano_phase3\B7\B7_v110_legato_noped_t1.wav,B7,107,110,legato,0,2.777,1
data\piano_phase3\B7\B7_v110_legato_ped_t1.wav,B7,107,110,legato,1,2.777,1
data\piano_phase3\B7\B7_v60_staccato_noped_t1.wav,B7,107,60,staccato,0,1.446,1
data\piano_phase3\B7\B7_v30_portato_noped_t1.wav,B7,107,30,portato,0,2.436,1
data\piano_phase3\B7\B7_v110_staccato_ped_t1.wav,B7,107,110,staccato,1,1.17,1
data\piano_phase3\B7\B7_v30_legato_noped_t1.wav,B7,107,30,legato,0,3.146,1
data\piano_phase3\B7\B7_v90_staccato_ped_t1.wav,B7,107,90,staccato,1,1.302,1
data\piano_phase3\B7\B7_v110_staccato_noped_t1.wav,B7,107,110,staccato,0,1.17,1
data\piano_phase3\B7\B7_v110_portato_ped_t1.wav,B7,107,110,portato,1,1.568,1
data\piano_phase3\B7\B7_v60_sustain_noped_t1.wav,B7,107,60,sustain,0,2.427,1
data\piano_phase3\B7\B7_v90_legato_ped_t1.wav,B7,107,90,legato,1,3.156,1
data\piano_phase3\C8\C8_v110_sustain_noped_t1.wav,C8,108,110,sustain,0,2.307,1
data\piano_phase3\C8\C8_v30_staccato_noped_t1.wav,C8,108,30,staccato,0,1.723,1
data\piano_phase3\C8\C8_v60_staccato_ped_t1.wav,C8,108,60,staccato,1,1.373,1
data\piano_phase3\C8\C8_v110_portato_noped_t1.wav,C8,108,110,portato,0,1.54,1
data\piano_phase3\C8\C8_v90_legato_noped_t1.wav,C8,108,90,legato,0,3.083,1
data\piano_phase3\C8\C8_v110_staccato_ped_t1.wav,C8,108,110,staccato,1,1.147,1
data\piano_phase3\C8\C8_v90_portato_ped_t1.wav,C8,108,90,portato,1,1.635,1
data\piano_phase3\C8\C8_v30_portato_ped_t1.wav,C8,108,30,portato,1,2.444,1
data\piano_phase3\C8\C8_v30_legato_ped_t1.wav,C8,108,30,legato,1,3.119,1
data\piano_phase3\C8\C8_v60_staccato_noped_t1.wav,C8,108,60,staccato,0,1.373,1
data\piano_phase3\C8\C8_v110_staccato_noped_t1.wav,C8,108,110,staccato,0,1.147,1
data\piano_phase3\C8\C8_v60_legato_noped_t1.wav,C8,108,60,legato,0,3.333,1
data\piano_phase3\C8\C8_v30_sustain_noped_t1.wav,C8,108,30,sustain,0,2.955,1
data\piano_phase3\C8\C8_v30_portato_noped_t1.wav,C8,108,30,portato,0,2.444,1
data\piano_phase3\C8\C8_v30_legato_noped_t1.wav,C8,108,30,legato,0,3.119,1
data\piano_phase3\C8\C8_v110_portato_ped_t1.wav,C8,108,110,portato,1,1.54,1
data\piano_phase3\C8\C8_v60_portato_noped_t1.wav,C8,108,60,portato,0,1.868,1
data\piano_phase3\C8\C8_v90_staccato_noped_t1.wav,C8,108,90,staccato,0,1.236,1
data\piano_phase3\C8\C8_v60_sustain_noped_t1.wav,C8,108,60,sustain,0,2.748,1
data\piano_phase3\C8\C8_v60_portato_ped_t1.wav,C8,108,60,portato,1,1.868,1
data\piano_phase3\C8\C8_v110_legato_noped_t1.wav,C8,108,110,legato,0,3.135,1
data\piano_phase3\C8\C8_v60_legato_ped_t1.wav,C8,108,60,legato,1,3.333,1
