{
  "fs": 44100,
  "frame_sec": 0.05,
  "hop_sec": 0.025,
  "wavelet": "db8",
  "level": 9,
  "keys_midi": [
    21,
    22,
    23,
    24,
    25,
    26,
    27,
    28,
    29,
    30,
    31,
    32,
    33,
    34,
    35,
    36,
    37,
    38,
    39,
    40,
    41,
    42,
    43,
    44,
    45,
    46,
    47,
    48,
    49,
    50,
    51,
    52,
    53,
    54,
    55,
    56,
    57,
    58,
    59,
    60,
    61,
    62,
    63,
    64,
    65,
    66,
    67,
    68,
    69,
    70,
    71,
    72,
    73,
    74,
    75,
    76,
    77,
    78,
    79,
    80,
    81,
    82,
    83,
    84,
    85,
    86,
    87,
    88,
    89,
    90,
    91,
    92,
    93,
    94,
    95,
    96,
    97,
    98,
    99,
    100,
    101,
    102,
    103,
    104,
    105,
    106,
    107,
    108
  ],
  "keys_name": [
    "A0",
    "A#0",
    "B0",
    "C1",
    "C#1",
    "D1",
    "D#1",
    "E1",
    "F1",
    "F#1",
    "G1",
    "G#1",
    "A1",
    "A#1",
    "B1",
    "C2",
    "C#2",
    "D2",
    "D#2",
    "E2",
    "F2",
    "F#2",
    "G2",
    "G#2",
    "A2",
    "A#2",
    "B2",
    "C3",
    "C#3",
    "D3",
    "D#3",
    "E3",
    "F3",
    "F#3",
    "G3",
    "G#3",
    "A3",
    "A#3",
    "B3",
    "C4",
    "C#4",
    "D4",
    "D#4",
    "E4",
    "F4",
    "F#4",
    "G4",
    "G#4",
    "A4",
    "A#4",
    "B4",
    "C5",
    "C#5",
    "D5",
    "D#5",
    "E5",
    "F5",
    "F#5",
    "G5",
    "G#5",
    "A5",
    "A#5",
    "B5",
    "C6",
    "C#6",
    "D6",
    "D#6",
    "E6",
    "F6",
    "F#6",
    "G6",
    "G#6",
    "A6",
    "A#6",
    "B6",
    "C7",
    "C#7",
    "D7",
    "D#7",
    "E7",
    "F7",
    "F#7",
    "G7",
    "G#7",
    "A7",
    "A#7",
    "B7",
    "C8"
  ],
  "key_edges_hz": [
    26.71712838172416,
    28.30581150769603,
    29.988962648294585,
    31.772199163987505,
    33.661472440878015,
    35.66308775290276,
    37.78372530509745,
    40.03046252816016,
    42.410797698718376,
    44.93267496413024,
    47.604510855337864,
    50.435222376256924,
    53.434256763448325,
    56.61162301539206,
    59.97792529658917,
    63.54439832797501,
    67.32294488175603,
    71.32617550580552,
    75.5674506101949,
    80.06092505632031,
    84.82159539743675,
    89.86534992826049,
    95.20902171067573,
    100.87044475251385,
    106.86851352689665,
    113.22324603078413,
    119.95585059317835,
    127.08879665595003,
    134.64588976351206,
    142.65235101161107,
    151.13490122038982,
    160.1218501126406,
    169.64319079487348,
    179.73069985652097,
    190.41804342135146,
    201.74088950502767,
    213.7370270537933,
    226.44649206156825,
    239.9117011863567,
    254.17759331190007,
    269.2917795270241,
    285.30470202322215,
    302.26980244077964,
    320.2437002252812,
    339.28638158974695,
    359.46139971304194,
    380.8360868427029,
    403.48177901005533,
    427.4740541075866,
    452.8929841231365,
    479.8234023727134,
    508.35518662380014,
    538.5835590540482,
    570.6094040464443,
    604.5396048815593,
    640.4874004505624,
    678.5727631794939,
    718.9227994260839,
    761.6721736854058,
    806.9635580201107,
    854.9481082151732,
    905.785968246273,
    959.6468047454268,
    1016.7103732476003,
    1077.1671181080965,
    1141.2188080928886,
    1209.0792097631186,
    1280.9748009011248,
    1357.1455263589878,
    1437.8455988521678,
    1523.3443473708116,
    1613.9271160402213,
    1709.8962164303464,
    1811.571936492546,
    1919.2936094908534,
    2033.4207464952003,
    2154.334236216193,
    2282.4376161857767,
    2418.1584195262367,
    2561.94960180225,
    2714.291052717976,
    2875.6911977043355,
    3046.6886947416233,
    3227.854232080443,
    3419.7924328606928,
    3623.143872985092,
    3838.587218981707,
    4066.8414929904006,
    4308.668472432387
  ],
  "X_shapes": {
    "train": [
      87791,
      88
    ],
    "valid": [
      16966,
      88
    ],
    "test": [
      23689,
      88
    ]
  }
}