filepath,note,midi,velocity,articulation,pedal,duration,take
data/piano_phase1/C3/C3_v60_portato_ped_t2.wav,C3,48,60,portato,1,1.14,2
data/piano_phase1/C3/C3_v60_sustain_noped_t2.wav,C3,48,60,sustain,0,1.791,2
data/piano_phase1/C3/C3_v30_portato_ped_t2.wav,C3,48,30,portato,1,1.125,2
data/piano_phase1/C3/C3_v60_portato_ped_t1.wav,C3,48,60,portato,1,1.14,1
data/piano_phase1/C3/C3_v90_legato_noped_t2.wav,C3,48,90,legato,0,2.258,2
data/piano_phase1/C3/C3_v90_staccato_noped_t2.wav,C3,48,90,staccato,0,0.696,2
data/piano_phase1/C3/C3_v60_staccato_ped_t2.wav,C3,48,60,staccato,1,0.689,2
data/piano_phase1/C3/C3_v110_sustain_ped_t2.wav,C3,48,110,sustain,1,1.792,2
data/piano_phase1/C3/C3_v90_legato_ped_t1.wav,C3,48,90,legato,1,2.258,1
data/piano_phase1/C3/C3_v30_sustain_noped_t2.wav,C3,48,30,sustain,0,1.777,2
data/piano_phase1/C3/C3_v90_sustain_noped_t1.wav,C3,48,90,sustain,0,1.792,1
data/piano_phase1/C3/C3_v60_staccato_ped_t1.wav,C3,48,60,staccato,1,0.689,1
data/piano_phase1/C3/C3_v90_sustain_ped_t1.wav,C3,48,90,sustain,1,1.792,1
data/piano_phase1/C3/C3_v60_legato_ped_t2.wav,C3,48,60,legato,1,2.258,2
data/piano_phase1/C3/C3_v60_staccato_noped_t1.wav,C3,48,60,staccato,0,0.689,1
data/piano_phase1/C3/C3_v60_portato_noped_t2.wav,C3,48,60,portato,0,1.14,2
data/piano_phase1/C3/C3_v90_portato_noped_t1.wav,C3,48,90,portato,0,1.147,1
data/piano_phase1/C3/C3_v90_sustain_noped_t2.wav,C3,48,90,sustain,0,1.792,2
data/piano_phase1/C3/C3_v60_legato_noped_t2.wav,C3,48,60,legato,0,2.258,2
data/piano_phase1/C3/C3_v60_portato_noped_t1.wav,C3,48,60,portato,0,1.14,1
data/piano_phase1/C3/C3_v30_sustain_ped_t2.wav,C3,48,30,sustain,1,1.777,2
data/piano_phase1/C3/C3_v110_staccato_ped_t1.wav,C3,48,110,staccato,1,0.691,1
data/piano_phase1/C3/C3_v90_portato_ped_t2.wav,C3,48,90,portato,1,1.147,2
data/piano_phase1/C3/C3_v110_staccato_noped_t1.wav,C3,48,110,staccato,0,0.691,1
data/piano_phase1/C3/C3_v30_staccato_ped_t2.wav,C3,48,30,staccato,1,0.674,2
data/piano_phase1/C3/C3_v60_legato_ped_t1.wav,C3,48,60,legato,1,2.258,1
data/piano_phase1/C3/C3_v60_sustain_noped_t1.wav,C3,48,60,sustain,0,1.791,1
data/piano_phase1/C3/C3_v110_portato_ped_t2.wav,C3,48,110,portato,1,1.14,2
data/piano_phase1/C3/C3_v30_portato_noped_t1.wav,C3,48,30,portato,0,1.125,1
data/piano_phase1/C3/C3_v110_sustain_noped_t2.wav,C3,48,110,sustain,0,1.792,2
data/piano_phase1/C3/C3_v110_portato_ped_t1.wav,C3,48,110,portato,1,1.14,1
data/piano_phase1/C3/C3_v110_staccato_noped_t2.wav,C3,48,110,staccato,0,0.691,2
data/piano_phase1/C3/C3_v30_sustain_ped_t1.wav,C3,48,30,sustain,1,1.777,1
data/piano_phase1/C3/C3_v30_staccato_noped_t1.wav,C3,48,30,staccato,0,0.674,1
data/piano_phase1/C3/C3_v110_legato_noped_t1.wav,C3,48,110,legato,0,2.258,1
data/piano_phase1/C3/C3_v60_legato_noped_t1.wav,C3,48,60,legato,0,2.258,1
data/piano_phase1/C3/C3_v90_legato_noped_t1.wav,C3,48,90,legato,0,2.258,1
data/piano_phase1/C3/C3_v60_sustain_ped_t1.wav,C3,48,60,sustain,1,1.791,1
data/piano_phase1/C3/C3_v110_portato_noped_t1.wav,C3,48,110,portato,0,1.14,1
data/piano_phase1/C3/C3_v30_legato_noped_t1.wav,C3,48,30,legato,0,2.251,1
data/piano_phase1/C3/C3_v90_staccato_ped_t2.wav,C3,48,90,staccato,1,0.696,2
data/piano_phase1/C3/C3_v110_portato_noped_t2.wav,C3,48,110,portato,0,1.14,2
data/piano_phase1/C3/C3_v90_portato_ped_t1.wav,C3,48,90,portato,1,1.147,1
data/piano_phase1/C3/C3_v90_staccato_noped_t1.wav,C3,48,90,staccato,0,0.696,1
data/piano_phase1/C#3/C#3_v30_sustain_noped_t2.wav,C#3,49,30,sustain,0,1.774,2
data/piano_phase1/C#3/C#3_v30_portato_ped_t2.wav,C#3,49,30,portato,1,1.13,2
data/piano_phase1/C#3/C#3_v30_staccato_noped_t1.wav,C#3,49,30,staccato,0,0.669,1
data/piano_phase1/C#3/C#3_v110_staccato_ped_t2.wav,C#3,49,110,staccato,1,0.692,2
data/piano_phase1/C#3/C#3_v30_portato_noped_t2.wav,C#3,49,30,portato,0,1.13,2
data/piano_phase1/C#3/C#3_v110_staccato_noped_t1.wav,C#3,49,110,staccato,0,0.692,1
data/piano_phase1/C#3/C#3_v90_portato_noped_t1.wav,C#3,49,90,portato,0,1.138,1
data/piano_phase1/C#3/C#3_v60_portato_noped_t2.wav,C#3,49,60,portato,0,1.138,2
data/piano_phase1/C#3/C#3_v90_staccato_noped_t2.wav,C#3,49,90,staccato,0,0.69,2
data/piano_phase1/C#3/C#3_v60_staccato_noped_t1.wav,C#3,49,60,staccato,0,0.69,1
data/piano_phase1/C#3/C#3_v110_portato_noped_t1.wav,C#3,49,110,portato,0,1.139,1
data/piano_phase1/C#3/C#3_v60_staccato_ped_t2.wav,C#3,49,60,staccato,1,0.69,2
data/piano_phase1/C#3/C#3_v30_sustain_ped_t2.wav,C#3,49,30,sustain,1,1.774,2
data/piano_phase1/C#3/C#3_v90_staccato_noped_t1.wav,C#3,49,90,staccato,0,0.69,1
data/piano_phase1/C#3/C#3_v90_portato_noped_t2.wav,C#3,49,90,portato,0,1.138,2
data/piano_phase1/C#3/C#3_v60_legato_noped_t1.wav,C#3,49,60,legato,0,2.258,1
data/piano_phase1/C#3/C#3_v90_legato_noped_t2.wav,C#3,49,90,legato,0,2.263,2
data/piano_phase1/C#3/C#3_v60_legato_ped_t2.wav,C#3,49,60,legato,1,2.258,2
data/piano_phase1/C#3/C#3_v60_legato_ped_t1.wav,C#3,49,60,legato,1,2.258,1
data/piano_phase1/C#3/C#3_v90_legato_ped_t2.wav,C#3,49,90,legato,1,2.263,2
data/piano_phase1/C#3/C#3_v110_sustain_noped_t1.wav,C#3,49,110,sustain,0,1.788,1
data/piano_phase1/C#3/C#3_v60_sustain_ped_t2.wav,C#3,49,60,sustain,1,1.788,2
data/piano_phase1/C#3/C#3_v60_staccato_ped_t1.wav,C#3,49,60,staccato,1,0.69,1
data/piano_phase1/C#3/C#3_v110_legato_noped_t2.wav,C#3,49,110,legato,0,2.264,2
data/piano_phase1/C#3/C#3_v30_staccato_ped_t1.wav,C#3,49,30,staccato,1,0.669,1
data/piano_phase1/C#3/C#3_v30_sustain_noped_t1.wav,C#3,49,30,sustain,0,1.774,1
data/piano_phase1/C#3/C#3_v30_legato_noped_t1.wav,C#3,49,30,legato,0,2.244,1
data/piano_phase1/C#3/C#3_v90_portato_ped_t2.wav,C#3,49,90,portato,1,1.138,2
data/piano_phase1/C#3/C#3_v60_sustain_noped_t2.wav,C#3,49,60,sustain,0,1.788,2
data/piano_phase1/C#3/C#3_v30_staccato_noped_t2.wav,C#3,49,30,staccato,0,0.669,2
data/piano_phase1/C#3/C#3_v60_sustain_ped_t1.wav,C#3,49,60,sustain,1,1.788,1
data/piano_phase1/C#3/C#3_v90_legato_ped_t1.wav,C#3,49,90,legato,1,2.263,1
data/piano_phase1/C#3/C#3_v30_staccato_ped_t2.wav,C#3,49,30,staccato,1,0.669,2
data/piano_phase1/C#3/C#3_v60_portato_noped_t1.wav,C#3,49,60,portato,0,1.138,1
data/piano_phase1/C#3/C#3_v30_legato_ped_t1.wav,C#3,49,30,legato,1,2.244,1
data/piano_phase1/C#3/C#3_v90_staccato_ped_t2.wav,C#3,49,90,staccato,1,0.69,2
data/piano_phase1/C#3/C#3_v110_staccato_noped_t2.wav,C#3,49,110,staccato,0,0.692,2
data/piano_phase1/C#3/C#3_v110_legato_noped_t1.wav,C#3,49,110,legato,0,2.264,1
data/piano_phase1/C#3/C#3_v110_sustain_ped_t1.wav,C#3,49,110,sustain,1,1.788,1
data/piano_phase1/C#3/C#3_v110_staccato_ped_t1.wav,C#3,49,110,staccato,1,0.692,1
data/piano_phase1/C#3/C#3_v30_legato_ped_t2.wav,C#3,49,30,legato,1,2.244,2
data/piano_phase1/C#3/C#3_v90_staccato_ped_t1.wav,C#3,49,90,staccato,1,0.69,1
data/piano_phase1/C#3/C#3_v110_portato_ped_t1.wav,C#3,49,110,portato,1,1.139,1
data/piano_phase1/C#3/C#3_v110_sustain_noped_t2.wav,C#3,49,110,sustain,0,1.788,2
data/piano_phase1/D3/D3_v30_staccato_ped_t1.wav,D3,50,30,staccato,1,0.748,1
data/piano_phase1/D3/D3_v110_legato_ped_t2.wav,D3,50,110,legato,1,2.27,2
data/piano_phase1/D3/D3_v30_legato_noped_t1.wav,D3,50,30,legato,0,2.284,1
data/piano_phase1/D3/D3_v110_legato_noped_t2.wav,D3,50,110,legato,0,2.27,2
data/piano_phase1/D3/D3_v30_sustain_noped_t1.wav,D3,50,30,sustain,0,1.818,1
data/piano_phase1/D3/D3_v90_portato_noped_t1.wav,D3,50,90,portato,0,1.175,1
data/piano_phase1/D3/D3_v60_portato_ped_t1.wav,D3,50,60,portato,1,1.175,1
data/piano_phase1/D3/D3_v60_legato_noped_t1.wav,D3,50,60,legato,0,2.277,1
data/piano_phase1/D3/D3_v110_portato_noped_t2.wav,D3,50,110,portato,0,1.167,2
data/piano_phase1/D3/D3_v30_legato_noped_t2.wav,D3,50,30,legato,0,2.284,2
data/piano_phase1/D3/D3_v30_staccato_noped_t2.wav,D3,50,30,staccato,0,0.748,2
data/piano_phase1/D3/D3_v30_legato_ped_t2.wav,D3,50,30,legato,1,2.284,2
data/piano_phase1/D3/D3_v90_portato_ped_t2.wav,D3,50,90,portato,1,1.175,2
data/piano_phase1/D3/D3_v110_portato_noped_t1.wav,D3,50,110,portato,0,1.167,1
data/piano_phase1/D3/D3_v60_sustain_noped_t2.wav,D3,50,60,sustain,0,1.812,2
data/piano_phase1/D3/D3_v90_legato_noped_t1.wav,D3,50,90,legato,0,2.278,1
data/piano_phase1/D3/D3_v60_portato_ped_t2.wav,D3,50,60,portato,1,1.175,2
data/piano_phase1/D3/D3_v90_sustain_ped_t1.wav,D3,50,90,sustain,1,1.812,1
data/piano_phase1/D3/D3_v30_portato_noped_t2.wav,D3,50,30,portato,0,1.181,2
data/piano_phase1/D3/D3_v60_legato_ped_t2.wav,D3,50,60,legato,1,2.277,2
data/piano_phase1/D3/D3_v110_portato_ped_t2.wav,D3,50,110,portato,1,1.167,2
data/piano_phase1/D3/D3_v30_portato_ped_t1.wav,D3,50,30,portato,1,1.181,1
data/piano_phase1/D3/D3_v60_staccato_ped_t2.wav,D3,50,60,staccato,1,0.744,2
data/piano_phase1/D3/D3_v60_legato_ped_t1.wav,D3,50,60,legato,1,2.277,1
data/piano_phase1/D3/D3_v60_sustain_ped_t1.wav,D3,50,60,sustain,1,1.812,1
data/piano_phase1/D3/D3_v110_legato_ped_t1.wav,D3,50,110,legato,1,2.27,1
data/piano_phase1/D3/D3_v60_portato_noped_t1.wav,D3,50,60,portato,0,1.175,1
data/piano_phase1/D3/D3_v90_portato_noped_t2.wav,D3,50,90,portato,0,1.175,2
data/piano_phase1/D3/D3_v30_staccato_ped_t2.wav,D3,50,30,staccato,1,0.748,2
data/piano_phase1/D3/D3_v110_staccato_noped_t1.wav,D3,50,110,staccato,0,0.744,1
data/piano_phase1/D3/D3_v110_sustain_ped_t2.wav,D3,50,110,sustain,1,1.804,2
data/piano_phase1/D3/D3_v30_sustain_ped_t2.wav,D3,50,30,sustain,1,1.818,2
data/piano_phase1/D3/D3_v90_staccato_noped_t1.wav,D3,50,90,staccato,0,0.745,1
data/piano_phase1/D3/D3_v110_staccato_noped_t2.wav,D3,50,110,staccato,0,0.744,2
data/piano_phase1/D3/D3_v90_legato_ped_t2.wav,D3,50,90,legato,1,2.278,2
data/piano_phase1/D3/D3_v110_staccato_ped_t2.wav,D3,50,110,staccato,1,0.744,2
data/piano_phase1/D3/D3_v110_legato_noped_t1.wav,D3,50,110,legato,0,2.27,1
data/piano_phase1/D3/D3_v110_sustain_noped_t2.wav,D3,50,110,sustain,0,1.804,2
data/piano_phase1/D3/D3_v60_staccato_ped_t1.wav,D3,50,60,staccato,1,0.744,1
data/piano_phase1/D3/D3_v90_legato_noped_t2.wav,D3,50,90,legato,0,2.278,2
data/piano_phase1/D3/D3_v60_portato_noped_t2.wav,D3,50,60,portato,0,1.175,2
data/piano_phase1/D3/D3_v90_sustain_noped_t2.wav,D3,50,90,sustain,0,1.812,2
data/piano_phase1/D3/D3_v60_staccato_noped_t2.wav,D3,50,60,staccato,0,0.744,2
data/piano_phase1/D3/D3_v90_staccato_ped_t1.wav,D3,50,90,staccato,1,0.745,1
data/piano_phase1/D#3/D#3_v90_legato_ped_t2.wav,D#3,51,90,legato,1,2.267,2
data/piano_phase1/D#3/D#3_v30_sustain_noped_t2.wav,D#3,51,30,sustain,0,1.831,2
data/piano_phase1/D#3/D#3_v110_sustain_noped_t1.wav,D#3,51,110,sustain,0,1.812,1
data/piano_phase1/D#3/D#3_v110_sustain_ped_t2.wav,D#3,51,110,sustain,1,1.812,2
data/piano_phase1/D#3/D#3_v30_portato_noped_t2.wav,D#3,51,30,portato,0,1.178,2
data/piano_phase1/D#3/D#3_v110_legato_noped_t2.wav,D#3,51,110,legato,0,2.26,2
data/piano_phase1/D#3/D#3_v30_portato_ped_t1.wav,D#3,51,30,portato,1,1.178,1
data/piano_phase1/D#3/D#3_v30_sustain_ped_t2.wav,D#3,51,30,sustain,1,1.831,2
data/piano_phase1/D#3/D#3_v90_legato_noped_t2.wav,D#3,51,90,legato,0,2.267,2
data/piano_phase1/D#3/D#3_v110_portato_noped_t1.wav,D#3,51,110,portato,0,1.165,1
data/piano_phase1/D#3/D#3_v110_sustain_noped_t2.wav,D#3,51,110,sustain,0,1.812,2
data/piano_phase1/D#3/D#3_v30_staccato_ped_t2.wav,D#3,51,30,staccato,1,0.744,2
data/piano_phase1/D#3/D#3_v110_portato_ped_t1.wav,D#3,51,110,portato,1,1.165,1
data/piano_phase1/D#3/D#3_v60_legato_noped_t2.wav,D#3,51,60,legato,0,2.264,2
data/piano_phase1/D#3/D#3_v110_staccato_ped_t1.wav,D#3,51,110,staccato,1,0.74,1
data/piano_phase1/D#3/D#3_v90_sustain_noped_t1.wav,D#3,51,90,sustain,0,1.819,1
data/piano_phase1/D#3/D#3_v90_sustain_ped_t2.wav,D#3,51,90,sustain,1,1.819,2
data/piano_phase1/D#3/D#3_v110_portato_noped_t2.wav,D#3,51,110,portato,0,1.165,2
data/piano_phase1/D#3/D#3_v90_staccato_noped_t1.wav,D#3,51,90,staccato,0,0.744,1
data/piano_phase1/D#3/D#3_v60_sustain_noped_t1.wav,D#3,51,60,sustain,0,1.818,1
data/piano_phase1/D#3/D#3_v60_sustain_ped_t1.wav,D#3,51,60,sustain,1,1.818,1
data/piano_phase1/D#3/D#3_v60_legato_ped_t2.wav,D#3,51,60,legato,1,2.264,2
data/piano_phase1/D#3/D#3_v60_portato_noped_t1.wav,D#3,51,60,portato,0,1.172,1
data/piano_phase1/D#3/D#3_v60_portato_ped_t1.wav,D#3,51,60,portato,1,1.172,1
data/piano_phase1/D#3/D#3_v30_staccato_ped_t1.wav,D#3,51,30,staccato,1,0.744,1
data/piano_phase1/D#3/D#3_v30_staccato_noped_t1.wav,D#3,51,30,staccato,0,0.744,1
data/piano_phase1/D#3/D#3_v90_portato_noped_t2.wav,D#3,51,90,portato,0,1.172,2
data/piano_phase1/D#3/D#3_v110_portato_ped_t2.wav,D#3,51,110,portato,1,1.165,2
data/piano_phase1/D#3/D#3_v90_portato_noped_t1.wav,D#3,51,90,portato,0,1.172,1
data/piano_phase1/D#3/D#3_v60_staccato_noped_t2.wav,D#3,51,60,staccato,0,0.744,2
data/piano_phase1/D#3/D#3_v60_staccato_ped_t1.wav,D#3,51,60,staccato,1,0.744,1
data/piano_phase1/D#3/D#3_v30_staccato_noped_t2.wav,D#3,51,30,staccato,0,0.744,2
data/piano_phase1/D#3/D#3_v60_portato_noped_t2.wav,D#3,51,60,portato,0,1.172,2
data/piano_phase1/D#3/D#3_v30_portato_noped_t1.wav,D#3,51,30,portato,0,1.178,1
data/piano_phase1/D#3/D#3_v30_legato_ped_t1.wav,D#3,51,30,legato,1,2.273,1
data/piano_phase1/D#3/D#3_v30_legato_ped_t2.wav,D#3,51,30,legato,1,2.273,2
data/piano_phase1/D#3/D#3_v30_portato_ped_t2.wav,D#3,51,30,portato,1,1.178,2
data/piano_phase1/D#3/D#3_v90_portato_ped_t2.wav,D#3,51,90,portato,1,1.172,2
data/piano_phase1/D#3/D#3_v110_staccato_ped_t2.wav,D#3,51,110,staccato,1,0.74,2
data/piano_phase1/D#3/D#3_v60_legato_noped_t1.wav,D#3,51,60,legato,0,2.264,1
data/piano_phase1/D#3/D#3_v60_portato_ped_t2.wav,D#3,51,60,portato,1,1.172,2
data/piano_phase1/D#3/D#3_v90_sustain_noped_t2.wav,D#3,51,90,sustain,0,1.819,2
data/piano_phase1/D#3/D#3_v60_sustain_noped_t2.wav,D#3,51,60,sustain,0,1.818,2
data/piano_phase1/D#3/D#3_v60_staccato_ped_t2.wav,D#3,51,60,staccato,1,0.744,2
data/piano_phase1/E3/E3_v90_staccato_noped_t1.wav,E3,52,90,staccato,0,0.744,1
data/piano_phase1/E3/E3_v30_sustain_ped_t1.wav,E3,52,30,sustain,1,1.806,1
data/piano_phase1/E3/E3_v60_staccato_noped_t1.wav,E3,52,60,staccato,0,0.739,1
data/piano_phase1/E3/E3_v60_staccato_ped_t1.wav,E3,52,60,staccato,1,0.739,1
data/piano_phase1/E3/E3_v60_legato_ped_t1.wav,E3,52,60,legato,1,2.254,1
data/piano_phase1/E3/E3_v30_sustain_noped_t2.wav,E3,52,30,sustain,0,1.806,2
data/piano_phase1/E3/E3_v60_staccato_ped_t2.wav,E3,52,60,staccato,1,0.739,2
data/piano_phase1/E3/E3_v90_portato_ped_t2.wav,E3,52,90,portato,1,1.167,2
data/piano_phase1/E3/E3_v110_portato_noped_t2.wav,E3,52,110,portato,0,1.16,2
data/piano_phase1/E3/E3_v110_staccato_noped_t1.wav,E3,52,110,staccato,0,0.739,1
data/piano_phase1/E3/E3_v30_legato_ped_t1.wav,E3,52,30,legato,1,2.266,1
data/piano_phase1/E3/E3_v110_legato_noped_t1.wav,E3,52,110,legato,0,2.255,1
data/piano_phase1/E3/E3_v110_sustain_ped_t1.wav,E3,52,110,sustain,1,1.794,1
data/piano_phase1/E3/E3_v110_legato_ped_t1.wav,E3,52,110,legato,1,2.255,1
data/piano_phase1/E3/E3_v90_staccato_ped_t2.wav,E3,52,90,staccato,1,0.744,2
data/piano_phase1/E3/E3_v90_portato_ped_t1.wav,E3,52,90,portato,1,1.167,1
data/piano_phase1/E3/E3_v60_legato_ped_t2.wav,E3,52,60,legato,1,2.254,2
data/piano_phase1/E3/E3_v60_portato_noped_t1.wav,E3,52,60,portato,0,1.166,1
data/piano_phase1/E3/E3_v110_staccato_ped_t1.wav,E3,52,110,staccato,1,0.739,1
data/piano_phase1/E3/E3_v30_staccato_noped_t2.wav,E3,52,30,staccato,0,0.745,2
data/piano_phase1/E3/E3_v90_legato_noped_t1.wav,E3,52,90,legato,0,2.261,1
data/piano_phase1/E3/E3_v90_staccato_noped_t2.wav,E3,52,90,staccato,0,0.744,2
data/piano_phase1/E3/E3_v60_portato_ped_t2.wav,E3,52,60,portato,1,1.166,2
data/piano_phase1/E3/E3_v90_portato_noped_t1.wav,E3,52,90,portato,0,1.167,1
data/piano_phase1/E3/E3_v30_legato_noped_t2.wav,E3,52,30,legato,0,2.266,2
data/piano_phase1/E3/E3_v30_portato_noped_t2.wav,E3,52,30,portato,0,1.172,2
data/piano_phase1/E3/E3_v30_portato_ped_t2.wav,E3,52,30,portato,1,1.172,2
data/piano_phase1/E3/E3_v90_sustain_noped_t1.wav,E3,52,90,sustain,0,1.801,1
data/piano_phase1/E3/E3_v60_sustain_noped_t1.wav,E3,52,60,sustain,0,1.806,1
data/piano_phase1/E3/E3_v90_portato_noped_t2.wav,E3,52,90,portato,0,1.167,2
data/piano_phase1/E3/E3_v30_staccato_ped_t1.wav,E3,52,30,staccato,1,0.745,1
data/piano_phase1/E3/E3_v30_staccato_noped_t1.wav,E3,52,30,staccato,0,0.745,1
data/piano_phase1/E3/E3_v110_staccato_ped_t2.wav,E3,52,110,staccato,1,0.739,2
data/piano_phase1/E3/E3_v90_legato_ped_t2.wav,E3,52,90,legato,1,2.261,2
data/piano_phase1/E3/E3_v90_sustain_ped_t1.wav,E3,52,90,sustain,1,1.801,1
data/piano_phase1/E3/E3_v30_portato_noped_t1.wav,E3,52,30,portato,0,1.172,1
data/piano_phase1/E3/E3_v110_staccato_noped_t2.wav,E3,52,110,staccato,0,0.739,2
data/piano_phase1/E3/E3_v110_sustain_ped_t2.wav,E3,52,110,sustain,1,1.794,2
data/piano_phase1/E3/E3_v60_staccato_noped_t2.wav,E3,52,60,staccato,0,0.739,2
data/piano_phase1/E3/E3_v30_sustain_ped_t2.wav,E3,52,30,sustain,1,1.806,2
data/piano_phase1/E3/E3_v110_legato_noped_t2.wav,E3,52,110,legato,0,2.255,2
data/piano_phase1/E3/E3_v30_sustain_noped_t1.wav,E3,52,30,sustain,0,1.806,1
data/piano_phase1/E3/E3_v60_legato_noped_t1.wav,E3,52,60,legato,0,2.254,1
data/piano_phase1/E3/E3_v90_staccato_ped_t1.wav,E3,52,90,staccato,1,0.744,1
data/piano_phase1/F3/F3_v90_sustain_ped_t1.wav,F3,53,90,sustain,1,1.798,1
data/piano_phase1/F3/F3_v90_legato_noped_t2.wav,F3,53,90,legato,0,2.257,2
data/piano_phase1/F3/F3_v60_staccato_ped_t2.wav,F3,53,60,staccato,1,0.705,2
data/piano_phase1/F3/F3_v60_legato_noped_t1.wav,F3,53,60,legato,0,2.27,1
data/piano_phase1/F3/F3_v110_sustain_ped_t2.wav,F3,53,110,sustain,1,1.797,2
data/piano_phase1/F3/F3_v60_sustain_noped_t1.wav,F3,53,60,sustain,0,1.803,1
data/piano_phase1/F3/F3_v60_portato_ped_t1.wav,F3,53,60,portato,1,1.146,1
data/piano_phase1/F3/F3_v110_portato_noped_t2.wav,F3,53,110,portato,0,1.142,2
data/piano_phase1/F3/F3_v110_staccato_ped_t2.wav,F3,53,110,staccato,1,0.7,2
data/piano_phase1/F3/F3_v60_staccato_noped_t2.wav,F3,53,60,staccato,0,0.705,2
data/piano_phase1/F3/F3_v30_staccato_noped_t2.wav,F3,53,30,staccato,0,0.704,2
data/piano_phase1/F3/F3_v110_legato_ped_t2.wav,F3,53,110,legato,1,2.253,2
data/piano_phase1/F3/F3_v90_staccato_ped_t2.wav,F3,53,90,staccato,1,0.703,2
data/piano_phase1/F3/F3_v60_sustain_ped_t2.wav,F3,53,60,sustain,1,1.803,2
data/piano_phase1/F3/F3_v60_legato_noped_t2.wav,F3,53,60,legato,0,2.27,2
data/piano_phase1/F3/F3_v30_portato_ped_t1.wav,F3,53,30,portato,1,1.16,1
data/piano_phase1/F3/F3_v90_sustain_noped_t2.wav,F3,53,90,sustain,0,1.798,2
data/piano_phase1/F3/F3_v110_sustain_noped_t2.wav,F3,53,110,sustain,0,1.797,2
data/piano_phase1/F3/F3_v60_staccato_ped_t1.wav,F3,53,60,staccato,1,0.705,1
data/piano_phase1/F3/F3_v60_portato_ped_t2.wav,F3,53,60,portato,1,1.146,2
data/piano_phase1/F3/F3_v30_staccato_noped_t1.wav,F3,53,30,staccato,0,0.704,1
data/piano_phase1/F3/F3_v90_portato_ped_t2.wav,F3,53,90,portato,1,1.142,2
data/piano_phase1/F3/F3_v110_portato_ped_t2.wav,F3,53,110,portato,1,1.142,2
data/piano_phase1/F3/F3_v30_legato_ped_t1.wav,F3,53,30,legato,1,2.268,1
data/piano_phase1/F3/F3_v30_sustain_noped_t2.wav,F3,53,30,sustain,0,1.803,2
data/piano_phase1/F3/F3_v60_legato_ped_t2.wav,F3,53,60,legato,1,2.27,2
data/piano_phase1/F3/F3_v60_portato_noped_t2.wav,F3,53,60,portato,0,1.146,2
data/piano_phase1/F3/F3_v110_staccato_noped_t1.wav,F3,53,110,staccato,0,0.7,1
data/piano_phase1/F3/F3_v30_legato_noped_t1.wav,F3,53,30,legato,0,2.268,1
data/piano_phase1/F3/F3_v30_sustain_noped_t1.wav,F3,53,30,sustain,0,1.803,1
data/piano_phase1/F3/F3_v90_legato_noped_t1.wav,F3,53,90,legato,0,2.257,1
data/piano_phase1/F3/F3_v90_staccato_ped_t1.wav,F3,53,90,staccato,1,0.703,1
data/piano_phase1/F3/F3_v30_legato_noped_t2.wav,F3,53,30,legato,0,2.268,2
data/piano_phase1/F3/F3_v60_staccato_noped_t1.wav,F3,53,60,staccato,0,0.705,1
data/piano_phase1/F3/F3_v60_portato_noped_t1.wav,F3,53,60,portato,0,1.146,1
data/piano_phase1/F3/F3_v110_sustain_noped_t1.wav,F3,53,110,sustain,0,1.797,1
data/piano_phase1/F3/F3_v90_legato_ped_t2.wav,F3,53,90,legato,1,2.257,2
data/piano_phase1/F3/F3_v60_sustain_ped_t1.wav,F3,53,60,sustain,1,1.803,1
data/piano_phase1/F3/F3_v110_portato_noped_t1.wav,F3,53,110,portato,0,1.142,1
data/piano_phase1/F3/F3_v30_staccato_ped_t1.wav,F3,53,30,staccato,1,0.704,1
data/piano_phase1/F3/F3_v110_staccato_noped_t2.wav,F3,53,110,staccato,0,0.7,2
data/piano_phase1/F3/F3_v110_legato_noped_t1.wav,F3,53,110,legato,0,2.253,1
data/piano_phase1/F3/F3_v90_legato_ped_t1.wav,F3,53,90,legato,1,2.257,1
data/piano_phase1/F3/F3_v90_portato_noped_t1.wav,F3,53,90,portato,0,1.142,1
data/piano_phase1/F#3/F#3_v60_legato_ped_t1.wav,F#3,54,60,legato,1,2.256,1
data/piano_phase1/F#3/F#3_v110_legato_ped_t1.wav,F#3,54,110,legato,1,2.245,1
data/piano_phase1/F#3/F#3_v90_portato_noped_t1.wav,F#3,54,90,portato,0,1.145,1
data/piano_phase1/F#3/F#3_v90_portato_ped_t2.wav,F#3,54,90,portato,1,1.145,2
data/piano_phase1/F#3/F#3_v30_sustain_ped_t1.wav,F#3,54,30,sustain,1,1.805,1
data/piano_phase1/F#3/F#3_v60_sustain_ped_t1.wav,F#3,54,60,sustain,1,1.795,1
data/piano_phase1/F#3/F#3_v30_legato_ped_t2.wav,F#3,54,30,legato,1,2.294,2
data/piano_phase1/F#3/F#3_v60_legato_noped_t1.wav,F#3,54,60,legato,0,2.256,1
data/piano_phase1/F#3/F#3_v110_staccato_ped_t1.wav,F#3,54,110,staccato,1,0.699,1
data/piano_phase1/F#3/F#3_v90_sustain_noped_t2.wav,F#3,54,90,sustain,0,1.79,2
data/piano_phase1/F#3/F#3_v30_legato_noped_t1.wav,F#3,54,30,legato,0,2.294,1
data/piano_phase1/F#3/F#3_v110_portato_ped_t2.wav,F#3,54,110,portato,1,1.143,2
data/piano_phase1/F#3/F#3_v60_staccato_ped_t2.wav,F#3,54,60,staccato,1,0.708,2
data/piano_phase1/F#3/F#3_v60_legato_noped_t2.wav,F#3,54,60,legato,0,2.256,2
data/piano_phase1/F#3/F#3_v110_portato_noped_t1.wav,F#3,54,110,portato,0,1.143,1
data/piano_phase1/F#3/F#3_v30_sustain_ped_t2.wav,F#3,54,30,sustain,1,1.805,2
data/piano_phase1/F#3/F#3_v30_staccato_noped_t2.wav,F#3,54,30,staccato,0,0.715,2
data/piano_phase1/F#3/F#3_v60_sustain_noped_t1.wav,F#3,54,60,sustain,0,1.795,1
data/piano_phase1/F#3/F#3_v30_portato_noped_t1.wav,F#3,54,30,portato,0,1.147,1
data/piano_phase1/F#3/F#3_v90_staccato_ped_t1.wav,F#3,54,90,staccato,1,0.703,1
data/piano_phase1/F#3/F#3_v110_staccato_noped_t2.wav,F#3,54,110,staccato,0,0.699,2
data/piano_phase1/F#3/F#3_v90_staccato_noped_t2.wav,F#3,54,90,staccato,0,0.703,2
data/piano_phase1/F#3/F#3_v60_sustain_noped_t2.wav,F#3,54,60,sustain,0,1.795,2
data/piano_phase1/F#3/F#3_v110_portato_ped_t1.wav,F#3,54,110,portato,1,1.143,1
data/piano_phase1/F#3/F#3_v60_portato_ped_t1.wav,F#3,54,60,portato,1,1.149,1
data/piano_phase1/F#3/F#3_v110_portato_noped_t2.wav,F#3,54,110,portato,0,1.143,2
data/piano_phase1/F#3/F#3_v30_legato_ped_t1.wav,F#3,54,30,legato,1,2.294,1
data/piano_phase1/F#3/F#3_v60_portato_ped_t2.wav,F#3,54,60,portato,1,1.149,2
data/piano_phase1/F#3/F#3_v90_portato_noped_t2.wav,F#3,54,90,portato,0,1.145,2
data/piano_phase1/F#3/F#3_v90_legato_noped_t1.wav,F#3,54,90,legato,0,2.246,1
data/piano_phase1/F#3/F#3_v60_portato_noped_t1.wav,F#3,54,60,portato,0,1.149,1
data/piano_phase1/F#3/F#3_v110_sustain_ped_t1.wav,F#3,54,110,sustain,1,1.784,1
data/piano_phase1/F#3/F#3_v90_legato_ped_t1.wav,F#3,54,90,legato,1,2.246,1
data/piano_phase1/F#3/F#3_v30_staccato_noped_t1.wav,F#3,54,30,staccato,0,0.715,1
data/piano_phase1/F#3/F#3_v30_staccato_ped_t1.wav,F#3,54,30,staccato,1,0.715,1
data/piano_phase1/F#3/F#3_v110_staccato_ped_t2.wav,F#3,54,110,staccato,1,0.699,2
data/piano_phase1/F#3/F#3_v60_sustain_ped_t2.wav,F#3,54,60,sustain,1,1.795,2
data/piano_phase1/F#3/F#3_v30_portato_noped_t2.wav,F#3,54,30,portato,0,1.147,2
data/piano_phase1/F#3/F#3_v30_staccato_ped_t2.wav,F#3,54,30,staccato,1,0.715,2
data/piano_phase1/F#3/F#3_v110_legato_noped_t2.wav,F#3,54,110,legato,0,2.245,2
data/piano_phase1/F#3/F#3_v60_legato_ped_t2.wav,F#3,54,60,legato,1,2.256,2
data/piano_phase1/F#3/F#3_v90_staccato_noped_t1.wav,F#3,54,90,staccato,0,0.703,1
data/piano_phase1/F#3/F#3_v110_sustain_noped_t2.wav,F#3,54,110,sustain,0,1.784,2
data/piano_phase1/F#3/F#3_v90_sustain_noped_t1.wav,F#3,54,90,sustain,0,1.79,1
data/piano_phase1/G3/G3_v90_staccato_noped_t2.wav,G3,55,90,staccato,0,0.705,2
data/piano_phase1/G3/G3_v60_legato_noped_t1.wav,G3,55,60,legato,0,2.253,1
data/piano_phase1/G3/G3_v90_staccato_noped_t1.wav,G3,55,90,staccato,0,0.705,1
data/piano_phase1/G3/G3_v30_staccato_ped_t2.wav,G3,55,30,staccato,1,0.709,2
data/piano_phase1/G3/G3_v90_portato_noped_t2.wav,G3,55,90,portato,0,1.148,2
data/piano_phase1/G3/G3_v30_portato_noped_t2.wav,G3,55,30,portato,0,1.146,2
data/piano_phase1/G3/G3_v60_staccato_ped_t1.wav,G3,55,60,staccato,1,0.705,1
data/piano_phase1/G3/G3_v60_sustain_ped_t2.wav,G3,55,60,sustain,1,1.793,2
data/piano_phase1/G3/G3_v60_legato_ped_t2.wav,G3,55,60,legato,1,2.253,2
data/piano_phase1/G3/G3_v90_sustain_ped_t2.wav,G3,55,90,sustain,1,1.787,2
data/piano_phase1/G3/G3_v110_legato_ped_t2.wav,G3,55,110,legato,1,2.243,2
data/piano_phase1/G3/G3_v110_portato_ped_t1.wav,G3,55,110,portato,1,1.145,1
data/piano_phase1/G3/G3_v60_portato_ped_t2.wav,G3,55,60,portato,1,1.151,2
data/piano_phase1/G3/G3_v30_portato_noped_t1.wav,G3,55,30,portato,0,1.146,1
data/piano_phase1/G3/G3_v110_staccato_noped_t1.wav,G3,55,110,staccato,0,0.701,1
data/piano_phase1/G3/G3_v90_staccato_ped_t1.wav,G3,55,90,staccato,1,0.705,1
data/piano_phase1/G3/G3_v60_sustain_noped_t2.wav,G3,55,60,sustain,0,1.793,2
data/piano_phase1/G3/G3_v90_legato_noped_t1.wav,G3,55,90,legato,0,2.244,1
data/piano_phase1/G3/G3_v90_legato_noped_t2.wav,G3,55,90,legato,0,2.244,2
data/piano_phase1/G3/G3_v60_staccato_noped_t1.wav,G3,55,60,staccato,0,0.705,1
data/piano_phase1/G3/G3_v60_portato_noped_t1.wav,G3,55,60,portato,0,1.151,1
data/piano_phase1/G3/G3_v110_sustain_ped_t1.wav,G3,55,110,sustain,1,1.783,1
data/piano_phase1/G3/G3_v110_sustain_ped_t2.wav,G3,55,110,sustain,1,1.783,2
data/piano_phase1/G3/G3_v90_portato_ped_t1.wav,G3,55,90,portato,1,1.148,1
data/piano_phase1/G3/G3_v30_sustain_noped_t1.wav,G3,55,30,sustain,0,1.797,1
data/piano_phase1/G3/G3_v90_sustain_noped_t2.wav,G3,55,90,sustain,0,1.787,2
data/piano_phase1/G3/G3_v110_legato_noped_t1.wav,G3,55,110,legato,0,2.243,1
data/piano_phase1/G3/G3_v90_sustain_noped_t1.wav,G3,55,90,sustain,0,1.787,1
data/piano_phase1/G3/G3_v90_legato_ped_t1.wav,G3,55,90,legato,1,2.244,1
data/piano_phase1/G3/G3_v30_staccato_noped_t1.wav,G3,55,30,staccato,0,0.709,1
data/piano_phase1/G3/G3_v30_portato_ped_t2.wav,G3,55,30,portato,1,1.146,2
data/piano_phase1/G3/G3_v90_portato_noped_t1.wav,G3,55,90,portato,0,1.148,1
data/piano_phase1/G3/G3_v60_staccato_ped_t2.wav,G3,55,60,staccato,1,0.705,2
data/piano_phase1/G3/G3_v110_legato_ped_t1.wav,G3,55,110,legato,1,2.243,1
data/piano_phase1/G3/G3_v60_legato_noped_t2.wav,G3,55,60,legato,0,2.253,2
data/piano_phase1/G3/G3_v30_legato_noped_t1.wav,G3,55,30,legato,0,2.25,1
data/piano_phase1/G3/G3_v30_legato_ped_t1.wav,G3,55,30,legato,1,2.25,1
data/piano_phase1/G3/G3_v60_legato_ped_t1.wav,G3,55,60,legato,1,2.253,1
data/piano_phase1/G3/G3_v30_staccato_ped_t1.wav,G3,55,30,staccato,1,0.709,1
data/piano_phase1/G3/G3_v60_sustain_noped_t1.wav,G3,55,60,sustain,0,1.793,1
data/piano_phase1/G3/G3_v30_portato_ped_t1.wav,G3,55,30,portato,1,1.146,1
data/piano_phase1/G3/G3_v110_portato_noped_t1.wav,G3,55,110,portato,0,1.145,1
data/piano_phase1/G3/G3_v60_staccato_noped_t2.wav,G3,55,60,staccato,0,0.705,2
data/piano_phase1/G3/G3_v110_portato_noped_t2.wav,G3,55,110,portato,0,1.145,2
data/piano_phase1/G#3/G#3_v30_legato_ped_t1.wav,G#3,56,30,legato,1,2.286,1
data/piano_phase1/G#3/G#3_v110_sustain_ped_t2.wav,G#3,56,110,sustain,1,1.786,2
data/piano_phase1/G#3/G#3_v110_sustain_ped_t1.wav,G#3,56,110,sustain,1,1.786,1
data/piano_phase1/G#3/G#3_v110_portato_ped_t1.wav,G#3,56,110,portato,1,1.143,1
data/piano_phase1/G#3/G#3_v30_staccato_noped_t2.wav,G#3,56,30,staccato,0,0.692,2
data/piano_phase1/G#3/G#3_v30_sustain_ped_t1.wav,G#3,56,30,sustain,1,1.819,1
data/piano_phase1/G#3/G#3_v90_legato_noped_t1.wav,G#3,56,90,legato,0,2.264,1
data/piano_phase1/G#3/G#3_v30_sustain_noped_t1.wav,G#3,56,30,sustain,0,1.819,1
data/piano_phase1/G#3/G#3_v90_portato_ped_t1.wav,G#3,56,90,portato,1,1.143,1
data/piano_phase1/G#3/G#3_v60_portato_ped_t1.wav,G#3,56,60,portato,1,1.147,1
data/piano_phase1/G#3/G#3_v30_sustain_ped_t2.wav,G#3,56,30,sustain,1,1.819,2
data/piano_phase1/G#3/G#3_v30_legato_ped_t2.wav,G#3,56,30,legato,1,2.286,2
data/piano_phase1/G#3/G#3_v60_legato_noped_t1.wav,G#3,56,60,legato,0,2.278,1
data/piano_phase1/G#3/G#3_v30_staccato_ped_t2.wav,G#3,56,30,staccato,1,0.692,2
data/piano_phase1/G#3/G#3_v60_legato_noped_t2.wav,G#3,56,60,legato,0,2.278,2
data/piano_phase1/G#3/G#3_v60_sustain_noped_t1.wav,G#3,56,60,sustain,0,1.796,1
data/piano_phase1/G#3/G#3_v110_portato_ped_t2.wav,G#3,56,110,portato,1,1.143,2
data/piano_phase1/G#3/G#3_v60_legato_ped_t1.wav,G#3,56,60,legato,1,2.278,1
data/piano_phase1/G#3/G#3_v110_legato_noped_t2.wav,G#3,56,110,legato,0,2.269,2
data/piano_phase1/G#3/G#3_v30_sustain_noped_t2.wav,G#3,56,30,sustain,0,1.819,2
data/piano_phase1/G#3/G#3_v60_legato_ped_t2.wav,G#3,56,60,legato,1,2.278,2
data/piano_phase1/G#3/G#3_v90_staccato_ped_t2.wav,G#3,56,90,staccato,1,0.688,2
data/piano_phase1/G#3/G#3_v30_portato_noped_t2.wav,G#3,56,30,portato,0,1.161,2
data/piano_phase1/G#3/G#3_v110_legato_ped_t1.wav,G#3,56,110,legato,1,2.269,1
data/piano_phase1/G#3/G#3_v110_portato_noped_t1.wav,G#3,56,110,portato,0,1.143,1
data/piano_phase1/G#3/G#3_v110_staccato_ped_t1.wav,G#3,56,110,staccato,1,0.684,1
data/piano_phase1/G#3/G#3_v90_sustain_noped_t2.wav,G#3,56,90,sustain,0,1.792,2
data/piano_phase1/G#3/G#3_v30_legato_noped_t2.wav,G#3,56,30,legato,0,2.286,2
data/piano_phase1/G#3/G#3_v30_portato_ped_t1.wav,G#3,56,30,portato,1,1.161,1
data/piano_phase1/G#3/G#3_v110_portato_noped_t2.wav,G#3,56,110,portato,0,1.143,2
data/piano_phase1/G#3/G#3_v60_staccato_noped_t2.wav,G#3,56,60,staccato,0,0.692,2
data/piano_phase1/G#3/G#3_v60_staccato_ped_t1.wav,G#3,56,60,staccato,1,0.692,1
data/piano_phase1/G#3/G#3_v60_sustain_noped_t2.wav,G#3,56,60,sustain,0,1.796,2
data/piano_phase1/G#3/G#3_v90_sustain_noped_t1.wav,G#3,56,90,sustain,0,1.792,1
data/piano_phase1/G#3/G#3_v60_sustain_ped_t1.wav,G#3,56,60,sustain,1,1.796,1
data/piano_phase1/G#3/G#3_v90_portato_noped_t2.wav,G#3,56,90,portato,0,1.143,2
data/piano_phase1/G#3/G#3_v90_staccato_noped_t1.wav,G#3,56,90,staccato,0,0.688,1
data/piano_phase1/G#3/G#3_v60_staccato_ped_t2.wav,G#3,56,60,staccato,1,0.692,2
data/piano_phase1/G#3/G#3_v30_portato_ped_t2.wav,G#3,56,30,portato,1,1.161,2
data/piano_phase1/G#3/G#3_v60_portato_noped_t1.wav,G#3,56,60,portato,0,1.147,1
data/piano_phase1/G#3/G#3_v90_portato_ped_t2.wav,G#3,56,90,portato,1,1.143,2
data/piano_phase1/G#3/G#3_v60_portato_noped_t2.wav,G#3,56,60,portato,0,1.147,2
data/piano_phase1/G#3/G#3_v110_staccato_noped_t1.wav,G#3,56,110,staccato,0,0.684,1
data/piano_phase1/G#3/G#3_v30_portato_noped_t1.wav,G#3,56,30,portato,0,1.161,1
data/piano_phase1/A3/A3_v90_legato_ped_t1.wav,A3,57,90,legato,1,2.267,1
data/piano_phase1/A3/A3_v110_legato_noped_t2.wav,A3,57,110,legato,0,2.261,2
data/piano_phase1/A3/A3_v90_legato_noped_t1.wav,A3,57,90,legato,0,2.267,1
data/piano_phase1/A3/A3_v110_sustain_noped_t2.wav,A3,57,110,sustain,0,1.779,2
data/piano_phase1/A3/A3_v110_staccato_ped_t2.wav,A3,57,110,staccato,1,0.687,2
data/piano_phase1/A3/A3_v60_sustain_ped_t2.wav,A3,57,60,sustain,1,1.792,2
data/piano_phase1/A3/A3_v110_sustain_ped_t2.wav,A3,57,110,sustain,1,1.779,2
data/piano_phase1/A3/A3_v90_sustain_noped_t2.wav,A3,57,90,sustain,0,1.784,2
data/piano_phase1/A3/A3_v90_staccato_ped_t1.wav,A3,57,90,staccato,1,0.688,1
data/piano_phase1/A3/A3_v110_portato_ped_t2.wav,A3,57,110,portato,1,1.135,2
data/piano_phase1/A3/A3_v30_sustain_noped_t1.wav,A3,57,30,sustain,0,1.823,1
data/piano_phase1/A3/A3_v30_sustain_ped_t2.wav,A3,57,30,sustain,1,1.823,2
data/piano_phase1/A3/A3_v90_staccato_noped_t2.wav,A3,57,90,staccato,0,0.688,2
data/piano_phase1/A3/A3_v60_portato_noped_t1.wav,A3,57,60,portato,0,1.149,1
data/piano_phase1/A3/A3_v90_portato_ped_t1.wav,A3,57,90,portato,1,1.14,1
data/piano_phase1/A3/A3_v110_legato_ped_t2.wav,A3,57,110,legato,1,2.261,2
data/piano_phase1/A3/A3_v110_legato_ped_t1.wav,A3,57,110,legato,1,2.261,1
data/piano_phase1/A3/A3_v110_legato_noped_t1.wav,A3,57,110,legato,0,2.261,1
data/piano_phase1/A3/A3_v60_portato_ped_t2.wav,A3,57,60,portato,1,1.149,2
data/piano_phase1/A3/A3_v30_staccato_ped_t2.wav,A3,57,30,staccato,1,0.698,2
data/piano_phase1/A3/A3_v60_legato_noped_t1.wav,A3,57,60,legato,0,2.263,1
data/piano_phase1/A3/A3_v60_staccato_noped_t2.wav,A3,57,60,staccato,0,0.687,2
data/piano_phase1/A3/A3_v90_legato_ped_t2.wav,A3,57,90,legato,1,2.267,2
data/piano_phase1/A3/A3_v110_staccato_ped_t1.wav,A3,57,110,staccato,1,0.687,1
data/piano_phase1/A3/A3_v60_staccato_noped_t1.wav,A3,57,60,staccato,0,0.687,1
data/piano_phase1/A3/A3_v60_portato_ped_t1.wav,A3,57,60,portato,1,1.149,1
data/piano_phase1/A3/A3_v90_staccato_ped_t2.wav,A3,57,90,staccato,1,0.688,2
data/piano_phase1/A3/A3_v110_sustain_noped_t1.wav,A3,57,110,sustain,0,1.779,1
data/piano_phase1/A3/A3_v30_portato_ped_t2.wav,A3,57,30,portato,1,1.154,2
data/piano_phase1/A3/A3_v30_legato_noped_t2.wav,A3,57,30,legato,0,2.283,2
data/piano_phase1/A3/A3_v90_portato_noped_t2.wav,A3,57,90,portato,0,1.14,2
data/piano_phase1/A3/A3_v30_portato_ped_t1.wav,A3,57,30,portato,1,1.154,1
data/piano_phase1/A3/A3_v30_staccato_noped_t1.wav,A3,57,30,staccato,0,0.698,1
data/piano_phase1/A3/A3_v110_portato_ped_t1.wav,A3,57,110,portato,1,1.135,1
data/piano_phase1/A3/A3_v90_legato_noped_t2.wav,A3,57,90,legato,0,2.267,2
data/piano_phase1/A3/A3_v60_sustain_noped_t2.wav,A3,57,60,sustain,0,1.792,2
data/piano_phase1/A3/A3_v60_legato_ped_t2.wav,A3,57,60,legato,1,2.263,2
data/piano_phase1/A3/A3_v60_sustain_noped_t1.wav,A3,57,60,sustain,0,1.792,1
data/piano_phase1/A3/A3_v110_staccato_noped_t2.wav,A3,57,110,staccato,0,0.687,2
data/piano_phase1/A3/A3_v90_portato_noped_t1.wav,A3,57,90,portato,0,1.14,1
data/piano_phase1/A3/A3_v60_sustain_ped_t1.wav,A3,57,60,sustain,1,1.792,1
data/piano_phase1/A3/A3_v60_legato_noped_t2.wav,A3,57,60,legato,0,2.263,2
data/piano_phase1/A3/A3_v30_portato_noped_t1.wav,A3,57,30,portato,0,1.154,1
data/piano_phase1/A3/A3_v110_sustain_ped_t1.wav,A3,57,110,sustain,1,1.779,1
data/piano_phase1/A#3/A#3_v30_staccato_ped_t1.wav,A#3,58,30,staccato,1,0.708,1
data/piano_phase1/A#3/A#3_v60_portato_ped_t2.wav,A#3,58,60,portato,1,1.147,2
data/piano_phase1/A#3/A#3_v110_staccato_ped_t1.wav,A#3,58,110,staccato,1,0.683,1
data/piano_phase1/A#3/A#3_v30_staccato_noped_t2.wav,A#3,58,30,staccato,0,0.708,2
data/piano_phase1/A#3/A#3_v60_staccato_noped_t1.wav,A#3,58,60,staccato,0,0.686,1
data/piano_phase1/A#3/A#3_v110_portato_noped_t2.wav,A#3,58,110,portato,0,1.139,2
data/piano_phase1/A#3/A#3_v30_sustain_ped_t1.wav,A#3,58,30,sustain,1,1.803,1
data/piano_phase1/A#3/A#3_v90_legato_ped_t1.wav,A#3,58,90,legato,1,2.258,1
data/piano_phase1/A#3/A#3_v60_staccato_ped_t2.wav,A#3,58,60,staccato,1,0.686,2
data/piano_phase1/A#3/A#3_v110_staccato_noped_t1.wav,A#3,58,110,staccato,0,0.683,1
data/piano_phase1/A#3/A#3_v90_sustain_ped_t2.wav,A#3,58,90,sustain,1,1.789,2
data/piano_phase1/A#3/A#3_v30_portato_ped_t1.wav,A#3,58,30,portato,1,1.152,1
data/piano_phase1/A#3/A#3_v90_portato_ped_t2.wav,A#3,58,90,portato,1,1.143,2
data/piano_phase1/A#3/A#3_v90_staccato_noped_t1.wav,A#3,58,90,staccato,0,0.686,1
data/piano_phase1/A#3/A#3_v90_portato_noped_t1.wav,A#3,58,90,portato,0,1.143,1
data/piano_phase1/A#3/A#3_v30_portato_ped_t2.wav,A#3,58,30,portato,1,1.152,2
data/piano_phase1/A#3/A#3_v110_legato_ped_t2.wav,A#3,58,110,legato,1,2.246,2
data/piano_phase1/A#3/A#3_v60_sustain_noped_t2.wav,A#3,58,60,sustain,0,1.792,2
data/piano_phase1/A#3/A#3_v90_sustain_noped_t2.wav,A#3,58,90,sustain,0,1.789,2
data/piano_phase1/A#3/A#3_v30_sustain_ped_t2.wav,A#3,58,30,sustain,1,1.803,2
data/piano_phase1/A#3/A#3_v60_sustain_ped_t2.wav,A#3,58,60,sustain,1,1.792,2
data/piano_phase1/A#3/A#3_v110_staccato_ped_t2.wav,A#3,58,110,staccato,1,0.683,2
data/piano_phase1/A#3/A#3_v110_portato_ped_t2.wav,A#3,58,110,portato,1,1.139,2
data/piano_phase1/A#3/A#3_v60_legato_ped_t1.wav,A#3,58,60,legato,1,2.257,1
data/piano_phase1/A#3/A#3_v30_staccato_noped_t1.wav,A#3,58,30,staccato,0,0.708,1
data/piano_phase1/A#3/A#3_v60_portato_ped_t1.wav,A#3,58,60,portato,1,1.147,1
data/piano_phase1/A#3/A#3_v110_portato_noped_t1.wav,A#3,58,110,portato,0,1.139,1
data/piano_phase1/A#3/A#3_v90_sustain_ped_t1.wav,A#3,58,90,sustain,1,1.789,1
data/piano_phase1/A#3/A#3_v30_legato_noped_t1.wav,A#3,58,30,legato,0,2.295,1
data/piano_phase1/A#3/A#3_v110_sustain_ped_t2.wav,A#3,58,110,sustain,1,1.777,2
data/piano_phase1/A#3/A#3_v110_legato_noped_t1.wav,A#3,58,110,legato,0,2.246,1
data/piano_phase1/A#3/A#3_v110_sustain_ped_t1.wav,A#3,58,110,sustain,1,1.777,1
data/piano_phase1/A#3/A#3_v30_staccato_ped_t2.wav,A#3,58,30,staccato,1,0.708,2
data/piano_phase1/A#3/A#3_v90_portato_noped_t2.wav,A#3,58,90,portato,0,1.143,2
data/piano_phase1/A#3/A#3_v60_legato_noped_t2.wav,A#3,58,60,legato,0,2.257,2
data/piano_phase1/A#3/A#3_v90_legato_ped_t2.wav,A#3,58,90,legato,1,2.258,2
data/piano_phase1/A#3/A#3_v110_legato_noped_t2.wav,A#3,58,110,legato,0,2.246,2
data/piano_phase1/A#3/A#3_v90_portato_ped_t1.wav,A#3,58,90,portato,1,1.143,1
data/piano_phase1/A#3/A#3_v60_sustain_ped_t1.wav,A#3,58,60,sustain,1,1.792,1
data/piano_phase1/A#3/A#3_v110_portato_ped_t1.wav,A#3,58,110,portato,1,1.139,1
data/piano_phase1/A#3/A#3_v30_legato_noped_t2.wav,A#3,58,30,legato,0,2.295,2
data/piano_phase1/A#3/A#3_v90_legato_noped_t1.wav,A#3,58,90,legato,0,2.258,1
data/piano_phase1/A#3/A#3_v60_sustain_noped_t1.wav,A#3,58,60,sustain,0,1.792,1
data/piano_phase1/A#3/A#3_v30_legato_ped_t1.wav,A#3,58,30,legato,1,2.295,1
data/piano_phase1/B3/B3_v110_portato_ped_t2.wav,B3,59,110,portato,1,1.105,2
data/piano_phase1/B3/B3_v90_portato_ped_t2.wav,B3,59,90,portato,1,1.105,2
data/piano_phase1/B3/B3_v110_portato_noped_t2.wav,B3,59,110,portato,0,1.105,2
data/piano_phase1/B3/B3_v60_staccato_ped_t1.wav,B3,59,60,staccato,1,0.711,1
data/piano_phase1/B3/B3_v90_legato_ped_t1.wav,B3,59,90,legato,1,2.233,1
data/piano_phase1/B3/B3_v60_portato_ped_t2.wav,B3,59,60,portato,1,1.104,2
data/piano_phase1/B3/B3_v90_legato_noped_t2.wav,B3,59,90,legato,0,2.233,2
data/piano_phase1/B3/B3_v30_sustain_ped_t1.wav,B3,59,30,sustain,1,1.693,1
data/piano_phase1/B3/B3_v60_legato_noped_t1.wav,B3,59,60,legato,0,2.241,1
data/piano_phase1/B3/B3_v30_sustain_noped_t2.wav,B3,59,30,sustain,0,1.693,2
data/piano_phase1/B3/B3_v30_staccato_ped_t1.wav,B3,59,30,staccato,1,0.708,1
data/piano_phase1/B3/B3_v90_portato_ped_t1.wav,B3,59,90,portato,1,1.105,1
data/piano_phase1/B3/B3_v30_legato_noped_t1.wav,B3,59,30,legato,0,2.282,1
data/piano_phase1/B3/B3_v90_staccato_noped_t2.wav,B3,59,90,staccato,0,0.714,2
data/piano_phase1/B3/B3_v110_staccato_ped_t2.wav,B3,59,110,staccato,1,0.714,2
data/piano_phase1/B3/B3_v90_staccato_noped_t1.wav,B3,59,90,staccato,0,0.714,1
data/piano_phase1/B3/B3_v110_portato_ped_t1.wav,B3,59,110,portato,1,1.105,1
data/piano_phase1/B3/B3_v90_staccato_ped_t2.wav,B3,59,90,staccato,1,0.714,2
data/piano_phase1/B3/B3_v30_legato_ped_t2.wav,B3,59,30,legato,1,2.282,2
data/piano_phase1/B3/B3_v90_sustain_ped_t2.wav,B3,59,90,sustain,1,1.591,2
data/piano_phase1/B3/B3_v110_legato_noped_t2.wav,B3,59,110,legato,0,2.225,2
data/piano_phase1/B3/B3_v60_legato_ped_t2.wav,B3,59,60,legato,1,2.241,2
data/piano_phase1/B3/B3_v60_staccato_ped_t2.wav,B3,59,60,staccato,1,0.711,2
data/piano_phase1/B3/B3_v90_sustain_noped_t1.wav,B3,59,90,sustain,0,1.591,1
data/piano_phase1/B3/B3_v30_portato_ped_t1.wav,B3,59,30,portato,1,1.104,1
data/piano_phase1/B3/B3_v30_portato_ped_t2.wav,B3,59,30,portato,1,1.104,2
data/piano_phase1/B3/B3_v30_staccato_noped_t1.wav,B3,59,30,staccato,0,0.708,1
data/piano_phase1/B3/B3_v110_legato_noped_t1.wav,B3,59,110,legato,0,2.225,1
data/piano_phase1/B3/B3_v110_sustain_ped_t2.wav,B3,59,110,sustain,1,1.669,2
data/piano_phase1/B3/B3_v90_legato_noped_t1.wav,B3,59,90,legato,0,2.233,1
data/piano_phase1/B3/B3_v110_legato_ped_t1.wav,B3,59,110,legato,1,2.225,1
data/piano_phase1/B3/B3_v30_portato_noped_t1.wav,B3,59,30,portato,0,1.104,1
data/piano_phase1/B3/B3_v30_legato_ped_t1.wav,B3,59,30,legato,1,2.282,1
data/piano_phase1/B3/B3_v60_portato_ped_t1.wav,B3,59,60,portato,1,1.104,1
data/piano_phase1/B3/B3_v110_staccato_ped_t1.wav,B3,59,110,staccato,1,0.714,1
data/piano_phase1/B3/B3_v90_staccato_ped_t1.wav,B3,59,90,staccato,1,0.714,1
data/piano_phase1/B3/B3_v110_sustain_noped_t2.wav,B3,59,110,sustain,0,1.669,2
data/piano_phase1/B3/B3_v60_legato_ped_t1.wav,B3,59,60,legato,1,2.241,1
data/piano_phase1/B3/B3_v110_sustain_noped_t1.wav,B3,59,110,sustain,0,1.669,1
data/piano_phase1/B3/B3_v110_staccato_noped_t2.wav,B3,59,110,staccato,0,0.714,2
data/piano_phase1/B3/B3_v60_sustain_ped_t1.wav,B3,59,60,sustain,1,1.734,1
data/piano_phase1/B3/B3_v60_staccato_noped_t2.wav,B3,59,60,staccato,0,0.711,2
data/piano_phase1/B3/B3_v110_staccato_noped_t1.wav,B3,59,110,staccato,0,0.714,1
data/piano_phase1/B3/B3_v60_portato_noped_t2.wav,B3,59,60,portato,0,1.104,2
data/piano_phase1/C4/C4_v110_legato_ped_t1.wav,C4,60,110,legato,1,2.246,1
data/piano_phase1/C4/C4_v110_staccato_noped_t1.wav,C4,60,110,staccato,0,0.721,1
data/piano_phase1/C4/C4_v30_sustain_noped_t2.wav,C4,60,30,sustain,0,1.751,2
data/piano_phase1/C4/C4_v60_legato_ped_t1.wav,C4,60,60,legato,1,2.253,1
data/piano_phase1/C4/C4_v110_legato_noped_t2.wav,C4,60,110,legato,0,2.246,2
data/piano_phase1/C4/C4_v60_sustain_noped_t2.wav,C4,60,60,sustain,0,1.779,2
data/piano_phase1/C4/C4_v110_sustain_ped_t1.wav,C4,60,110,sustain,1,1.726,1
data/piano_phase1/C4/C4_v90_staccato_noped_t2.wav,C4,60,90,staccato,0,0.721,2
data/piano_phase1/C4/C4_v110_staccato_ped_t2.wav,C4,60,110,staccato,1,0.721,2
data/piano_phase1/C4/C4_v30_sustain_ped_t2.wav,C4,60,30,sustain,1,1.751,2
data/piano_phase1/C4/C4_v30_staccato_ped_t2.wav,C4,60,30,staccato,1,0.72,2
data/piano_phase1/C4/C4_v60_sustain_noped_t1.wav,C4,60,60,sustain,0,1.779,1
data/piano_phase1/C4/C4_v90_staccato_ped_t2.wav,C4,60,90,staccato,1,0.721,2
data/piano_phase1/C4/C4_v30_staccato_noped_t2.wav,C4,60,30,staccato,0,0.72,2
data/piano_phase1/C4/C4_v60_staccato_ped_t1.wav,C4,60,60,staccato,1,0.718,1
data/piano_phase1/C4/C4_v90_legato_ped_t2.wav,C4,60,90,legato,1,2.258,2
data/piano_phase1/C4/C4_v30_sustain_ped_t1.wav,C4,60,30,sustain,1,1.751,1
data/piano_phase1/C4/C4_v90_legato_ped_t1.wav,C4,60,90,legato,1,2.258,1
data/piano_phase1/C4/C4_v60_legato_noped_t1.wav,C4,60,60,legato,0,2.253,1
data/piano_phase1/C4/C4_v30_legato_ped_t1.wav,C4,60,30,legato,1,2.264,1
data/piano_phase1/C4/C4_v110_portato_ped_t1.wav,C4,60,110,portato,1,1.104,1
data/piano_phase1/C4/C4_v60_staccato_noped_t2.wav,C4,60,60,staccato,0,0.718,2
data/piano_phase1/C4/C4_v110_legato_ped_t2.wav,C4,60,110,legato,1,2.246,2
data/piano_phase1/C4/C4_v30_sustain_noped_t1.wav,C4,60,30,sustain,0,1.751,1
data/piano_phase1/C4/C4_v60_portato_noped_t1.wav,C4,60,60,portato,0,1.097,1
data/piano_phase1/C4/C4_v60_staccato_noped_t1.wav,C4,60,60,staccato,0,0.718,1
data/piano_phase1/C4/C4_v90_portato_ped_t2.wav,C4,60,90,portato,1,1.102,2
data/piano_phase1/C4/C4_v30_portato_noped_t2.wav,C4,60,30,portato,0,1.107,2
data/piano_phase1/C4/C4_v30_legato_noped_t2.wav,C4,60,30,legato,0,2.264,2
data/piano_phase1/C4/C4_v110_portato_ped_t2.wav,C4,60,110,portato,1,1.104,2
data/piano_phase1/C4/C4_v110_portato_noped_t1.wav,C4,60,110,portato,0,1.104,1
data/piano_phase1/C4/C4_v60_legato_noped_t2.wav,C4,60,60,legato,0,2.253,2
data/piano_phase1/C4/C4_v90_sustain_noped_t2.wav,C4,60,90,sustain,0,1.73,2
data/piano_phase1/C4/C4_v90_sustain_ped_t1.wav,C4,60,90,sustain,1,1.73,1
data/piano_phase1/C4/C4_v110_sustain_noped_t1.wav,C4,60,110,sustain,0,1.726,1
data/piano_phase1/C4/C4_v60_legato_ped_t2.wav,C4,60,60,legato,1,2.253,2
data/piano_phase1/C4/C4_v60_sustain_ped_t1.wav,C4,60,60,sustain,1,1.779,1
data/piano_phase1/C4/C4_v30_staccato_noped_t1.wav,C4,60,30,staccato,0,0.72,1
data/piano_phase1/C4/C4_v60_portato_noped_t2.wav,C4,60,60,portato,0,1.097,2
data/piano_phase1/C4/C4_v90_staccato_noped_t1.wav,C4,60,90,staccato,0,0.721,1
data/piano_phase1/C4/C4_v110_sustain_ped_t2.wav,C4,60,110,sustain,1,1.726,2
data/piano_phase1/C4/C4_v60_portato_ped_t2.wav,C4,60,60,portato,1,1.097,2
data/piano_phase1/C4/C4_v60_sustain_ped_t2.wav,C4,60,60,sustain,1,1.779,2
data/piano_phase1/C4/C4_v90_staccato_ped_t1.wav,C4,60,90,staccato,1,0.721,1
data/piano_phase1/C#4/C#4_v60_sustain_ped_t2.wav,C#4,61,60,sustain,1,1.753,2
data/piano_phase1/C#4/C#4_v110_legato_ped_t1.wav,C#4,61,110,legato,1,2.264,1
data/piano_phase1/C#4/C#4_v110_portato_noped_t2.wav,C#4,61,110,portato,0,1.089,2
data/piano_phase1/C#4/C#4_v90_staccato_ped_t1.wav,C#4,61,90,staccato,1,0.713,1
data/piano_phase1/C#4/C#4_v30_portato_noped_t1.wav,C#4,61,30,portato,0,1.097,1
data/piano_phase1/C#4/C#4_v110_legato_noped_t1.wav,C#4,61,110,legato,0,2.264,1
data/piano_phase1/C#4/C#4_v60_sustain_noped_t1.wav,C#4,61,60,sustain,0,1.753,1
data/piano_phase1/C#4/C#4_v110_legato_ped_t2.wav,C#4,61,110,legato,1,2.264,2
data/piano_phase1/C#4/C#4_v110_portato_noped_t1.wav,C#4,61,110,portato,0,1.089,1
data/piano_phase1/C#4/C#4_v60_legato_noped_t2.wav,C#4,61,60,legato,0,2.258,2
data/piano_phase1/C#4/C#4_v30_staccato_ped_t1.wav,C#4,61,30,staccato,1,0.714,1
data/piano_phase1/C#4/C#4_v90_portato_noped_t2.wav,C#4,61,90,portato,0,1.089,2
data/piano_phase1/C#4/C#4_v90_legato_ped_t2.wav,C#4,61,90,legato,1,2.261,2
data/piano_phase1/C#4/C#4_v90_portato_ped_t2.wav,C#4,61,90,portato,1,1.089,2
data/piano_phase1/C#4/C#4_v110_sustain_noped_t2.wav,C#4,61,110,sustain,0,1.753,2
data/piano_phase1/C#4/C#4_v30_portato_ped_t1.wav,C#4,61,30,portato,1,1.097,1
data/piano_phase1/C#4/C#4_v30_staccato_ped_t2.wav,C#4,61,30,staccato,1,0.714,2
data/piano_phase1/C#4/C#4_v30_portato_ped_t2.wav,C#4,61,30,portato,1,1.097,2
data/piano_phase1/C#4/C#4_v60_portato_noped_t1.wav,C#4,61,60,portato,0,1.087,1
data/piano_phase1/C#4/C#4_v30_sustain_noped_t2.wav,C#4,61,30,sustain,0,1.774,2
data/piano_phase1/C#4/C#4_v30_sustain_noped_t1.wav,C#4,61,30,sustain,0,1.774,1
data/piano_phase1/C#4/C#4_v90_portato_noped_t1.wav,C#4,61,90,portato,0,1.089,1
data/piano_phase1/C#4/C#4_v60_portato_ped_t1.wav,C#4,61,60,portato,1,1.087,1
data/piano_phase1/C#4/C#4_v90_sustain_noped_t1.wav,C#4,61,90,sustain,0,1.757,1
data/piano_phase1/C#4/C#4_v30_sustain_ped_t1.wav,C#4,61,30,sustain,1,1.774,1
data/piano_phase1/C#4/C#4_v90_sustain_ped_t1.wav,C#4,61,90,sustain,1,1.757,1
data/piano_phase1/C#4/C#4_v90_staccato_noped_t1.wav,C#4,61,90,staccato,0,0.713,1
data/piano_phase1/C#4/C#4_v30_legato_noped_t2.wav,C#4,61,30,legato,0,2.296,2
data/piano_phase1/C#4/C#4_v30_sustain_ped_t2.wav,C#4,61,30,sustain,1,1.774,2
data/piano_phase1/C#4/C#4_v110_legato_noped_t2.wav,C#4,61,110,legato,0,2.264,2
data/piano_phase1/C#4/C#4_v110_portato_ped_t2.wav,C#4,61,110,portato,1,1.089,2
data/piano_phase1/C#4/C#4_v90_sustain_ped_t2.wav,C#4,61,90,sustain,1,1.757,2
data/piano_phase1/C#4/C#4_v60_portato_ped_t2.wav,C#4,61,60,portato,1,1.087,2
data/piano_phase1/C#4/C#4_v60_staccato_ped_t2.wav,C#4,61,60,staccato,1,0.712,2
data/piano_phase1/C#4/C#4_v110_sustain_ped_t1.wav,C#4,61,110,sustain,1,1.753,1
data/piano_phase1/C#4/C#4_v60_sustain_noped_t2.wav,C#4,61,60,sustain,0,1.753,2
data/piano_phase1/C#4/C#4_v30_legato_ped_t1.wav,C#4,61,30,legato,1,2.296,1
data/piano_phase1/C#4/C#4_v60_staccato_ped_t1.wav,C#4,61,60,staccato,1,0.712,1
data/piano_phase1/C#4/C#4_v110_staccato_ped_t1.wav,C#4,61,110,staccato,1,0.712,1
data/piano_phase1/C#4/C#4_v30_staccato_noped_t2.wav,C#4,61,30,staccato,0,0.714,2
data/piano_phase1/C#4/C#4_v60_legato_noped_t1.wav,C#4,61,60,legato,0,2.258,1
data/piano_phase1/C#4/C#4_v110_staccato_noped_t1.wav,C#4,61,110,staccato,0,0.712,1
data/piano_phase1/C#4/C#4_v90_sustain_noped_t2.wav,C#4,61,90,sustain,0,1.757,2
data/piano_phase1/C#4/C#4_v60_legato_ped_t1.wav,C#4,61,60,legato,1,2.258,1
data/piano_phase1/D4/D4_v90_legato_ped_t1.wav,D4,62,90,legato,1,2.298,1
data/piano_phase1/D4/D4_v60_sustain_ped_t2.wav,D4,62,60,sustain,1,1.823,2
data/piano_phase1/D4/D4_v60_portato_ped_t1.wav,D4,62,60,portato,1,1.127,1
data/piano_phase1/D4/D4_v30_portato_noped_t2.wav,D4,62,30,portato,0,1.144,2
data/piano_phase1/D4/D4_v110_staccato_noped_t2.wav,D4,62,110,staccato,0,0.699,2
data/piano_phase1/D4/D4_v110_staccato_ped_t2.wav,D4,62,110,staccato,1,0.699,2
data/piano_phase1/D4/D4_v30_sustain_ped_t1.wav,D4,62,30,sustain,1,1.84,1
data/piano_phase1/D4/D4_v60_sustain_ped_t1.wav,D4,62,60,sustain,1,1.823,1
data/piano_phase1/D4/D4_v110_legato_ped_t1.wav,D4,62,110,legato,1,2.294,1
data/piano_phase1/D4/D4_v110_legato_noped_t2.wav,D4,62,110,legato,0,2.294,2
data/piano_phase1/D4/D4_v110_legato_ped_t2.wav,D4,62,110,legato,1,2.294,2
data/piano_phase1/D4/D4_v110_sustain_noped_t1.wav,D4,62,110,sustain,0,1.807,1
data/piano_phase1/D4/D4_v110_sustain_noped_t2.wav,D4,62,110,sustain,0,1.807,2
data/piano_phase1/D4/D4_v110_staccato_noped_t1.wav,D4,62,110,staccato,0,0.699,1
data/piano_phase1/D4/D4_v30_legato_noped_t1.wav,D4,62,30,legato,0,2.315,1
data/piano_phase1/D4/D4_v110_sustain_ped_t2.wav,D4,62,110,sustain,1,1.807,2
data/piano_phase1/D4/D4_v30_legato_noped_t2.wav,D4,62,30,legato,0,2.315,2
data/piano_phase1/D4/D4_v110_portato_ped_t1.wav,D4,62,110,portato,1,1.111,1
data/piano_phase1/D4/D4_v90_sustain_ped_t2.wav,D4,62,90,sustain,1,1.82,2
data/piano_phase1/D4/D4_v90_staccato_noped_t2.wav,D4,62,90,staccato,0,0.702,2
data/piano_phase1/D4/D4_v60_legato_noped_t2.wav,D4,62,60,legato,0,2.304,2
data/piano_phase1/D4/D4_v30_sustain_noped_t2.wav,D4,62,30,sustain,0,1.84,2
data/piano_phase1/D4/D4_v90_portato_ped_t2.wav,D4,62,90,portato,1,1.124,2
data/piano_phase1/D4/D4_v60_sustain_noped_t1.wav,D4,62,60,sustain,0,1.823,1
data/piano_phase1/D4/D4_v90_staccato_noped_t1.wav,D4,62,90,staccato,0,0.702,1
data/piano_phase1/D4/D4_v30_staccato_noped_t2.wav,D4,62,30,staccato,0,0.709,2
data/piano_phase1/D4/D4_v90_portato_ped_t1.wav,D4,62,90,portato,1,1.124,1
data/piano_phase1/D4/D4_v60_portato_noped_t1.wav,D4,62,60,portato,0,1.127,1
data/piano_phase1/D4/D4_v90_sustain_ped_t1.wav,D4,62,90,sustain,1,1.82,1
data/piano_phase1/D4/D4_v110_portato_noped_t2.wav,D4,62,110,portato,0,1.111,2
data/piano_phase1/D4/D4_v30_legato_ped_t2.wav,D4,62,30,legato,1,2.315,2
data/piano_phase1/D4/D4_v60_sustain_noped_t2.wav,D4,62,60,sustain,0,1.823,2
data/piano_phase1/D4/D4_v30_portato_noped_t1.wav,D4,62,30,portato,0,1.144,1
data/piano_phase1/D4/D4_v30_portato_ped_t2.wav,D4,62,30,portato,1,1.144,2
data/piano_phase1/D4/D4_v90_legato_ped_t2.wav,D4,62,90,legato,1,2.298,2
data/piano_phase1/D4/D4_v60_staccato_noped_t1.wav,D4,62,60,staccato,0,0.702,1
data/piano_phase1/D4/D4_v110_portato_noped_t1.wav,D4,62,110,portato,0,1.111,1
data/piano_phase1/D4/D4_v110_legato_noped_t1.wav,D4,62,110,legato,0,2.294,1
data/piano_phase1/D4/D4_v60_portato_noped_t2.wav,D4,62,60,portato,0,1.127,2
data/piano_phase1/D4/D4_v60_legato_noped_t1.wav,D4,62,60,legato,0,2.304,1
data/piano_phase1/D4/D4_v90_sustain_noped_t2.wav,D4,62,90,sustain,0,1.82,2
data/piano_phase1/D4/D4_v60_legato_ped_t1.wav,D4,62,60,legato,1,2.304,1
data/piano_phase1/D4/D4_v110_staccato_ped_t1.wav,D4,62,110,staccato,1,0.699,1
data/piano_phase1/D4/D4_v90_portato_noped_t1.wav,D4,62,90,portato,0,1.124,1
data/piano_phase1/D#4/D#4_v60_portato_noped_t1.wav,D#4,63,60,portato,0,1.132,1
data/piano_phase1/D#4/D#4_v90_staccato_noped_t1.wav,D#4,63,90,staccato,0,0.696,1
data/piano_phase1/D#4/D#4_v110_staccato_noped_t2.wav,D#4,63,110,staccato,0,0.693,2
data/piano_phase1/D#4/D#4_v110_portato_ped_t2.wav,D#4,63,110,portato,1,1.116,2
data/piano_phase1/D#4/D#4_v90_sustain_noped_t1.wav,D#4,63,90,sustain,0,1.824,1
data/piano_phase1/D#4/D#4_v30_legato_noped_t2.wav,D#4,63,30,legato,0,2.311,2
data/piano_phase1/D#4/D#4_v90_portato_ped_t2.wav,D#4,63,90,portato,1,1.125,2
data/piano_phase1/D#4/D#4_v110_sustain_ped_t1.wav,D#4,63,110,sustain,1,1.815,1
data/piano_phase1/D#4/D#4_v110_legato_ped_t1.wav,D#4,63,110,legato,1,2.288,1
data/piano_phase1/D#4/D#4_v110_portato_noped_t1.wav,D#4,63,110,portato,0,1.116,1
data/piano_phase1/D#4/D#4_v30_portato_ped_t1.wav,D#4,63,30,portato,1,1.157,1
data/piano_phase1/D#4/D#4_v110_portato_ped_t1.wav,D#4,63,110,portato,1,1.116,1
data/piano_phase1/D#4/D#4_v60_sustain_noped_t1.wav,D#4,63,60,sustain,0,1.828,1
data/piano_phase1/D#4/D#4_v90_sustain_ped_t2.wav,D#4,63,90,sustain,1,1.824,2
data/piano_phase1/D#4/D#4_v90_portato_noped_t1.wav,D#4,63,90,portato,0,1.125,1
data/piano_phase1/D#4/D#4_v110_sustain_ped_t2.wav,D#4,63,110,sustain,1,1.815,2
data/piano_phase1/D#4/D#4_v30_sustain_noped_t1.wav,D#4,63,30,sustain,0,1.843,1
data/piano_phase1/D#4/D#4_v110_staccato_ped_t1.wav,D#4,63,110,staccato,1,0.693,1
data/piano_phase1/D#4/D#4_v60_portato_ped_t1.wav,D#4,63,60,portato,1,1.132,1
data/piano_phase1/D#4/D#4_v60_portato_noped_t2.wav,D#4,63,60,portato,0,1.132,2
data/piano_phase1/D#4/D#4_v30_staccato_ped_t2.wav,D#4,63,30,staccato,1,0.705,2
data/piano_phase1/D#4/D#4_v110_sustain_noped_t2.wav,D#4,63,110,sustain,0,1.815,2
data/piano_phase1/D#4/D#4_v110_portato_noped_t2.wav,D#4,63,110,portato,0,1.116,2
data/piano_phase1/D#4/D#4_v110_staccato_ped_t2.wav,D#4,63,110,staccato,1,0.693,2
data/piano_phase1/D#4/D#4_v60_portato_ped_t2.wav,D#4,63,60,portato,1,1.132,2
data/piano_phase1/D#4/D#4_v60_staccato_ped_t2.wav,D#4,63,60,staccato,1,0.696,2
data/piano_phase1/D#4/D#4_v60_legato_ped_t2.wav,D#4,63,60,legato,1,2.295,2
data/piano_phase1/D#4/D#4_v60_sustain_noped_t2.wav,D#4,63,60,sustain,0,1.828,2
data/piano_phase1/D#4/D#4_v110_legato_noped_t2.wav,D#4,63,110,legato,0,2.288,2
data/piano_phase1/D#4/D#4_v30_staccato_noped_t2.wav,D#4,63,30,staccato,0,0.705,2
data/piano_phase1/D#4/D#4_v90_legato_ped_t2.wav,D#4,63,90,legato,1,2.297,2
data/piano_phase1/D#4/D#4_v110_legato_ped_t2.wav,D#4,63,110,legato,1,2.288,2
data/piano_phase1/D#4/D#4_v60_staccato_noped_t2.wav,D#4,63,60,staccato,0,0.696,2
data/piano_phase1/D#4/D#4_v30_sustain_noped_t2.wav,D#4,63,30,sustain,0,1.843,2
data/piano_phase1/D#4/D#4_v90_sustain_noped_t2.wav,D#4,63,90,sustain,0,1.824,2
data/piano_phase1/D#4/D#4_v90_staccato_ped_t1.wav,D#4,63,90,staccato,1,0.696,1
data/piano_phase1/D#4/D#4_v30_portato_ped_t2.wav,D#4,63,30,portato,1,1.157,2
data/piano_phase1/D#4/D#4_v60_sustain_ped_t2.wav,D#4,63,60,sustain,1,1.828,2
data/piano_phase1/D#4/D#4_v30_legato_noped_t1.wav,D#4,63,30,legato,0,2.311,1
data/piano_phase1/D#4/D#4_v90_portato_noped_t2.wav,D#4,63,90,portato,0,1.125,2
data/piano_phase1/D#4/D#4_v60_staccato_noped_t1.wav,D#4,63,60,staccato,0,0.696,1
data/piano_phase1/D#4/D#4_v90_legato_ped_t1.wav,D#4,63,90,legato,1,2.297,1
data/piano_phase1/D#4/D#4_v110_sustain_noped_t1.wav,D#4,63,110,sustain,0,1.815,1
data/piano_phase1/D#4/D#4_v60_legato_noped_t2.wav,D#4,63,60,legato,0,2.295,2
data/piano_phase1/E4/E4_v60_staccato_ped_t2.wav,E4,64,60,staccato,1,0.692,2
data/piano_phase1/E4/E4_v110_portato_noped_t2.wav,E4,64,110,portato,0,1.114,2
data/piano_phase1/E4/E4_v30_sustain_noped_t2.wav,E4,64,30,sustain,0,1.84,2
data/piano_phase1/E4/E4_v90_legato_ped_t2.wav,E4,64,90,legato,1,2.287,2
data/piano_phase1/E4/E4_v90_staccato_noped_t1.wav,E4,64,90,staccato,0,0.69,1
data/piano_phase1/E4/E4_v60_portato_ped_t2.wav,E4,64,60,portato,1,1.135,2
data/piano_phase1/E4/E4_v90_portato_ped_t1.wav,E4,64,90,portato,1,1.123,1
data/piano_phase1/E4/E4_v90_staccato_ped_t1.wav,E4,64,90,staccato,1,0.69,1
data/piano_phase1/E4/E4_v110_legato_noped_t2.wav,E4,64,110,legato,0,2.278,2
data/piano_phase1/E4/E4_v30_portato_noped_t1.wav,E4,64,30,portato,0,1.147,1
data/piano_phase1/E4/E4_v110_sustain_noped_t1.wav,E4,64,110,sustain,0,1.811,1
data/piano_phase1/E4/E4_v110_portato_noped_t1.wav,E4,64,110,portato,0,1.114,1
data/piano_phase1/E4/E4_v90_portato_ped_t2.wav,E4,64,90,portato,1,1.123,2
data/piano_phase1/E4/E4_v30_portato_ped_t2.wav,E4,64,30,portato,1,1.147,2
data/piano_phase1/E4/E4_v110_sustain_ped_t1.wav,E4,64,110,sustain,1,1.811,1
data/piano_phase1/E4/E4_v30_legato_ped_t2.wav,E4,64,30,legato,1,2.306,2
data/piano_phase1/E4/E4_v110_portato_ped_t1.wav,E4,64,110,portato,1,1.114,1
data/piano_phase1/E4/E4_v90_portato_noped_t1.wav,E4,64,90,portato,0,1.123,1
data/piano_phase1/E4/E4_v90_sustain_ped_t2.wav,E4,64,90,sustain,1,1.822,2
data/piano_phase1/E4/E4_v30_staccato_noped_t2.wav,E4,64,30,staccato,0,0.701,2
data/piano_phase1/E4/E4_v30_legato_noped_t2.wav,E4,64,30,legato,0,2.306,2
data/piano_phase1/E4/E4_v30_legato_ped_t1.wav,E4,64,30,legato,1,2.306,1
data/piano_phase1/E4/E4_v110_portato_ped_t2.wav,E4,64,110,portato,1,1.114,2
data/piano_phase1/E4/E4_v110_staccato_ped_t2.wav,E4,64,110,staccato,1,0.688,2
data/piano_phase1/E4/E4_v30_staccato_noped_t1.wav,E4,64,30,staccato,0,0.701,1
data/piano_phase1/E4/E4_v60_staccato_noped_t1.wav,E4,64,60,staccato,0,0.692,1
data/piano_phase1/E4/E4_v30_legato_noped_t1.wav,E4,64,30,legato,0,2.306,1
data/piano_phase1/E4/E4_v60_sustain_noped_t1.wav,E4,64,60,sustain,0,1.823,1
data/piano_phase1/E4/E4_v30_staccato_ped_t2.wav,E4,64,30,staccato,1,0.701,2
data/piano_phase1/E4/E4_v110_sustain_noped_t2.wav,E4,64,110,sustain,0,1.811,2
data/piano_phase1/E4/E4_v30_sustain_noped_t1.wav,E4,64,30,sustain,0,1.84,1
data/piano_phase1/E4/E4_v90_legato_noped_t1.wav,E4,64,90,legato,0,2.287,1
data/piano_phase1/E4/E4_v110_staccato_noped_t2.wav,E4,64,110,staccato,0,0.688,2
data/piano_phase1/E4/E4_v60_legato_noped_t2.wav,E4,64,60,legato,0,2.293,2
data/piano_phase1/E4/E4_v30_staccato_ped_t1.wav,E4,64,30,staccato,1,0.701,1
data/piano_phase1/E4/E4_v90_staccato_ped_t2.wav,E4,64,90,staccato,1,0.69,2
data/piano_phase1/E4/E4_v60_sustain_noped_t2.wav,E4,64,60,sustain,0,1.823,2
data/piano_phase1/E4/E4_v60_staccato_ped_t1.wav,E4,64,60,staccato,1,0.692,1
data/piano_phase1/E4/E4_v110_staccato_ped_t1.wav,E4,64,110,staccato,1,0.688,1
data/piano_phase1/E4/E4_v90_legato_ped_t1.wav,E4,64,90,legato,1,2.287,1
data/piano_phase1/E4/E4_v90_legato_noped_t2.wav,E4,64,90,legato,0,2.287,2
data/piano_phase1/E4/E4_v30_sustain_ped_t1.wav,E4,64,30,sustain,1,1.84,1
data/piano_phase1/E4/E4_v30_portato_ped_t1.wav,E4,64,30,portato,1,1.147,1
data/piano_phase1/E4/E4_v90_sustain_ped_t1.wav,E4,64,90,sustain,1,1.822,1
data/piano_phase1/F4/F4_v110_legato_ped_t2.wav,F4,65,110,legato,1,2.268,2
data/piano_phase1/F4/F4_v110_staccato_ped_t2.wav,F4,65,110,staccato,1,0.734,2
data/piano_phase1/F4/F4_v60_portato_ped_t1.wav,F4,65,60,portato,1,1.137,1
data/piano_phase1/F4/F4_v30_staccato_ped_t2.wav,F4,65,30,staccato,1,0.733,2
data/piano_phase1/F4/F4_v30_sustain_ped_t2.wav,F4,65,30,sustain,1,1.792,2
data/piano_phase1/F4/F4_v30_staccato_noped_t2.wav,F4,65,30,staccato,0,0.733,2
data/piano_phase1/F4/F4_v30_staccato_ped_t1.wav,F4,65,30,staccato,1,0.733,1
data/piano_phase1/F4/F4_v60_legato_noped_t1.wav,F4,65,60,legato,0,2.267,1
data/piano_phase1/F4/F4_v30_portato_ped_t1.wav,F4,65,30,portato,1,1.142,1
data/piano_phase1/F4/F4_v90_sustain_ped_t2.wav,F4,65,90,sustain,1,1.787,2
data/piano_phase1/F4/F4_v110_staccato_noped_t2.wav,F4,65,110,staccato,0,0.734,2
data/piano_phase1/F4/F4_v90_portato_ped_t1.wav,F4,65,90,portato,1,1.137,1
data/piano_phase1/F4/F4_v110_sustain_noped_t2.wav,F4,65,110,sustain,0,1.784,2
data/piano_phase1/F4/F4_v110_portato_noped_t1.wav,F4,65,110,portato,0,1.136,1
data/piano_phase1/F4/F4_v60_portato_ped_t2.wav,F4,65,60,portato,1,1.137,2
data/piano_phase1/F4/F4_v110_sustain_noped_t1.wav,F4,65,110,sustain,0,1.784,1
data/piano_phase1/F4/F4_v90_staccato_ped_t1.wav,F4,65,90,staccato,1,0.733,1
data/piano_phase1/F4/F4_v90_sustain_noped_t1.wav,F4,65,90,sustain,0,1.787,1
data/piano_phase1/F4/F4_v110_legato_ped_t1.wav,F4,65,110,legato,1,2.268,1
data/piano_phase1/F4/F4_v90_legato_ped_t2.wav,F4,65,90,legato,1,2.265,2
data/piano_phase1/F4/F4_v60_portato_noped_t2.wav,F4,65,60,portato,0,1.137,2
data/piano_phase1/F4/F4_v90_portato_noped_t2.wav,F4,65,90,portato,0,1.137,2
data/piano_phase1/F4/F4_v110_legato_noped_t1.wav,F4,65,110,legato,0,2.268,1
data/piano_phase1/F4/F4_v90_staccato_noped_t2.wav,F4,65,90,staccato,0,0.733,2
data/piano_phase1/F4/F4_v60_staccato_noped_t1.wav,F4,65,60,staccato,0,0.733,1
data/piano_phase1/F4/F4_v90_portato_ped_t2.wav,F4,65,90,portato,1,1.137,2
data/piano_phase1/F4/F4_v30_sustain_ped_t1.wav,F4,65,30,sustain,1,1.792,1
data/piano_phase1/F4/F4_v30_legato_noped_t2.wav,F4,65,30,legato,0,2.263,2
data/piano_phase1/F4/F4_v60_sustain_ped_t2.wav,F4,65,60,sustain,1,1.79,2
data/piano_phase1/F4/F4_v60_sustain_noped_t2.wav,F4,65,60,sustain,0,1.79,2
data/piano_phase1/F4/F4_v90_portato_noped_t1.wav,F4,65,90,portato,0,1.137,1
data/piano_phase1/F4/F4_v90_legato_noped_t1.wav,F4,65,90,legato,0,2.265,1
data/piano_phase1/F4/F4_v30_portato_noped_t1.wav,F4,65,30,portato,0,1.142,1
data/piano_phase1/F4/F4_v30_sustain_noped_t1.wav,F4,65,30,sustain,0,1.792,1
data/piano_phase1/F4/F4_v90_legato_ped_t1.wav,F4,65,90,legato,1,2.265,1
data/piano_phase1/F4/F4_v30_legato_noped_t1.wav,F4,65,30,legato,0,2.263,1
data/piano_phase1/F4/F4_v60_sustain_noped_t1.wav,F4,65,60,sustain,0,1.79,1
data/piano_phase1/F4/F4_v110_staccato_ped_t1.wav,F4,65,110,staccato,1,0.734,1
data/piano_phase1/F4/F4_v110_sustain_ped_t2.wav,F4,65,110,sustain,1,1.784,2
data/piano_phase1/F4/F4_v110_portato_ped_t2.wav,F4,65,110,portato,1,1.136,2
data/piano_phase1/F4/F4_v30_legato_ped_t2.wav,F4,65,30,legato,1,2.263,2
data/piano_phase1/F4/F4_v90_sustain_ped_t1.wav,F4,65,90,sustain,1,1.787,1
data/piano_phase1/F4/F4_v60_legato_ped_t1.wav,F4,65,60,legato,1,2.267,1
data/piano_phase1/F4/F4_v110_sustain_ped_t1.wav,F4,65,110,sustain,1,1.784,1
data/piano_phase1/F#4/F#4_v90_portato_ped_t2.wav,F#4,66,90,portato,1,1.131,2
data/piano_phase1/F#4/F#4_v110_legato_ped_t2.wav,F#4,66,110,legato,1,2.272,2
data/piano_phase1/F#4/F#4_v90_staccato_ped_t2.wav,F#4,66,90,staccato,1,0.727,2
data/piano_phase1/F#4/F#4_v90_portato_ped_t1.wav,F#4,66,90,portato,1,1.131,1
data/piano_phase1/F#4/F#4_v90_legato_ped_t1.wav,F#4,66,90,legato,1,2.277,1
data/piano_phase1/F#4/F#4_v90_sustain_noped_t1.wav,F#4,66,90,sustain,0,1.78,1
data/piano_phase1/F#4/F#4_v30_sustain_ped_t2.wav,F#4,66,30,sustain,1,1.78,2
data/piano_phase1/F#4/F#4_v110_legato_noped_t2.wav,F#4,66,110,legato,0,2.272,2
data/piano_phase1/F#4/F#4_v30_legato_noped_t2.wav,F#4,66,30,legato,0,2.263,2
data/piano_phase1/F#4/F#4_v110_sustain_noped_t2.wav,F#4,66,110,sustain,0,1.782,2
data/piano_phase1/F#4/F#4_v60_staccato_ped_t1.wav,F#4,66,60,staccato,1,0.726,1
data/piano_phase1/F#4/F#4_v30_staccato_ped_t2.wav,F#4,66,30,staccato,1,0.728,2
data/piano_phase1/F#4/F#4_v90_staccato_ped_t1.wav,F#4,66,90,staccato,1,0.727,1
data/piano_phase1/F#4/F#4_v30_legato_ped_t1.wav,F#4,66,30,legato,1,2.263,1
data/piano_phase1/F#4/F#4_v110_portato_ped_t2.wav,F#4,66,110,portato,1,1.132,2
data/piano_phase1/F#4/F#4_v30_portato_ped_t2.wav,F#4,66,30,portato,1,1.134,2
data/piano_phase1/F#4/F#4_v90_portato_noped_t1.wav,F#4,66,90,portato,0,1.131,1
data/piano_phase1/F#4/F#4_v30_staccato_noped_t2.wav,F#4,66,30,staccato,0,0.728,2
data/piano_phase1/F#4/F#4_v60_portato_ped_t2.wav,F#4,66,60,portato,1,1.126,2
data/piano_phase1/F#4/F#4_v30_legato_ped_t2.wav,F#4,66,30,legato,1,2.263,2
data/piano_phase1/F#4/F#4_v60_sustain_ped_t2.wav,F#4,66,60,sustain,1,1.777,2
data/piano_phase1/F#4/F#4_v60_sustain_noped_t2.wav,F#4,66,60,sustain,0,1.777,2
data/piano_phase1/F#4/F#4_v110_portato_ped_t1.wav,F#4,66,110,portato,1,1.132,1
data/piano_phase1/F#4/F#4_v60_staccato_noped_t2.wav,F#4,66,60,staccato,0,0.726,2
data/piano_phase1/F#4/F#4_v110_staccato_noped_t2.wav,F#4,66,110,staccato,0,0.729,2
data/piano_phase1/F#4/F#4_v30_sustain_ped_t1.wav,F#4,66,30,sustain,1,1.78,1
data/piano_phase1/F#4/F#4_v110_staccato_noped_t1.wav,F#4,66,110,staccato,0,0.729,1
data/piano_phase1/F#4/F#4_v110_legato_ped_t1.wav,F#4,66,110,legato,1,2.272,1
data/piano_phase1/F#4/F#4_v30_legato_noped_t1.wav,F#4,66,30,legato,0,2.263,1
data/piano_phase1/F#4/F#4_v60_portato_ped_t1.wav,F#4,66,60,portato,1,1.126,1
data/piano_phase1/F#4/F#4_v60_staccato_ped_t2.wav,F#4,66,60,staccato,1,0.726,2
data/piano_phase1/F#4/F#4_v90_legato_noped_t1.wav,F#4,66,90,legato,0,2.277,1
data/piano_phase1/F#4/F#4_v60_staccato_noped_t1.wav,F#4,66,60,staccato,0,0.726,1
data/piano_phase1/F#4/F#4_v110_legato_noped_t1.wav,F#4,66,110,legato,0,2.272,1
data/piano_phase1/F#4/F#4_v30_portato_noped_t1.wav,F#4,66,30,portato,0,1.134,1
data/piano_phase1/F#4/F#4_v110_sustain_ped_t2.wav,F#4,66,110,sustain,1,1.782,2
data/piano_phase1/F#4/F#4_v60_sustain_ped_t1.wav,F#4,66,60,sustain,1,1.777,1
data/piano_phase1/F#4/F#4_v110_portato_noped_t2.wav,F#4,66,110,portato,0,1.132,2
data/piano_phase1/F#4/F#4_v30_staccato_noped_t1.wav,F#4,66,30,staccato,0,0.728,1
data/piano_phase1/F#4/F#4_v60_legato_noped_t2.wav,F#4,66,60,legato,0,2.263,2
data/piano_phase1/F#4/F#4_v90_staccato_noped_t2.wav,F#4,66,90,staccato,0,0.727,2
data/piano_phase1/F#4/F#4_v90_sustain_ped_t2.wav,F#4,66,90,sustain,1,1.78,2
data/piano_phase1/F#4/F#4_v60_legato_noped_t1.wav,F#4,66,60,legato,0,2.263,1
data/piano_phase1/F#4/F#4_v30_portato_ped_t1.wav,F#4,66,30,portato,1,1.134,1
data/piano_phase1/G4/G4_v90_staccato_ped_t2.wav,G4,67,90,staccato,1,0.722,2
data/piano_phase1/G4/G4_v30_staccato_noped_t2.wav,G4,67,30,staccato,0,0.72,2
data/piano_phase1/G4/G4_v60_staccato_noped_t2.wav,G4,67,60,staccato,0,0.722,2
data/piano_phase1/G4/G4_v110_sustain_ped_t2.wav,G4,67,110,sustain,1,1.772,2
data/piano_phase1/G4/G4_v60_legato_noped_t1.wav,G4,67,60,legato,0,2.269,1
data/piano_phase1/G4/G4_v110_legato_noped_t1.wav,G4,67,110,legato,0,2.279,1
data/piano_phase1/G4/G4_v60_legato_ped_t1.wav,G4,67,60,legato,1,2.269,1
data/piano_phase1/G4/G4_v60_portato_noped_t2.wav,G4,67,60,portato,0,1.126,2
data/piano_phase1/G4/G4_v90_staccato_ped_t1.wav,G4,67,90,staccato,1,0.722,1
data/piano_phase1/G4/G4_v90_sustain_ped_t1.wav,G4,67,90,sustain,1,1.776,1
data/piano_phase1/G4/G4_v30_portato_noped_t1.wav,G4,67,30,portato,0,1.131,1
data/piano_phase1/G4/G4_v90_legato_ped_t1.wav,G4,67,90,legato,1,2.269,1
data/piano_phase1/G4/G4_v110_staccato_noped_t1.wav,G4,67,110,staccato,0,0.724,1
data/piano_phase1/G4/G4_v60_sustain_noped_t2.wav,G4,67,60,sustain,0,1.773,2
data/piano_phase1/G4/G4_v60_staccato_ped_t2.wav,G4,67,60,staccato,1,0.722,2
data/piano_phase1/G4/G4_v110_legato_ped_t2.wav,G4,67,110,legato,1,2.279,2
data/piano_phase1/G4/G4_v30_staccato_ped_t2.wav,G4,67,30,staccato,1,0.72,2
data/piano_phase1/G4/G4_v90_legato_noped_t1.wav,G4,67,90,legato,0,2.269,1
data/piano_phase1/G4/G4_v30_legato_noped_t1.wav,G4,67,30,legato,0,2.261,1
data/piano_phase1/G4/G4_v30_portato_ped_t1.wav,G4,67,30,portato,1,1.131,1
data/piano_phase1/G4/G4_v110_portato_ped_t2.wav,G4,67,110,portato,1,1.126,2
data/piano_phase1/G4/G4_v110_sustain_noped_t1.wav,G4,67,110,sustain,0,1.772,1
data/piano_phase1/G4/G4_v30_sustain_noped_t1.wav,G4,67,30,sustain,0,1.788,1
data/piano_phase1/G4/G4_v110_legato_noped_t2.wav,G4,67,110,legato,0,2.279,2
data/piano_phase1/G4/G4_v30_legato_noped_t2.wav,G4,67,30,legato,0,2.261,2
data/piano_phase1/G4/G4_v60_portato_noped_t1.wav,G4,67,60,portato,0,1.126,1
data/piano_phase1/G4/G4_v90_sustain_noped_t1.wav,G4,67,90,sustain,0,1.776,1
data/piano_phase1/G4/G4_v90_staccato_noped_t1.wav,G4,67,90,staccato,0,0.722,1
data/piano_phase1/G4/G4_v110_staccato_noped_t2.wav,G4,67,110,staccato,0,0.724,2
data/piano_phase1/G4/G4_v90_legato_noped_t2.wav,G4,67,90,legato,0,2.269,2
data/piano_phase1/G4/G4_v30_staccato_ped_t1.wav,G4,67,30,staccato,1,0.72,1
data/piano_phase1/G4/G4_v110_portato_noped_t1.wav,G4,67,110,portato,0,1.126,1
data/piano_phase1/G4/G4_v110_legato_ped_t1.wav,G4,67,110,legato,1,2.279,1
data/piano_phase1/G4/G4_v110_portato_ped_t1.wav,G4,67,110,portato,1,1.126,1
data/piano_phase1/G4/G4_v30_staccato_noped_t1.wav,G4,67,30,staccato,0,0.72,1
data/piano_phase1/G4/G4_v90_sustain_noped_t2.wav,G4,67,90,sustain,0,1.776,2
data/piano_phase1/G4/G4_v90_portato_ped_t1.wav,G4,67,90,portato,1,1.123,1
data/piano_phase1/G4/G4_v60_staccato_noped_t1.wav,G4,67,60,staccato,0,0.722,1
data/piano_phase1/G4/G4_v60_legato_noped_t2.wav,G4,67,60,legato,0,2.269,2
data/piano_phase1/G4/G4_v30_legato_ped_t1.wav,G4,67,30,legato,1,2.261,1
data/piano_phase1/G4/G4_v110_sustain_ped_t1.wav,G4,67,110,sustain,1,1.772,1
data/piano_phase1/G4/G4_v90_portato_noped_t2.wav,G4,67,90,portato,0,1.123,2
data/piano_phase1/G4/G4_v60_legato_ped_t2.wav,G4,67,60,legato,1,2.269,2
data/piano_phase1/G4/G4_v110_sustain_noped_t2.wav,G4,67,110,sustain,0,1.772,2
data/piano_phase1/G#4/G#4_v90_legato_ped_t2.wav,G#4,68,90,legato,1,2.143,2
data/piano_phase1/G#4/G#4_v110_portato_noped_t2.wav,G#4,68,110,portato,0,1.026,2
data/piano_phase1/G#4/G#4_v30_portato_ped_t2.wav,G#4,68,30,portato,1,1.046,2
data/piano_phase1/G#4/G#4_v30_legato_noped_t2.wav,G#4,68,30,legato,0,2.176,2
data/piano_phase1/G#4/G#4_v90_staccato_noped_t2.wav,G#4,68,90,staccato,0,0.658,2
data/piano_phase1/G#4/G#4_v60_sustain_ped_t2.wav,G#4,68,60,sustain,1,1.667,2
data/piano_phase1/G#4/G#4_v30_staccato_noped_t1.wav,G#4,68,30,staccato,0,0.648,1
data/piano_phase1/G#4/G#4_v60_portato_noped_t2.wav,G#4,68,60,portato,0,1.02,2
data/piano_phase1/G#4/G#4_v90_staccato_noped_t1.wav,G#4,68,90,staccato,0,0.658,1
data/piano_phase1/G#4/G#4_v60_legato_noped_t2.wav,G#4,68,60,legato,0,2.16,2
data/piano_phase1/G#4/G#4_v60_legato_ped_t2.wav,G#4,68,60,legato,1,2.16,2
data/piano_phase1/G#4/G#4_v110_legato_ped_t2.wav,G#4,68,110,legato,1,2.154,2
data/piano_phase1/G#4/G#4_v110_portato_ped_t1.wav,G#4,68,110,portato,1,1.026,1
data/piano_phase1/G#4/G#4_v110_sustain_ped_t2.wav,G#4,68,110,sustain,1,1.631,2
data/piano_phase1/G#4/G#4_v30_staccato_noped_t2.wav,G#4,68,30,staccato,0,0.648,2
data/piano_phase1/G#4/G#4_v110_sustain_noped_t1.wav,G#4,68,110,sustain,0,1.631,1
data/piano_phase1/G#4/G#4_v30_staccato_ped_t2.wav,G#4,68,30,staccato,1,0.648,2
data/piano_phase1/G#4/G#4_v30_sustain_ped_t1.wav,G#4,68,30,sustain,1,1.736,1
data/piano_phase1/G#4/G#4_v30_sustain_noped_t2.wav,G#4,68,30,sustain,0,1.736,2
data/piano_phase1/G#4/G#4_v30_legato_ped_t2.wav,G#4,68,30,legato,1,2.176,2
data/piano_phase1/G#4/G#4_v110_sustain_noped_t2.wav,G#4,68,110,sustain,0,1.631,2
data/piano_phase1/G#4/G#4_v60_legato_ped_t1.wav,G#4,68,60,legato,1,2.16,1
data/piano_phase1/G#4/G#4_v90_staccato_ped_t2.wav,G#4,68,90,staccato,1,0.658,2
data/piano_phase1/G#4/G#4_v60_sustain_noped_t1.wav,G#4,68,60,sustain,0,1.667,1
data/piano_phase1/G#4/G#4_v110_portato_noped_t1.wav,G#4,68,110,portato,0,1.026,1
data/piano_phase1/G#4/G#4_v30_sustain_ped_t2.wav,G#4,68,30,sustain,1,1.736,2
data/piano_phase1/G#4/G#4_v60_staccato_noped_t2.wav,G#4,68,60,staccato,0,0.653,2
data/piano_phase1/G#4/G#4_v60_sustain_noped_t2.wav,G#4,68,60,sustain,0,1.667,2
data/piano_phase1/G#4/G#4_v30_portato_noped_t1.wav,G#4,68,30,portato,0,1.046,1
data/piano_phase1/G#4/G#4_v90_legato_noped_t1.wav,G#4,68,90,legato,0,2.143,1
data/piano_phase1/G#4/G#4_v90_staccato_ped_t1.wav,G#4,68,90,staccato,1,0.658,1
data/piano_phase1/G#4/G#4_v60_sustain_ped_t1.wav,G#4,68,60,sustain,1,1.667,1
data/piano_phase1/G#4/G#4_v60_portato_noped_t1.wav,G#4,68,60,portato,0,1.02,1
data/piano_phase1/G#4/G#4_v60_staccato_ped_t1.wav,G#4,68,60,staccato,1,0.653,1
data/piano_phase1/G#4/G#4_v30_portato_noped_t2.wav,G#4,68,30,portato,0,1.046,2
data/piano_phase1/G#4/G#4_v110_legato_ped_t1.wav,G#4,68,110,legato,1,2.154,1
data/piano_phase1/G#4/G#4_v60_portato_ped_t2.wav,G#4,68,60,portato,1,1.02,2
data/piano_phase1/G#4/G#4_v90_portato_noped_t2.wav,G#4,68,90,portato,0,1.021,2
data/piano_phase1/G#4/G#4_v110_staccato_ped_t1.wav,G#4,68,110,staccato,1,0.658,1
data/piano_phase1/G#4/G#4_v60_legato_noped_t1.wav,G#4,68,60,legato,0,2.16,1
data/piano_phase1/G#4/G#4_v60_staccato_ped_t2.wav,G#4,68,60,staccato,1,0.653,2
data/piano_phase1/G#4/G#4_v30_staccato_ped_t1.wav,G#4,68,30,staccato,1,0.648,1
data/piano_phase1/G#4/G#4_v90_sustain_noped_t2.wav,G#4,68,90,sustain,0,1.652,2
data/piano_phase1/G#4/G#4_v90_legato_noped_t2.wav,G#4,68,90,legato,0,2.143,2
data/piano_phase1/A4/A4_v60_sustain_noped_t2.wav,A4,69,60,sustain,0,1.677,2
data/piano_phase1/A4/A4_v60_portato_ped_t1.wav,A4,69,60,portato,1,1.013,1
data/piano_phase1/A4/A4_v110_sustain_noped_t1.wav,A4,69,110,sustain,0,1.642,1
data/piano_phase1/A4/A4_v30_sustain_ped_t1.wav,A4,69,30,sustain,1,1.742,1
data/piano_phase1/A4/A4_v110_portato_noped_t2.wav,A4,69,110,portato,0,1.014,2
data/piano_phase1/A4/A4_v90_staccato_noped_t2.wav,A4,69,90,staccato,0,0.649,2
data/piano_phase1/A4/A4_v110_staccato_noped_t1.wav,A4,69,110,staccato,0,0.651,1
data/piano_phase1/A4/A4_v90_legato_ped_t1.wav,A4,69,90,legato,1,2.146,1
data/piano_phase1/A4/A4_v60_legato_noped_t1.wav,A4,69,60,legato,0,2.162,1
data/piano_phase1/A4/A4_v110_legato_ped_t2.wav,A4,69,110,legato,1,2.06,2
data/piano_phase1/A4/A4_v30_portato_noped_t2.wav,A4,69,30,portato,0,1.052,2
data/piano_phase1/A4/A4_v30_staccato_noped_t1.wav,A4,69,30,staccato,0,0.637,1
data/piano_phase1/A4/A4_v90_staccato_noped_t1.wav,A4,69,90,staccato,0,0.649,1
data/piano_phase1/A4/A4_v110_portato_ped_t2.wav,A4,69,110,portato,1,1.014,2
data/piano_phase1/A4/A4_v30_sustain_noped_t2.wav,A4,69,30,sustain,0,1.742,2
data/piano_phase1/A4/A4_v30_legato_ped_t2.wav,A4,69,30,legato,1,2.182,2
data/piano_phase1/A4/A4_v90_legato_noped_t1.wav,A4,69,90,legato,0,2.146,1
data/piano_phase1/A4/A4_v90_legato_noped_t2.wav,A4,69,90,legato,0,2.146,2
data/piano_phase1/A4/A4_v110_sustain_noped_t2.wav,A4,69,110,sustain,0,1.642,2
data/piano_phase1/A4/A4_v60_staccato_ped_t1.wav,A4,69,60,staccato,1,0.644,1
data/piano_phase1/A4/A4_v30_legato_noped_t2.wav,A4,69,30,legato,0,2.182,2
data/piano_phase1/A4/A4_v60_sustain_ped_t2.wav,A4,69,60,sustain,1,1.677,2
data/piano_phase1/A4/A4_v60_portato_noped_t2.wav,A4,69,60,portato,0,1.013,2
data/piano_phase1/A4/A4_v30_sustain_ped_t2.wav,A4,69,30,sustain,1,1.742,2
data/piano_phase1/A4/A4_v110_staccato_ped_t2.wav,A4,69,110,staccato,1,0.651,2
data/piano_phase1/A4/A4_v30_legato_noped_t1.wav,A4,69,30,legato,0,2.182,1
data/piano_phase1/A4/A4_v90_sustain_ped_t1.wav,A4,69,90,sustain,1,1.646,1
data/piano_phase1/A4/A4_v60_staccato_noped_t2.wav,A4,69,60,staccato,0,0.644,2
data/piano_phase1/A4/A4_v90_portato_noped_t1.wav,A4,69,90,portato,0,1.012,1
data/piano_phase1/A4/A4_v110_staccato_noped_t2.wav,A4,69,110,staccato,0,0.651,2
data/piano_phase1/A4/A4_v30_staccato_ped_t2.wav,A4,69,30,staccato,1,0.637,2
data/piano_phase1/A4/A4_v60_legato_ped_t2.wav,A4,69,60,legato,1,2.162,2
data/piano_phase1/A4/A4_v90_portato_ped_t1.wav,A4,69,90,portato,1,1.012,1
data/piano_phase1/A4/A4_v90_staccato_ped_t1.wav,A4,69,90,staccato,1,0.649,1
data/piano_phase1/A4/A4_v30_staccato_ped_t1.wav,A4,69,30,staccato,1,0.637,1
data/piano_phase1/A4/A4_v30_sustain_noped_t1.wav,A4,69,30,sustain,0,1.742,1
data/piano_phase1/A4/A4_v30_portato_ped_t2.wav,A4,69,30,portato,1,1.052,2
data/piano_phase1/A4/A4_v60_sustain_ped_t1.wav,A4,69,60,sustain,1,1.677,1
data/piano_phase1/A4/A4_v60_staccato_ped_t2.wav,A4,69,60,staccato,1,0.644,2
data/piano_phase1/A4/A4_v60_legato_noped_t2.wav,A4,69,60,legato,0,2.162,2
data/piano_phase1/A4/A4_v110_portato_ped_t1.wav,A4,69,110,portato,1,1.014,1
data/piano_phase1/A4/A4_v30_portato_noped_t1.wav,A4,69,30,portato,0,1.052,1
data/piano_phase1/A4/A4_v90_sustain_noped_t2.wav,A4,69,90,sustain,0,1.646,2
data/piano_phase1/A4/A4_v110_staccato_ped_t1.wav,A4,69,110,staccato,1,0.651,1
data/piano_phase1/A#4/A#4_v60_staccato_noped_t1.wav,A#4,70,60,staccato,0,0.634,1
data/piano_phase1/A#4/A#4_v110_legato_noped_t1.wav,A#4,70,110,legato,0,2.145,1
data/piano_phase1/A#4/A#4_v60_staccato_ped_t2.wav,A#4,70,60,staccato,1,0.634,2
data/piano_phase1/A#4/A#4_v90_portato_ped_t2.wav,A#4,70,90,portato,1,0.994,2
data/piano_phase1/A#4/A#4_v60_portato_ped_t2.wav,A#4,70,60,portato,1,1.002,2
data/piano_phase1/A#4/A#4_v110_staccato_ped_t1.wav,A#4,70,110,staccato,1,0.641,1
data/piano_phase1/A#4/A#4_v60_sustain_ped_t1.wav,A#4,70,60,sustain,1,1.667,1
data/piano_phase1/A#4/A#4_v60_portato_noped_t1.wav,A#4,70,60,portato,0,1.002,1
data/piano_phase1/A#4/A#4_v90_staccato_noped_t1.wav,A#4,70,90,staccato,0,0.639,1
data/piano_phase1/A#4/A#4_v110_staccato_noped_t2.wav,A#4,70,110,staccato,0,0.641,2
data/piano_phase1/A#4/A#4_v90_legato_ped_t1.wav,A#4,70,90,legato,1,2.173,1
data/piano_phase1/A#4/A#4_v30_portato_ped_t1.wav,A#4,70,30,portato,1,1.055,1
data/piano_phase1/A#4/A#4_v60_legato_noped_t1.wav,A#4,70,60,legato,0,2.158,1
data/piano_phase1/A#4/A#4_v30_staccato_ped_t1.wav,A#4,70,30,staccato,1,0.629,1
data/piano_phase1/A#4/A#4_v60_legato_ped_t1.wav,A#4,70,60,legato,1,2.158,1
data/piano_phase1/A#4/A#4_v110_sustain_noped_t1.wav,A#4,70,110,sustain,0,1.646,1
data/piano_phase1/A#4/A#4_v60_sustain_ped_t2.wav,A#4,70,60,sustain,1,1.667,2
data/piano_phase1/A#4/A#4_v60_portato_ped_t1.wav,A#4,70,60,portato,1,1.002,1
data/piano_phase1/A#4/A#4_v30_sustain_ped_t1.wav,A#4,70,30,sustain,1,1.734,1
data/piano_phase1/A#4/A#4_v60_staccato_ped_t1.wav,A#4,70,60,staccato,1,0.634,1
data/piano_phase1/A#4/A#4_v110_sustain_ped_t2.wav,A#4,70,110,sustain,1,1.646,2
data/piano_phase1/A#4/A#4_v30_sustain_ped_t2.wav,A#4,70,30,sustain,1,1.734,2
data/piano_phase1/A#4/A#4_v60_sustain_noped_t1.wav,A#4,70,60,sustain,0,1.667,1
data/piano_phase1/A#4/A#4_v110_sustain_ped_t1.wav,A#4,70,110,sustain,1,1.646,1
data/piano_phase1/A#4/A#4_v90_staccato_ped_t1.wav,A#4,70,90,staccato,1,0.639,1
data/piano_phase1/A#4/A#4_v90_legato_noped_t1.wav,A#4,70,90,legato,0,2.173,1
data/piano_phase1/A#4/A#4_v110_staccato_noped_t1.wav,A#4,70,110,staccato,0,0.641,1
data/piano_phase1/A#4/A#4_v110_portato_ped_t2.wav,A#4,70,110,portato,1,0.992,2
data/piano_phase1/A#4/A#4_v110_legato_ped_t1.wav,A#4,70,110,legato,1,2.145,1
data/piano_phase1/A#4/A#4_v60_legato_ped_t2.wav,A#4,70,60,legato,1,2.158,2
data/piano_phase1/A#4/A#4_v90_staccato_noped_t2.wav,A#4,70,90,staccato,0,0.639,2
data/piano_phase1/A#4/A#4_v90_legato_noped_t2.wav,A#4,70,90,legato,0,2.173,2
data/piano_phase1/A#4/A#4_v110_sustain_noped_t2.wav,A#4,70,110,sustain,0,1.646,2
data/piano_phase1/A#4/A#4_v110_legato_noped_t2.wav,A#4,70,110,legato,0,2.145,2
data/piano_phase1/A#4/A#4_v30_staccato_noped_t1.wav,A#4,70,30,staccato,0,0.629,1
data/piano_phase1/A#4/A#4_v30_sustain_noped_t2.wav,A#4,70,30,sustain,0,1.734,2
data/piano_phase1/A#4/A#4_v90_legato_ped_t2.wav,A#4,70,90,legato,1,2.173,2
data/piano_phase1/A#4/A#4_v30_legato_ped_t1.wav,A#4,70,30,legato,1,2.194,1
data/piano_phase1/A#4/A#4_v110_staccato_ped_t2.wav,A#4,70,110,staccato,1,0.641,2
data/piano_phase1/A#4/A#4_v90_portato_noped_t2.wav,A#4,70,90,portato,0,0.994,2
data/piano_phase1/A#4/A#4_v90_sustain_ped_t2.wav,A#4,70,90,sustain,1,1.659,2
data/piano_phase1/A#4/A#4_v90_staccato_ped_t2.wav,A#4,70,90,staccato,1,0.639,2
data/piano_phase1/A#4/A#4_v30_portato_noped_t1.wav,A#4,70,30,portato,0,1.055,1
data/piano_phase1/A#4/A#4_v110_portato_noped_t2.wav,A#4,70,110,portato,0,0.992,2
data/piano_phase1/B4/B4_v30_staccato_noped_t1.wav,B4,71,30,staccato,0,0.627,1
data/piano_phase1/B4/B4_v110_sustain_noped_t2.wav,B4,71,110,sustain,0,1.71,2
data/piano_phase1/B4/B4_v90_sustain_noped_t1.wav,B4,71,90,sustain,0,1.717,1
data/piano_phase1/B4/B4_v30_legato_ped_t2.wav,B4,71,30,legato,1,2.232,2
data/piano_phase1/B4/B4_v90_portato_noped_t2.wav,B4,71,90,portato,0,1.019,2
data/piano_phase1/B4/B4_v30_staccato_ped_t1.wav,B4,71,30,staccato,1,0.627,1
data/piano_phase1/B4/B4_v90_staccato_noped_t1.wav,B4,71,90,staccato,0,0.634,1
data/piano_phase1/B4/B4_v90_portato_ped_t2.wav,B4,71,90,portato,1,1.019,2
data/piano_phase1/B4/B4_v30_sustain_ped_t2.wav,B4,71,30,sustain,1,1.724,2
data/piano_phase1/B4/B4_v110_legato_noped_t1.wav,B4,71,110,legato,0,2.198,1
data/piano_phase1/B4/B4_v110_portato_noped_t2.wav,B4,71,110,portato,0,1.011,2
data/piano_phase1/B4/B4_v30_legato_noped_t1.wav,B4,71,30,legato,0,2.232,1
data/piano_phase1/B4/B4_v60_sustain_ped_t1.wav,B4,71,60,sustain,1,1.724,1
data/piano_phase1/B4/B4_v60_portato_noped_t2.wav,B4,71,60,portato,0,1.028,2
data/piano_phase1/B4/B4_v110_staccato_ped_t2.wav,B4,71,110,staccato,1,0.634,2
data/piano_phase1/B4/B4_v30_sustain_ped_t1.wav,B4,71,30,sustain,1,1.724,1
data/piano_phase1/B4/B4_v110_legato_ped_t1.wav,B4,71,110,legato,1,2.198,1
data/piano_phase1/B4/B4_v30_portato_ped_t2.wav,B4,71,30,portato,1,0.993,2
data/piano_phase1/B4/B4_v30_legato_ped_t1.wav,B4,71,30,legato,1,2.232,1
data/piano_phase1/B4/B4_v90_legato_noped_t1.wav,B4,71,90,legato,0,2.202,1
data/piano_phase1/B4/B4_v90_legato_ped_t2.wav,B4,71,90,legato,1,2.202,2
data/piano_phase1/B4/B4_v90_portato_noped_t1.wav,B4,71,90,portato,0,1.019,1
data/piano_phase1/B4/B4_v60_portato_ped_t2.wav,B4,71,60,portato,1,1.028,2
data/piano_phase1/B4/B4_v90_staccato_ped_t1.wav,B4,71,90,staccato,1,0.634,1
data/piano_phase1/B4/B4_v110_staccato_noped_t2.wav,B4,71,110,staccato,0,0.634,2
data/piano_phase1/B4/B4_v60_portato_ped_t1.wav,B4,71,60,portato,1,1.028,1
data/piano_phase1/B4/B4_v110_legato_noped_t2.wav,B4,71,110,legato,0,2.198,2
data/piano_phase1/B4/B4_v110_portato_noped_t1.wav,B4,71,110,portato,0,1.011,1
data/piano_phase1/B4/B4_v30_legato_noped_t2.wav,B4,71,30,legato,0,2.232,2
data/piano_phase1/B4/B4_v110_sustain_noped_t1.wav,B4,71,110,sustain,0,1.71,1
data/piano_phase1/B4/B4_v60_staccato_noped_t1.wav,B4,71,60,staccato,0,0.642,1
data/piano_phase1/B4/B4_v110_sustain_ped_t2.wav,B4,71,110,sustain,1,1.71,2
data/piano_phase1/B4/B4_v60_staccato_ped_t1.wav,B4,71,60,staccato,1,0.642,1
data/piano_phase1/B4/B4_v60_sustain_noped_t1.wav,B4,71,60,sustain,0,1.724,1
data/piano_phase1/B4/B4_v110_portato_ped_t1.wav,B4,71,110,portato,1,1.011,1
data/piano_phase1/B4/B4_v90_staccato_ped_t2.wav,B4,71,90,staccato,1,0.634,2
data/piano_phase1/B4/B4_v60_staccato_noped_t2.wav,B4,71,60,staccato,0,0.642,2
data/piano_phase1/B4/B4_v30_sustain_noped_t1.wav,B4,71,30,sustain,0,1.724,1
data/piano_phase1/B4/B4_v110_staccato_noped_t1.wav,B4,71,110,staccato,0,0.634,1
data/piano_phase1/B4/B4_v30_sustain_noped_t2.wav,B4,71,30,sustain,0,1.724,2
data/piano_phase1/B4/B4_v90_portato_ped_t1.wav,B4,71,90,portato,1,1.019,1
data/piano_phase1/B4/B4_v60_portato_noped_t1.wav,B4,71,60,portato,0,1.028,1
data/piano_phase1/B4/B4_v110_legato_ped_t2.wav,B4,71,110,legato,1,2.198,2
data/piano_phase1/B4/B4_v30_portato_noped_t1.wav,B4,71,30,portato,0,0.993,1
data/piano_phase1/C5/C5_v90_staccato_ped_t1.wav,C5,72,90,staccato,1,0.622,1
data/piano_phase1/C5/C5_v90_legato_ped_t1.wav,C5,72,90,legato,1,2.221,1
data/piano_phase1/C5/C5_v60_staccato_noped_t1.wav,C5,72,60,staccato,0,0.619,1
data/piano_phase1/C5/C5_v60_sustain_noped_t1.wav,C5,72,60,sustain,0,1.742,1
data/piano_phase1/C5/C5_v30_legato_noped_t1.wav,C5,72,30,legato,0,2.246,1
data/piano_phase1/C5/C5_v30_staccato_noped_t2.wav,C5,72,30,staccato,0,0.622,2
data/piano_phase1/C5/C5_v110_portato_ped_t2.wav,C5,72,110,portato,1,1.033,2
data/piano_phase1/C5/C5_v30_legato_ped_t1.wav,C5,72,30,legato,1,2.246,1
data/piano_phase1/C5/C5_v30_legato_ped_t2.wav,C5,72,30,legato,1,2.246,2
data/piano_phase1/C5/C5_v30_sustain_ped_t1.wav,C5,72,30,sustain,1,1.739,1
data/piano_phase1/C5/C5_v110_sustain_ped_t2.wav,C5,72,110,sustain,1,1.732,2
data/piano_phase1/C5/C5_v60_portato_noped_t1.wav,C5,72,60,portato,0,1.046,1
data/piano_phase1/C5/C5_v60_sustain_noped_t2.wav,C5,72,60,sustain,0,1.742,2
data/piano_phase1/C5/C5_v30_portato_noped_t1.wav,C5,72,30,portato,0,1.03,1
data/piano_phase1/C5/C5_v30_staccato_ped_t1.wav,C5,72,30,staccato,1,0.622,1
data/piano_phase1/C5/C5_v90_portato_noped_t1.wav,C5,72,90,portato,0,1.04,1
data/piano_phase1/C5/C5_v110_portato_ped_t1.wav,C5,72,110,portato,1,1.033,1
data/piano_phase1/C5/C5_v30_staccato_noped_t1.wav,C5,72,30,staccato,0,0.622,1
data/piano_phase1/C5/C5_v110_staccato_noped_t2.wav,C5,72,110,staccato,0,0.623,2
data/piano_phase1/C5/C5_v90_sustain_ped_t2.wav,C5,72,90,sustain,1,1.744,2
data/piano_phase1/C5/C5_v90_staccato_noped_t2.wav,C5,72,90,staccato,0,0.622,2
data/piano_phase1/C5/C5_v60_legato_ped_t2.wav,C5,72,60,legato,1,2.244,2
data/piano_phase1/C5/C5_v90_portato_ped_t2.wav,C5,72,90,portato,1,1.04,2
data/piano_phase1/C5/C5_v110_portato_noped_t1.wav,C5,72,110,portato,0,1.033,1
data/piano_phase1/C5/C5_v60_legato_noped_t1.wav,C5,72,60,legato,0,2.244,1
data/piano_phase1/C5/C5_v60_legato_noped_t2.wav,C5,72,60,legato,0,2.244,2
data/piano_phase1/C5/C5_v60_staccato_noped_t2.wav,C5,72,60,staccato,0,0.619,2
data/piano_phase1/C5/C5_v30_sustain_ped_t2.wav,C5,72,30,sustain,1,1.739,2
data/piano_phase1/C5/C5_v90_sustain_noped_t1.wav,C5,72,90,sustain,0,1.744,1
data/piano_phase1/C5/C5_v90_sustain_noped_t2.wav,C5,72,90,sustain,0,1.744,2
data/piano_phase1/C5/C5_v90_legato_noped_t1.wav,C5,72,90,legato,0,2.221,1
data/piano_phase1/C5/C5_v60_legato_ped_t1.wav,C5,72,60,legato,1,2.244,1
data/piano_phase1/C5/C5_v30_sustain_noped_t2.wav,C5,72,30,sustain,0,1.739,2
data/piano_phase1/C5/C5_v30_legato_noped_t2.wav,C5,72,30,legato,0,2.246,2
data/piano_phase1/C5/C5_v90_staccato_noped_t1.wav,C5,72,90,staccato,0,0.622,1
data/piano_phase1/C5/C5_v110_sustain_noped_t2.wav,C5,72,110,sustain,0,1.732,2
data/piano_phase1/C5/C5_v90_legato_noped_t2.wav,C5,72,90,legato,0,2.221,2
data/piano_phase1/C5/C5_v60_staccato_ped_t2.wav,C5,72,60,staccato,1,0.619,2
data/piano_phase1/C5/C5_v90_portato_ped_t1.wav,C5,72,90,portato,1,1.04,1
data/piano_phase1/C5/C5_v60_staccato_ped_t1.wav,C5,72,60,staccato,1,0.619,1
data/piano_phase1/C5/C5_v110_staccato_ped_t1.wav,C5,72,110,staccato,1,0.623,1
data/piano_phase1/C5/C5_v110_sustain_ped_t1.wav,C5,72,110,sustain,1,1.732,1
data/piano_phase1/C5/C5_v60_portato_ped_t1.wav,C5,72,60,portato,1,1.046,1
data/piano_phase1/C5/C5_v60_sustain_ped_t1.wav,C5,72,60,sustain,1,1.742,1
data/piano_phase1/C#5/C#5_v60_legato_ped_t1.wav,C#5,73,60,legato,1,2.213,1
data/piano_phase1/C#5/C#5_v110_staccato_ped_t1.wav,C#5,73,110,staccato,1,0.617,1
data/piano_phase1/C#5/C#5_v30_portato_ped_t1.wav,C#5,73,30,portato,1,1.046,1
data/piano_phase1/C#5/C#5_v110_sustain_ped_t1.wav,C#5,73,110,sustain,1,1.716,1
data/piano_phase1/C#5/C#5_v30_sustain_noped_t1.wav,C#5,73,30,sustain,0,1.751,1
data/piano_phase1/C#5/C#5_v110_legato_noped_t1.wav,C#5,73,110,legato,0,2.202,1
data/piano_phase1/C#5/C#5_v110_portato_noped_t2.wav,C#5,73,110,portato,0,1.03,2
data/piano_phase1/C#5/C#5_v60_portato_ped_t1.wav,C#5,73,60,portato,1,1.043,1
data/piano_phase1/C#5/C#5_v90_sustain_noped_t1.wav,C#5,73,90,sustain,0,1.719,1
data/piano_phase1/C#5/C#5_v90_sustain_ped_t2.wav,C#5,73,90,sustain,1,1.719,2
data/piano_phase1/C#5/C#5_v110_sustain_noped_t1.wav,C#5,73,110,sustain,0,1.716,1
data/piano_phase1/C#5/C#5_v30_staccato_ped_t1.wav,C#5,73,30,staccato,1,0.609,1
data/piano_phase1/C#5/C#5_v30_legato_ped_t1.wav,C#5,73,30,legato,1,2.233,1
data/piano_phase1/C#5/C#5_v30_portato_noped_t1.wav,C#5,73,30,portato,0,1.046,1
data/piano_phase1/C#5/C#5_v90_staccato_ped_t2.wav,C#5,73,90,staccato,1,0.613,2
data/piano_phase1/C#5/C#5_v30_staccato_noped_t1.wav,C#5,73,30,staccato,0,0.609,1
data/piano_phase1/C#5/C#5_v110_portato_noped_t1.wav,C#5,73,110,portato,0,1.03,1
data/piano_phase1/C#5/C#5_v30_legato_noped_t1.wav,C#5,73,30,legato,0,2.233,1
data/piano_phase1/C#5/C#5_v110_staccato_noped_t1.wav,C#5,73,110,staccato,0,0.617,1
data/piano_phase1/C#5/C#5_v30_staccato_noped_t2.wav,C#5,73,30,staccato,0,0.609,2
data/piano_phase1/C#5/C#5_v90_portato_noped_t2.wav,C#5,73,90,portato,0,1.033,2
data/piano_phase1/C#5/C#5_v60_sustain_noped_t2.wav,C#5,73,60,sustain,0,1.728,2
data/piano_phase1/C#5/C#5_v60_staccato_noped_t1.wav,C#5,73,60,staccato,0,0.61,1
data/piano_phase1/C#5/C#5_v30_legato_ped_t2.wav,C#5,73,30,legato,1,2.233,2
data/piano_phase1/C#5/C#5_v60_staccato_ped_t1.wav,C#5,73,60,staccato,1,0.61,1
data/piano_phase1/C#5/C#5_v90_staccato_ped_t1.wav,C#5,73,90,staccato,1,0.613,1
data/piano_phase1/C#5/C#5_v110_portato_ped_t2.wav,C#5,73,110,portato,1,1.03,2
data/piano_phase1/C#5/C#5_v90_legato_noped_t1.wav,C#5,73,90,legato,0,2.209,1
data/piano_phase1/C#5/C#5_v90_sustain_noped_t2.wav,C#5,73,90,sustain,0,1.719,2
data/piano_phase1/C#5/C#5_v90_staccato_noped_t1.wav,C#5,73,90,staccato,0,0.613,1
data/piano_phase1/C#5/C#5_v30_sustain_ped_t2.wav,C#5,73,30,sustain,1,1.751,2
data/piano_phase1/C#5/C#5_v30_portato_ped_t2.wav,C#5,73,30,portato,1,1.046,2
data/piano_phase1/C#5/C#5_v110_sustain_ped_t2.wav,C#5,73,110,sustain,1,1.716,2
data/piano_phase1/C#5/C#5_v90_sustain_ped_t1.wav,C#5,73,90,sustain,1,1.719,1
data/piano_phase1/C#5/C#5_v110_sustain_noped_t2.wav,C#5,73,110,sustain,0,1.716,2
data/piano_phase1/C#5/C#5_v110_legato_noped_t2.wav,C#5,73,110,legato,0,2.202,2
data/piano_phase1/C#5/C#5_v60_legato_ped_t2.wav,C#5,73,60,legato,1,2.213,2
data/piano_phase1/C#5/C#5_v60_sustain_ped_t2.wav,C#5,73,60,sustain,1,1.728,2
data/piano_phase1/C#5/C#5_v60_legato_noped_t1.wav,C#5,73,60,legato,0,2.213,1
data/piano_phase1/C#5/C#5_v60_staccato_noped_t2.wav,C#5,73,60,staccato,0,0.61,2
data/piano_phase1/C#5/C#5_v110_staccato_ped_t2.wav,C#5,73,110,staccato,1,0.617,2
data/piano_phase1/C#5/C#5_v90_legato_noped_t2.wav,C#5,73,90,legato,0,2.209,2
data/piano_phase1/C#5/C#5_v90_portato_ped_t2.wav,C#5,73,90,portato,1,1.033,2
data/piano_phase1/C#5/C#5_v110_portato_ped_t1.wav,C#5,73,110,portato,1,1.03,1
data/piano_phase1/D5/D5_v30_sustain_noped_t1.wav,D5,74,30,sustain,0,1.761,1
data/piano_phase1/D5/D5_v30_staccato_noped_t1.wav,D5,74,30,staccato,0,0.707,1
data/piano_phase1/D5/D5_v30_sustain_ped_t2.wav,D5,74,30,sustain,1,1.761,2
data/piano_phase1/D5/D5_v110_staccato_noped_t2.wav,D5,74,110,staccato,0,0.699,2
data/piano_phase1/D5/D5_v30_legato_ped_t2.wav,D5,74,30,legato,1,2.263,2
data/piano_phase1/D5/D5_v90_staccato_ped_t1.wav,D5,74,90,staccato,1,0.697,1
data/piano_phase1/D5/D5_v60_portato_noped_t2.wav,D5,74,60,portato,0,1.132,2
data/piano_phase1/D5/D5_v90_portato_ped_t1.wav,D5,74,90,portato,1,1.129,1
data/piano_phase1/D5/D5_v60_staccato_noped_t2.wav,D5,74,60,staccato,0,0.698,2
data/piano_phase1/D5/D5_v60_legato_noped_t1.wav,D5,74,60,legato,0,2.254,1
data/piano_phase1/D5/D5_v90_portato_noped_t2.wav,D5,74,90,portato,0,1.129,2
data/piano_phase1/D5/D5_v110_legato_noped_t2.wav,D5,74,110,legato,0,2.25,2
data/piano_phase1/D5/D5_v60_staccato_ped_t2.wav,D5,74,60,staccato,1,0.698,2
data/piano_phase1/D5/D5_v60_sustain_noped_t1.wav,D5,74,60,sustain,0,1.759,1
data/piano_phase1/D5/D5_v30_legato_ped_t1.wav,D5,74,30,legato,1,2.263,1
data/piano_phase1/D5/D5_v60_legato_ped_t2.wav,D5,74,60,legato,1,2.254,2
data/piano_phase1/D5/D5_v30_staccato_ped_t2.wav,D5,74,30,staccato,1,0.707,2
data/piano_phase1/D5/D5_v110_sustain_ped_t2.wav,D5,74,110,sustain,1,1.758,2
data/piano_phase1/D5/D5_v90_portato_ped_t2.wav,D5,74,90,portato,1,1.129,2
data/piano_phase1/D5/D5_v90_staccato_noped_t2.wav,D5,74,90,staccato,0,0.697,2
data/piano_phase1/D5/D5_v110_sustain_noped_t2.wav,D5,74,110,sustain,0,1.758,2
data/piano_phase1/D5/D5_v60_legato_ped_t1.wav,D5,74,60,legato,1,2.254,1
data/piano_phase1/D5/D5_v90_legato_noped_t2.wav,D5,74,90,legato,0,2.252,2
data/piano_phase1/D5/D5_v30_sustain_noped_t2.wav,D5,74,30,sustain,0,1.761,2
data/piano_phase1/D5/D5_v110_legato_ped_t1.wav,D5,74,110,legato,1,2.25,1
data/piano_phase1/D5/D5_v110_legato_noped_t1.wav,D5,74,110,legato,0,2.25,1
data/piano_phase1/D5/D5_v60_staccato_noped_t1.wav,D5,74,60,staccato,0,0.698,1
data/piano_phase1/D5/D5_v30_legato_noped_t1.wav,D5,74,30,legato,0,2.263,1
data/piano_phase1/D5/D5_v90_sustain_noped_t2.wav,D5,74,90,sustain,0,1.761,2
data/piano_phase1/D5/D5_v30_legato_noped_t2.wav,D5,74,30,legato,0,2.263,2
data/piano_phase1/D5/D5_v90_sustain_ped_t2.wav,D5,74,90,sustain,1,1.761,2
data/piano_phase1/D5/D5_v30_portato_ped_t1.wav,D5,74,30,portato,1,1.138,1
data/piano_phase1/D5/D5_v90_legato_ped_t1.wav,D5,74,90,legato,1,2.252,1
data/piano_phase1/D5/D5_v30_portato_noped_t2.wav,D5,74,30,portato,0,1.138,2
data/piano_phase1/D5/D5_v60_portato_ped_t2.wav,D5,74,60,portato,1,1.132,2
data/piano_phase1/D5/D5_v110_staccato_ped_t1.wav,D5,74,110,staccato,1,0.699,1
data/piano_phase1/D5/D5_v30_sustain_ped_t1.wav,D5,74,30,sustain,1,1.761,1
data/piano_phase1/D5/D5_v110_staccato_noped_t1.wav,D5,74,110,staccato,0,0.699,1
data/piano_phase1/D5/D5_v110_sustain_ped_t1.wav,D5,74,110,sustain,1,1.758,1
data/piano_phase1/D5/D5_v90_legato_noped_t1.wav,D5,74,90,legato,0,2.252,1
data/piano_phase1/D5/D5_v30_portato_ped_t2.wav,D5,74,30,portato,1,1.138,2
data/piano_phase1/D5/D5_v60_staccato_ped_t1.wav,D5,74,60,staccato,1,0.698,1
data/piano_phase1/D5/D5_v60_sustain_ped_t1.wav,D5,74,60,sustain,1,1.759,1
data/piano_phase1/D5/D5_v90_sustain_noped_t1.wav,D5,74,90,sustain,0,1.761,1
data/piano_phase1/D#5/D#5_v60_portato_ped_t2.wav,D#5,75,60,portato,1,1.126,2
data/piano_phase1/D#5/D#5_v90_staccato_noped_t2.wav,D#5,75,90,staccato,0,0.693,2
data/piano_phase1/D#5/D#5_v30_legato_noped_t2.wav,D#5,75,30,legato,0,2.258,2
data/piano_phase1/D#5/D#5_v30_sustain_noped_t1.wav,D#5,75,30,sustain,0,1.759,1
data/piano_phase1/D#5/D#5_v30_portato_ped_t1.wav,D#5,75,30,portato,1,1.133,1
data/piano_phase1/D#5/D#5_v60_sustain_ped_t2.wav,D#5,75,60,sustain,1,1.769,2
data/piano_phase1/D#5/D#5_v30_staccato_noped_t1.wav,D#5,75,30,staccato,0,0.704,1
data/piano_phase1/D#5/D#5_v90_staccato_ped_t2.wav,D#5,75,90,staccato,1,0.693,2
data/piano_phase1/D#5/D#5_v30_portato_ped_t2.wav,D#5,75,30,portato,1,1.133,2
data/piano_phase1/D#5/D#5_v30_portato_noped_t2.wav,D#5,75,30,portato,0,1.133,2
data/piano_phase1/D#5/D#5_v110_staccato_ped_t1.wav,D#5,75,110,staccato,1,0.693,1
data/piano_phase1/D#5/D#5_v30_sustain_ped_t1.wav,D#5,75,30,sustain,1,1.759,1
data/piano_phase1/D#5/D#5_v60_sustain_noped_t2.wav,D#5,75,60,sustain,0,1.769,2
data/piano_phase1/D#5/D#5_v60_staccato_ped_t1.wav,D#5,75,60,staccato,1,0.696,1
data/piano_phase1/D#5/D#5_v30_legato_ped_t2.wav,D#5,75,30,legato,1,2.258,2
data/piano_phase1/D#5/D#5_v110_portato_noped_t2.wav,D#5,75,110,portato,0,1.118,2
data/piano_phase1/D#5/D#5_v90_legato_ped_t2.wav,D#5,75,90,legato,1,2.252,2
data/piano_phase1/D#5/D#5_v90_legato_noped_t2.wav,D#5,75,90,legato,0,2.252,2
data/piano_phase1/D#5/D#5_v30_legato_noped_t1.wav,D#5,75,30,legato,0,2.258,1
data/piano_phase1/D#5/D#5_v60_staccato_noped_t1.wav,D#5,75,60,staccato,0,0.696,1
data/piano_phase1/D#5/D#5_v60_portato_noped_t2.wav,D#5,75,60,portato,0,1.126,2
data/piano_phase1/D#5/D#5_v90_staccato_ped_t1.wav,D#5,75,90,staccato,1,0.693,1
data/piano_phase1/D#5/D#5_v60_sustain_noped_t1.wav,D#5,75,60,sustain,0,1.769,1
data/piano_phase1/D#5/D#5_v90_legato_noped_t1.wav,D#5,75,90,legato,0,2.252,1
data/piano_phase1/D#5/D#5_v30_staccato_ped_t1.wav,D#5,75,30,staccato,1,0.704,1
data/piano_phase1/D#5/D#5_v110_staccato_ped_t2.wav,D#5,75,110,staccato,1,0.693,2
data/piano_phase1/D#5/D#5_v60_sustain_ped_t1.wav,D#5,75,60,sustain,1,1.769,1
data/piano_phase1/D#5/D#5_v110_legato_ped_t1.wav,D#5,75,110,legato,1,2.248,1
data/piano_phase1/D#5/D#5_v110_sustain_ped_t1.wav,D#5,75,110,sustain,1,1.758,1
data/piano_phase1/D#5/D#5_v30_staccato_noped_t2.wav,D#5,75,30,staccato,0,0.704,2
data/piano_phase1/D#5/D#5_v30_legato_ped_t1.wav,D#5,75,30,legato,1,2.258,1
data/piano_phase1/D#5/D#5_v110_sustain_noped_t2.wav,D#5,75,110,sustain,0,1.758,2
data/piano_phase1/D#5/D#5_v90_portato_ped_t1.wav,D#5,75,90,portato,1,1.12,1
data/piano_phase1/D#5/D#5_v110_legato_noped_t2.wav,D#5,75,110,legato,0,2.248,2
data/piano_phase1/D#5/D#5_v90_staccato_noped_t1.wav,D#5,75,90,staccato,0,0.693,1
data/piano_phase1/D#5/D#5_v60_portato_ped_t1.wav,D#5,75,60,portato,1,1.126,1
data/piano_phase1/D#5/D#5_v30_staccato_ped_t2.wav,D#5,75,30,staccato,1,0.704,2
data/piano_phase1/D#5/D#5_v60_staccato_noped_t2.wav,D#5,75,60,staccato,0,0.696,2
data/piano_phase1/D#5/D#5_v60_staccato_ped_t2.wav,D#5,75,60,staccato,1,0.696,2
data/piano_phase1/D#5/D#5_v90_sustain_ped_t1.wav,D#5,75,90,sustain,1,1.765,1
data/piano_phase1/D#5/D#5_v60_legato_ped_t1.wav,D#5,75,60,legato,1,2.244,1
data/piano_phase1/D#5/D#5_v30_portato_noped_t1.wav,D#5,75,30,portato,0,1.133,1
data/piano_phase1/D#5/D#5_v110_portato_noped_t1.wav,D#5,75,110,portato,0,1.118,1
data/piano_phase1/D#5/D#5_v110_legato_ped_t2.wav,D#5,75,110,legato,1,2.248,2
data/piano_phase1/E5/E5_v60_legato_ped_t1.wav,E5,76,60,legato,1,2.233,1
data/piano_phase1/E5/E5_v30_portato_ped_t2.wav,E5,76,30,portato,1,1.13,2
data/piano_phase1/E5/E5_v60_sustain_ped_t2.wav,E5,76,60,sustain,1,1.772,2
data/piano_phase1/E5/E5_v110_legato_noped_t1.wav,E5,76,110,legato,0,2.232,1
data/piano_phase1/E5/E5_v110_legato_noped_t2.wav,E5,76,110,legato,0,2.232,2
data/piano_phase1/E5/E5_v90_portato_noped_t1.wav,E5,76,90,portato,0,1.119,1
data/piano_phase1/E5/E5_v30_staccato_noped_t2.wav,E5,76,30,staccato,0,0.699,2
data/piano_phase1/E5/E5_v90_legato_ped_t1.wav,E5,76,90,legato,1,2.237,1
data/piano_phase1/E5/E5_v30_legato_noped_t2.wav,E5,76,30,legato,0,2.259,2
data/piano_phase1/E5/E5_v30_staccato_noped_t1.wav,E5,76,30,staccato,0,0.699,1
data/piano_phase1/E5/E5_v90_staccato_noped_t1.wav,E5,76,90,staccato,0,0.693,1
data/piano_phase1/E5/E5_v30_sustain_noped_t1.wav,E5,76,30,sustain,0,1.78,1
data/piano_phase1/E5/E5_v110_portato_ped_t2.wav,E5,76,110,portato,1,1.113,2
data/piano_phase1/E5/E5_v30_legato_ped_t1.wav,E5,76,30,legato,1,2.259,1
data/piano_phase1/E5/E5_v110_staccato_noped_t2.wav,E5,76,110,staccato,0,0.687,2
data/piano_phase1/E5/E5_v60_sustain_noped_t2.wav,E5,76,60,sustain,0,1.772,2
data/piano_phase1/E5/E5_v110_portato_noped_t1.wav,E5,76,110,portato,0,1.113,1
data/piano_phase1/E5/E5_v110_portato_ped_t1.wav,E5,76,110,portato,1,1.113,1
data/piano_phase1/E5/E5_v90_portato_noped_t2.wav,E5,76,90,portato,0,1.119,2
data/piano_phase1/E5/E5_v60_staccato_noped_t2.wav,E5,76,60,staccato,0,0.693,2
data/piano_phase1/E5/E5_v110_sustain_ped_t1.wav,E5,76,110,sustain,1,1.768,1
data/piano_phase1/E5/E5_v110_legato_ped_t1.wav,E5,76,110,legato,1,2.232,1
data/piano_phase1/E5/E5_v60_staccato_ped_t2.wav,E5,76,60,staccato,1,0.693,2
data/piano_phase1/E5/E5_v90_legato_ped_t2.wav,E5,76,90,legato,1,2.237,2
data/piano_phase1/E5/E5_v30_legato_noped_t1.wav,E5,76,30,legato,0,2.259,1
data/piano_phase1/E5/E5_v110_sustain_noped_t1.wav,E5,76,110,sustain,0,1.768,1
data/piano_phase1/E5/E5_v110_legato_ped_t2.wav,E5,76,110,legato,1,2.232,2
data/piano_phase1/E5/E5_v60_portato_noped_t1.wav,E5,76,60,portato,0,1.124,1
data/piano_phase1/E5/E5_v60_legato_ped_t2.wav,E5,76,60,legato,1,2.233,2
data/piano_phase1/E5/E5_v30_sustain_ped_t2.wav,E5,76,30,sustain,1,1.78,2
data/piano_phase1/E5/E5_v60_legato_noped_t2.wav,E5,76,60,legato,0,2.233,2
data/piano_phase1/E5/E5_v90_staccato_ped_t1.wav,E5,76,90,staccato,1,0.693,1
data/piano_phase1/E5/E5_v30_portato_noped_t2.wav,E5,76,30,portato,0,1.13,2
data/piano_phase1/E5/E5_v90_legato_noped_t1.wav,E5,76,90,legato,0,2.237,1
data/piano_phase1/E5/E5_v30_sustain_noped_t2.wav,E5,76,30,sustain,0,1.78,2
data/piano_phase1/E5/E5_v60_staccato_noped_t1.wav,E5,76,60,staccato,0,0.693,1
data/piano_phase1/E5/E5_v110_staccato_ped_t2.wav,E5,76,110,staccato,1,0.687,2
data/piano_phase1/E5/E5_v110_staccato_ped_t1.wav,E5,76,110,staccato,1,0.687,1
data/piano_phase1/E5/E5_v90_staccato_ped_t2.wav,E5,76,90,staccato,1,0.693,2
data/piano_phase1/E5/E5_v30_portato_ped_t1.wav,E5,76,30,portato,1,1.13,1
data/piano_phase1/E5/E5_v90_sustain_ped_t1.wav,E5,76,90,sustain,1,1.767,1
data/piano_phase1/E5/E5_v30_portato_noped_t1.wav,E5,76,30,portato,0,1.13,1
data/piano_phase1/E5/E5_v110_staccato_noped_t1.wav,E5,76,110,staccato,0,0.687,1
data/piano_phase1/E5/E5_v90_sustain_noped_t2.wav,E5,76,90,sustain,0,1.767,2
data/piano_phase1/F5/F5_v30_staccato_noped_t2.wav,F5,77,30,staccato,0,0.665,2
data/piano_phase1/F5/F5_v60_staccato_noped_t1.wav,F5,77,60,staccato,0,0.655,1
data/piano_phase1/F5/F5_v30_portato_noped_t2.wav,F5,77,30,portato,0,1.025,2
data/piano_phase1/F5/F5_v90_legato_ped_t1.wav,F5,77,90,legato,1,2.201,1
data/piano_phase1/F5/F5_v60_portato_ped_t1.wav,F5,77,60,portato,1,1.016,1
data/piano_phase1/F5/F5_v90_sustain_noped_t1.wav,F5,77,90,sustain,0,1.685,1
data/piano_phase1/F5/F5_v90_staccato_ped_t2.wav,F5,77,90,staccato,1,0.653,2
data/piano_phase1/F5/F5_v60_legato_ped_t2.wav,F5,77,60,legato,1,2.22,2
data/piano_phase1/F5/F5_v30_staccato_noped_t1.wav,F5,77,30,staccato,0,0.665,1
data/piano_phase1/F5/F5_v110_legato_noped_t2.wav,F5,77,110,legato,0,2.191,2
data/piano_phase1/F5/F5_v60_portato_noped_t1.wav,F5,77,60,portato,0,1.016,1
data/piano_phase1/F5/F5_v60_legato_noped_t2.wav,F5,77,60,legato,0,2.22,2
data/piano_phase1/F5/F5_v30_staccato_ped_t2.wav,F5,77,30,staccato,1,0.665,2
data/piano_phase1/F5/F5_v90_legato_noped_t1.wav,F5,77,90,legato,0,2.201,1
data/piano_phase1/F5/F5_v90_portato_noped_t2.wav,F5,77,90,portato,0,1.019,2
data/piano_phase1/F5/F5_v30_legato_noped_t2.wav,F5,77,30,legato,0,2.249,2
data/piano_phase1/F5/F5_v30_legato_noped_t1.wav,F5,77,30,legato,0,2.249,1
data/piano_phase1/F5/F5_v60_sustain_ped_t2.wav,F5,77,60,sustain,1,1.685,2
data/piano_phase1/F5/F5_v60_staccato_ped_t2.wav,F5,77,60,staccato,1,0.655,2
data/piano_phase1/F5/F5_v30_legato_ped_t1.wav,F5,77,30,legato,1,2.249,1
data/piano_phase1/F5/F5_v110_sustain_noped_t1.wav,F5,77,110,sustain,0,1.683,1
data/piano_phase1/F5/F5_v110_staccato_noped_t1.wav,F5,77,110,staccato,0,0.648,1
data/piano_phase1/F5/F5_v90_sustain_noped_t2.wav,F5,77,90,sustain,0,1.685,2
data/piano_phase1/F5/F5_v110_sustain_noped_t2.wav,F5,77,110,sustain,0,1.683,2
data/piano_phase1/F5/F5_v110_sustain_ped_t2.wav,F5,77,110,sustain,1,1.683,2
data/piano_phase1/F5/F5_v90_portato_noped_t1.wav,F5,77,90,portato,0,1.019,1
data/piano_phase1/F5/F5_v60_sustain_noped_t2.wav,F5,77,60,sustain,0,1.685,2
data/piano_phase1/F5/F5_v90_sustain_ped_t2.wav,F5,77,90,sustain,1,1.685,2
data/piano_phase1/F5/F5_v60_legato_ped_t1.wav,F5,77,60,legato,1,2.22,1
data/piano_phase1/F5/F5_v110_legato_ped_t2.wav,F5,77,110,legato,1,2.191,2
data/piano_phase1/F5/F5_v30_portato_ped_t2.wav,F5,77,30,portato,1,1.025,2
data/piano_phase1/F5/F5_v110_staccato_ped_t2.wav,F5,77,110,staccato,1,0.648,2
data/piano_phase1/F5/F5_v110_legato_noped_t1.wav,F5,77,110,legato,0,2.191,1
data/piano_phase1/F5/F5_v90_legato_noped_t2.wav,F5,77,90,legato,0,2.201,2
data/piano_phase1/F5/F5_v30_legato_ped_t2.wav,F5,77,30,legato,1,2.249,2
data/piano_phase1/F5/F5_v60_portato_ped_t2.wav,F5,77,60,portato,1,1.016,2
data/piano_phase1/F5/F5_v60_sustain_ped_t1.wav,F5,77,60,sustain,1,1.685,1
data/piano_phase1/F5/F5_v110_sustain_ped_t1.wav,F5,77,110,sustain,1,1.683,1
data/piano_phase1/F5/F5_v60_legato_noped_t1.wav,F5,77,60,legato,0,2.22,1
data/piano_phase1/F5/F5_v110_portato_ped_t2.wav,F5,77,110,portato,1,1.009,2
data/piano_phase1/F5/F5_v110_portato_noped_t1.wav,F5,77,110,portato,0,1.009,1
data/piano_phase1/F5/F5_v30_sustain_ped_t2.wav,F5,77,30,sustain,1,1.705,2
data/piano_phase1/F5/F5_v30_sustain_ped_t1.wav,F5,77,30,sustain,1,1.705,1
data/piano_phase1/F5/F5_v110_legato_ped_t1.wav,F5,77,110,legato,1,2.191,1
data/piano_phase1/F#5/F#5_v90_legato_noped_t2.wav,F#5,78,90,legato,0,2.213,2
data/piano_phase1/F#5/F#5_v90_legato_ped_t1.wav,F#5,78,90,legato,1,2.213,1
data/piano_phase1/F#5/F#5_v110_sustain_ped_t2.wav,F#5,78,110,sustain,1,1.66,2
data/piano_phase1/F#5/F#5_v90_sustain_noped_t1.wav,F#5,78,90,sustain,0,1.656,1
data/piano_phase1/F#5/F#5_v30_portato_ped_t2.wav,F#5,78,30,portato,1,1.022,2
data/piano_phase1/F#5/F#5_v90_staccato_ped_t1.wav,F#5,78,90,staccato,1,0.65,1
data/piano_phase1/F#5/F#5_v110_legato_noped_t1.wav,F#5,78,110,legato,0,2.201,1
data/piano_phase1/F#5/F#5_v90_portato_noped_t2.wav,F#5,78,90,portato,0,0.988,2
data/piano_phase1/F#5/F#5_v90_portato_ped_t2.wav,F#5,78,90,portato,1,0.988,2
data/piano_phase1/F#5/F#5_v30_legato_noped_t1.wav,F#5,78,30,legato,0,2.248,1
data/piano_phase1/F#5/F#5_v60_legato_ped_t1.wav,F#5,78,60,legato,1,2.224,1
data/piano_phase1/F#5/F#5_v30_sustain_ped_t2.wav,F#5,78,30,sustain,1,1.668,2
data/piano_phase1/F#5/F#5_v60_staccato_noped_t1.wav,F#5,78,60,staccato,0,0.654,1
data/piano_phase1/F#5/F#5_v60_staccato_ped_t1.wav,F#5,78,60,staccato,1,0.654,1
data/piano_phase1/F#5/F#5_v30_legato_noped_t2.wav,F#5,78,30,legato,0,2.248,2
data/piano_phase1/F#5/F#5_v90_staccato_ped_t2.wav,F#5,78,90,staccato,1,0.65,2
data/piano_phase1/F#5/F#5_v90_legato_noped_t1.wav,F#5,78,90,legato,0,2.213,1
data/piano_phase1/F#5/F#5_v110_legato_ped_t2.wav,F#5,78,110,legato,1,2.201,2
data/piano_phase1/F#5/F#5_v60_legato_ped_t2.wav,F#5,78,60,legato,1,2.224,2
data/piano_phase1/F#5/F#5_v30_staccato_noped_t1.wav,F#5,78,30,staccato,0,0.663,1
data/piano_phase1/F#5/F#5_v60_staccato_ped_t2.wav,F#5,78,60,staccato,1,0.654,2
data/piano_phase1/F#5/F#5_v90_portato_ped_t1.wav,F#5,78,90,portato,1,0.988,1
data/piano_phase1/F#5/F#5_v110_portato_ped_t1.wav,F#5,78,110,portato,1,0.987,1
data/piano_phase1/F#5/F#5_v110_staccato_ped_t1.wav,F#5,78,110,staccato,1,0.645,1
data/piano_phase1/F#5/F#5_v90_sustain_noped_t2.wav,F#5,78,90,sustain,0,1.656,2
data/piano_phase1/F#5/F#5_v30_portato_noped_t1.wav,F#5,78,30,portato,0,1.022,1
data/piano_phase1/F#5/F#5_v110_staccato_noped_t2.wav,F#5,78,110,staccato,0,0.645,2
data/piano_phase1/F#5/F#5_v90_sustain_ped_t1.wav,F#5,78,90,sustain,1,1.656,1
data/piano_phase1/F#5/F#5_v90_legato_ped_t2.wav,F#5,78,90,legato,1,2.213,2
data/piano_phase1/F#5/F#5_v60_legato_noped_t2.wav,F#5,78,60,legato,0,2.224,2
data/piano_phase1/F#5/F#5_v90_staccato_noped_t2.wav,F#5,78,90,staccato,0,0.65,2
data/piano_phase1/F#5/F#5_v30_staccato_ped_t1.wav,F#5,78,30,staccato,1,0.663,1
data/piano_phase1/F#5/F#5_v30_sustain_noped_t1.wav,F#5,78,30,sustain,0,1.668,1
data/piano_phase1/F#5/F#5_v110_portato_ped_t2.wav,F#5,78,110,portato,1,0.987,2
data/piano_phase1/F#5/F#5_v60_portato_noped_t2.wav,F#5,78,60,portato,0,0.987,2
data/piano_phase1/F#5/F#5_v30_portato_ped_t1.wav,F#5,78,30,portato,1,1.022,1
data/piano_phase1/F#5/F#5_v60_portato_noped_t1.wav,F#5,78,60,portato,0,0.987,1
data/piano_phase1/F#5/F#5_v110_legato_noped_t2.wav,F#5,78,110,legato,0,2.201,2
data/piano_phase1/F#5/F#5_v110_staccato_ped_t2.wav,F#5,78,110,staccato,1,0.645,2
data/piano_phase1/F#5/F#5_v90_sustain_ped_t2.wav,F#5,78,90,sustain,1,1.656,2
data/piano_phase1/F#5/F#5_v110_portato_noped_t1.wav,F#5,78,110,portato,0,0.987,1
data/piano_phase1/F#5/F#5_v60_sustain_noped_t1.wav,F#5,78,60,sustain,0,1.653,1
data/piano_phase1/F#5/F#5_v30_legato_ped_t2.wav,F#5,78,30,legato,1,2.248,2
data/piano_phase1/F#5/F#5_v60_portato_ped_t2.wav,F#5,78,60,portato,1,0.987,2
data/piano_phase1/G5/G5_v60_staccato_noped_t2.wav,G5,79,60,staccato,0,0.65,2
data/piano_phase1/G5/G5_v60_legato_noped_t1.wav,G5,79,60,legato,0,2.221,1
data/piano_phase1/G5/G5_v90_legato_ped_t1.wav,G5,79,90,legato,1,2.209,1
data/piano_phase1/G5/G5_v30_legato_ped_t1.wav,G5,79,30,legato,1,2.234,1
data/piano_phase1/G5/G5_v30_portato_ped_t1.wav,G5,79,30,portato,1,1.062,1
data/piano_phase1/G5/G5_v110_sustain_ped_t1.wav,G5,79,110,sustain,1,1.623,1
data/piano_phase1/G5/G5_v60_staccato_ped_t2.wav,G5,79,60,staccato,1,0.65,2
data/piano_phase1/G5/G5_v60_sustain_noped_t2.wav,G5,79,60,sustain,0,1.618,2
data/piano_phase1/G5/G5_v90_legato_noped_t1.wav,G5,79,90,legato,0,2.209,1
data/piano_phase1/G5/G5_v90_portato_noped_t2.wav,G5,79,90,portato,0,0.959,2
data/piano_phase1/G5/G5_v60_staccato_noped_t1.wav,G5,79,60,staccato,0,0.65,1
data/piano_phase1/G5/G5_v30_legato_noped_t2.wav,G5,79,30,legato,0,2.234,2
data/piano_phase1/G5/G5_v110_portato_noped_t1.wav,G5,79,110,portato,0,0.961,1
data/piano_phase1/G5/G5_v90_staccato_ped_t2.wav,G5,79,90,staccato,1,0.647,2
data/piano_phase1/G5/G5_v110_legato_noped_t1.wav,G5,79,110,legato,0,2.2,1
data/piano_phase1/G5/G5_v110_staccato_noped_t2.wav,G5,79,110,staccato,0,0.642,2
data/piano_phase1/G5/G5_v30_sustain_ped_t1.wav,G5,79,30,sustain,1,1.64,1
data/piano_phase1/G5/G5_v30_staccato_ped_t2.wav,G5,79,30,staccato,1,0.661,2
data/piano_phase1/G5/G5_v110_sustain_noped_t1.wav,G5,79,110,sustain,0,1.623,1
data/piano_phase1/G5/G5_v60_portato_noped_t2.wav,G5,79,60,portato,0,0.967,2
data/piano_phase1/G5/G5_v30_staccato_ped_t1.wav,G5,79,30,staccato,1,0.661,1
data/piano_phase1/G5/G5_v60_sustain_noped_t1.wav,G5,79,60,sustain,0,1.618,1
data/piano_phase1/G5/G5_v90_sustain_ped_t1.wav,G5,79,90,sustain,1,1.622,1
data/piano_phase1/G5/G5_v30_sustain_noped_t1.wav,G5,79,30,sustain,0,1.64,1
data/piano_phase1/G5/G5_v110_portato_ped_t2.wav,G5,79,110,portato,1,0.961,2
data/piano_phase1/G5/G5_v110_legato_ped_t2.wav,G5,79,110,legato,1,2.2,2
data/piano_phase1/G5/G5_v60_portato_noped_t1.wav,G5,79,60,portato,0,0.967,1
data/piano_phase1/G5/G5_v110_portato_ped_t1.wav,G5,79,110,portato,1,0.961,1
data/piano_phase1/G5/G5_v90_sustain_noped_t2.wav,G5,79,90,sustain,0,1.622,2
data/piano_phase1/G5/G5_v90_sustain_ped_t2.wav,G5,79,90,sustain,1,1.622,2
data/piano_phase1/G5/G5_v30_legato_noped_t1.wav,G5,79,30,legato,0,2.234,1
data/piano_phase1/G5/G5_v110_staccato_ped_t2.wav,G5,79,110,staccato,1,0.642,2
data/piano_phase1/G5/G5_v110_sustain_noped_t2.wav,G5,79,110,sustain,0,1.623,2
data/piano_phase1/G5/G5_v60_portato_ped_t2.wav,G5,79,60,portato,1,0.967,2
data/piano_phase1/G5/G5_v90_staccato_noped_t2.wav,G5,79,90,staccato,0,0.647,2
data/piano_phase1/G5/G5_v30_portato_noped_t2.wav,G5,79,30,portato,0,1.062,2
data/piano_phase1/G5/G5_v30_sustain_ped_t2.wav,G5,79,30,sustain,1,1.64,2
data/piano_phase1/G5/G5_v110_legato_ped_t1.wav,G5,79,110,legato,1,2.2,1
data/piano_phase1/G5/G5_v110_staccato_noped_t1.wav,G5,79,110,staccato,0,0.642,1
data/piano_phase1/G5/G5_v90_legato_ped_t2.wav,G5,79,90,legato,1,2.209,2
data/piano_phase1/G5/G5_v60_portato_ped_t1.wav,G5,79,60,portato,1,0.967,1
data/piano_phase1/G5/G5_v110_sustain_ped_t2.wav,G5,79,110,sustain,1,1.623,2
data/piano_phase1/G5/G5_v30_staccato_noped_t1.wav,G5,79,30,staccato,0,0.661,1
data/piano_phase1/G5/G5_v60_sustain_ped_t2.wav,G5,79,60,sustain,1,1.618,2
data/piano_phase1/G#5/G#5_v60_sustain_ped_t1.wav,G#5,80,60,sustain,1,1.755,1
data/piano_phase1/G#5/G#5_v30_staccato_noped_t1.wav,G#5,80,30,staccato,0,0.716,1
data/piano_phase1/G#5/G#5_v90_portato_noped_t2.wav,G#5,80,90,portato,0,1.1,2
data/piano_phase1/G#5/G#5_v90_staccato_noped_t2.wav,G#5,80,90,staccato,0,0.701,2
data/piano_phase1/G#5/G#5_v90_sustain_ped_t2.wav,G#5,80,90,sustain,1,1.761,2
data/piano_phase1/G#5/G#5_v90_legato_ped_t1.wav,G#5,80,90,legato,1,2.254,1
data/piano_phase1/G#5/G#5_v110_portato_ped_t2.wav,G#5,80,110,portato,1,1.095,2
data/piano_phase1/G#5/G#5_v30_portato_ped_t1.wav,G#5,80,30,portato,1,1.126,1
data/piano_phase1/G#5/G#5_v90_portato_ped_t2.wav,G#5,80,90,portato,1,1.1,2
data/piano_phase1/G#5/G#5_v90_staccato_ped_t2.wav,G#5,80,90,staccato,1,0.701,2
data/piano_phase1/G#5/G#5_v110_legato_ped_t2.wav,G#5,80,110,legato,1,2.241,2
data/piano_phase1/G#5/G#5_v60_legato_noped_t2.wav,G#5,80,60,legato,0,2.249,2
data/piano_phase1/G#5/G#5_v90_legato_noped_t2.wav,G#5,80,90,legato,0,2.254,2
data/piano_phase1/G#5/G#5_v30_legato_ped_t1.wav,G#5,80,30,legato,1,2.298,1
data/piano_phase1/G#5/G#5_v30_staccato_noped_t2.wav,G#5,80,30,staccato,0,0.716,2
data/piano_phase1/G#5/G#5_v30_sustain_ped_t1.wav,G#5,80,30,sustain,1,1.763,1
data/piano_phase1/G#5/G#5_v30_sustain_noped_t2.wav,G#5,80,30,sustain,0,1.763,2
data/piano_phase1/G#5/G#5_v90_sustain_noped_t1.wav,G#5,80,90,sustain,0,1.761,1
data/piano_phase1/G#5/G#5_v30_portato_noped_t2.wav,G#5,80,30,portato,0,1.126,2
data/piano_phase1/G#5/G#5_v110_portato_ped_t1.wav,G#5,80,110,portato,1,1.095,1
data/piano_phase1/G#5/G#5_v110_sustain_ped_t2.wav,G#5,80,110,sustain,1,1.759,2
data/piano_phase1/G#5/G#5_v110_staccato_ped_t2.wav,G#5,80,110,staccato,1,0.701,2
data/piano_phase1/G#5/G#5_v30_legato_noped_t2.wav,G#5,80,30,legato,0,2.298,2
data/piano_phase1/G#5/G#5_v90_portato_ped_t1.wav,G#5,80,90,portato,1,1.1,1
data/piano_phase1/G#5/G#5_v110_staccato_noped_t1.wav,G#5,80,110,staccato,0,0.701,1
data/piano_phase1/G#5/G#5_v30_sustain_noped_t1.wav,G#5,80,30,sustain,0,1.763,1
data/piano_phase1/G#5/G#5_v110_staccato_noped_t2.wav,G#5,80,110,staccato,0,0.701,2
data/piano_phase1/G#5/G#5_v90_portato_noped_t1.wav,G#5,80,90,portato,0,1.1,1
data/piano_phase1/G#5/G#5_v110_portato_noped_t2.wav,G#5,80,110,portato,0,1.095,2
data/piano_phase1/G#5/G#5_v30_legato_ped_t2.wav,G#5,80,30,legato,1,2.298,2
data/piano_phase1/G#5/G#5_v90_legato_noped_t1.wav,G#5,80,90,legato,0,2.254,1
data/piano_phase1/G#5/G#5_v60_legato_ped_t2.wav,G#5,80,60,legato,1,2.249,2
data/piano_phase1/G#5/G#5_v30_sustain_ped_t2.wav,G#5,80,30,sustain,1,1.763,2
data/piano_phase1/G#5/G#5_v90_sustain_ped_t1.wav,G#5,80,90,sustain,1,1.761,1
data/piano_phase1/G#5/G#5_v60_sustain_noped_t1.wav,G#5,80,60,sustain,0,1.755,1
data/piano_phase1/G#5/G#5_v60_legato_noped_t1.wav,G#5,80,60,legato,0,2.249,1
data/piano_phase1/G#5/G#5_v110_portato_noped_t1.wav,G#5,80,110,portato,0,1.095,1
data/piano_phase1/G#5/G#5_v60_sustain_ped_t2.wav,G#5,80,60,sustain,1,1.755,2
data/piano_phase1/G#5/G#5_v60_portato_ped_t2.wav,G#5,80,60,portato,1,1.107,2
data/piano_phase1/G#5/G#5_v30_portato_ped_t2.wav,G#5,80,30,portato,1,1.126,2
data/piano_phase1/G#5/G#5_v60_staccato_noped_t2.wav,G#5,80,60,staccato,0,0.707,2
data/piano_phase1/G#5/G#5_v60_portato_noped_t2.wav,G#5,80,60,portato,0,1.107,2
data/piano_phase1/G#5/G#5_v90_legato_ped_t2.wav,G#5,80,90,legato,1,2.254,2
data/piano_phase1/G#5/G#5_v30_staccato_ped_t2.wav,G#5,80,30,staccato,1,0.716,2
data/piano_phase1/A5/A5_v30_legato_noped_t2.wav,A5,81,30,legato,0,2.281,2
data/piano_phase1/A5/A5_v110_portato_noped_t2.wav,A5,81,110,portato,0,1.103,2
data/piano_phase1/A5/A5_v110_legato_noped_t1.wav,A5,81,110,legato,0,2.225,1
data/piano_phase1/A5/A5_v60_legato_noped_t2.wav,A5,81,60,legato,0,2.231,2
data/piano_phase1/A5/A5_v60_legato_ped_t2.wav,A5,81,60,legato,1,2.231,2
data/piano_phase1/A5/A5_v90_staccato_noped_t2.wav,A5,81,90,staccato,0,0.693,2
data/piano_phase1/A5/A5_v90_staccato_ped_t1.wav,A5,81,90,staccato,1,0.693,1
data/piano_phase1/A5/A5_v110_legato_noped_t2.wav,A5,81,110,legato,0,2.225,2
data/piano_phase1/A5/A5_v60_staccato_ped_t2.wav,A5,81,60,staccato,1,0.699,2
data/piano_phase1/A5/A5_v60_portato_ped_t1.wav,A5,81,60,portato,1,1.108,1
data/piano_phase1/A5/A5_v60_sustain_ped_t1.wav,A5,81,60,sustain,1,1.724,1
data/piano_phase1/A5/A5_v110_sustain_ped_t1.wav,A5,81,110,sustain,1,1.733,1
data/piano_phase1/A5/A5_v60_legato_ped_t1.wav,A5,81,60,legato,1,2.231,1
data/piano_phase1/A5/A5_v30_portato_ped_t1.wav,A5,81,30,portato,1,1.122,1
data/piano_phase1/A5/A5_v60_portato_noped_t2.wav,A5,81,60,portato,0,1.108,2
data/piano_phase1/A5/A5_v110_legato_ped_t1.wav,A5,81,110,legato,1,2.225,1
data/piano_phase1/A5/A5_v30_portato_noped_t2.wav,A5,81,30,portato,0,1.122,2
data/piano_phase1/A5/A5_v30_staccato_noped_t1.wav,A5,81,30,staccato,0,0.713,1
data/piano_phase1/A5/A5_v110_sustain_noped_t2.wav,A5,81,110,sustain,0,1.733,2
data/piano_phase1/A5/A5_v30_portato_ped_t2.wav,A5,81,30,portato,1,1.122,2
data/piano_phase1/A5/A5_v90_sustain_noped_t2.wav,A5,81,90,sustain,0,1.734,2
data/piano_phase1/A5/A5_v60_portato_noped_t1.wav,A5,81,60,portato,0,1.108,1
data/piano_phase1/A5/A5_v110_staccato_noped_t1.wav,A5,81,110,staccato,0,0.689,1
data/piano_phase1/A5/A5_v30_legato_noped_t1.wav,A5,81,30,legato,0,2.281,1
data/piano_phase1/A5/A5_v30_sustain_ped_t2.wav,A5,81,30,sustain,1,1.736,2
data/piano_phase1/A5/A5_v60_staccato_noped_t1.wav,A5,81,60,staccato,0,0.699,1
data/piano_phase1/A5/A5_v110_portato_ped_t1.wav,A5,81,110,portato,1,1.103,1
data/piano_phase1/A5/A5_v60_staccato_ped_t1.wav,A5,81,60,staccato,1,0.699,1
data/piano_phase1/A5/A5_v90_staccato_ped_t2.wav,A5,81,90,staccato,1,0.693,2
data/piano_phase1/A5/A5_v90_portato_noped_t1.wav,A5,81,90,portato,0,1.104,1
data/piano_phase1/A5/A5_v30_legato_ped_t1.wav,A5,81,30,legato,1,2.281,1
data/piano_phase1/A5/A5_v110_staccato_ped_t2.wav,A5,81,110,staccato,1,0.689,2
data/piano_phase1/A5/A5_v90_portato_noped_t2.wav,A5,81,90,portato,0,1.104,2
data/piano_phase1/A5/A5_v90_legato_noped_t1.wav,A5,81,90,legato,0,2.226,1
data/piano_phase1/A5/A5_v90_legato_ped_t1.wav,A5,81,90,legato,1,2.226,1
data/piano_phase1/A5/A5_v110_portato_ped_t2.wav,A5,81,110,portato,1,1.103,2
data/piano_phase1/A5/A5_v60_sustain_noped_t1.wav,A5,81,60,sustain,0,1.724,1
data/piano_phase1/A5/A5_v110_legato_ped_t2.wav,A5,81,110,legato,1,2.225,2
data/piano_phase1/A5/A5_v110_portato_noped_t1.wav,A5,81,110,portato,0,1.103,1
data/piano_phase1/A5/A5_v30_legato_ped_t2.wav,A5,81,30,legato,1,2.281,2
data/piano_phase1/A5/A5_v110_sustain_noped_t1.wav,A5,81,110,sustain,0,1.733,1
data/piano_phase1/A5/A5_v30_sustain_noped_t1.wav,A5,81,30,sustain,0,1.736,1
data/piano_phase1/A5/A5_v30_staccato_ped_t1.wav,A5,81,30,staccato,1,0.713,1
data/piano_phase1/A5/A5_v60_legato_noped_t1.wav,A5,81,60,legato,0,2.231,1
data/piano_phase1/A#5/A#5_v110_portato_noped_t1.wav,A#5,82,110,portato,0,1.096,1
data/piano_phase1/A#5/A#5_v30_staccato_ped_t2.wav,A#5,82,30,staccato,1,0.703,2
data/piano_phase1/A#5/A#5_v30_staccato_noped_t1.wav,A#5,82,30,staccato,0,0.703,1
data/piano_phase1/A#5/A#5_v90_legato_ped_t1.wav,A#5,82,90,legato,1,2.185,1
data/piano_phase1/A#5/A#5_v90_legato_ped_t2.wav,A#5,82,90,legato,1,2.185,2
data/piano_phase1/A#5/A#5_v110_portato_noped_t2.wav,A#5,82,110,portato,0,1.096,2
data/piano_phase1/A#5/A#5_v30_portato_ped_t1.wav,A#5,82,30,portato,1,1.107,1
data/piano_phase1/A#5/A#5_v110_sustain_ped_t1.wav,A#5,82,110,sustain,1,1.696,1
data/piano_phase1/A#5/A#5_v110_legato_noped_t1.wav,A#5,82,110,legato,0,2.186,1
data/piano_phase1/A#5/A#5_v90_portato_noped_t1.wav,A#5,82,90,portato,0,1.103,1
data/piano_phase1/A#5/A#5_v60_legato_ped_t1.wav,A#5,82,60,legato,1,2.191,1
data/piano_phase1/A#5/A#5_v110_sustain_noped_t1.wav,A#5,82,110,sustain,0,1.696,1
data/piano_phase1/A#5/A#5_v90_portato_ped_t1.wav,A#5,82,90,portato,1,1.103,1
data/piano_phase1/A#5/A#5_v90_staccato_noped_t2.wav,A#5,82,90,staccato,0,0.684,2
data/piano_phase1/A#5/A#5_v60_portato_noped_t2.wav,A#5,82,60,portato,0,1.102,2
data/piano_phase1/A#5/A#5_v90_legato_noped_t1.wav,A#5,82,90,legato,0,2.185,1
data/piano_phase1/A#5/A#5_v60_sustain_ped_t2.wav,A#5,82,60,sustain,1,1.686,2
data/piano_phase1/A#5/A#5_v60_sustain_noped_t1.wav,A#5,82,60,sustain,0,1.686,1
data/piano_phase1/A#5/A#5_v60_sustain_ped_t1.wav,A#5,82,60,sustain,1,1.686,1
data/piano_phase1/A#5/A#5_v30_legato_noped_t2.wav,A#5,82,30,legato,0,2.251,2
data/piano_phase1/A#5/A#5_v60_staccato_noped_t1.wav,A#5,82,60,staccato,0,0.691,1
data/piano_phase1/A#5/A#5_v110_staccato_noped_t1.wav,A#5,82,110,staccato,0,0.683,1
data/piano_phase1/A#5/A#5_v90_portato_noped_t2.wav,A#5,82,90,portato,0,1.103,2
data/piano_phase1/A#5/A#5_v110_legato_ped_t2.wav,A#5,82,110,legato,1,2.186,2
data/piano_phase1/A#5/A#5_v60_legato_noped_t2.wav,A#5,82,60,legato,0,2.191,2
data/piano_phase1/A#5/A#5_v30_staccato_ped_t1.wav,A#5,82,30,staccato,1,0.703,1
data/piano_phase1/A#5/A#5_v110_staccato_ped_t1.wav,A#5,82,110,staccato,1,0.683,1
data/piano_phase1/A#5/A#5_v110_staccato_noped_t2.wav,A#5,82,110,staccato,0,0.683,2
data/piano_phase1/A#5/A#5_v60_staccato_noped_t2.wav,A#5,82,60,staccato,0,0.691,2
data/piano_phase1/A#5/A#5_v60_sustain_noped_t2.wav,A#5,82,60,sustain,0,1.686,2
data/piano_phase1/A#5/A#5_v90_portato_ped_t2.wav,A#5,82,90,portato,1,1.103,2
data/piano_phase1/A#5/A#5_v110_portato_ped_t2.wav,A#5,82,110,portato,1,1.096,2
data/piano_phase1/A#5/A#5_v90_sustain_noped_t2.wav,A#5,82,90,sustain,0,1.692,2
data/piano_phase1/A#5/A#5_v30_staccato_noped_t2.wav,A#5,82,30,staccato,0,0.703,2
data/piano_phase1/A#5/A#5_v60_legato_ped_t2.wav,A#5,82,60,legato,1,2.191,2
data/piano_phase1/A#5/A#5_v30_legato_ped_t2.wav,A#5,82,30,legato,1,2.251,2
data/piano_phase1/A#5/A#5_v30_sustain_noped_t1.wav,A#5,82,30,sustain,0,1.75,1
data/piano_phase1/A#5/A#5_v30_legato_noped_t1.wav,A#5,82,30,legato,0,2.251,1
data/piano_phase1/A#5/A#5_v30_portato_ped_t2.wav,A#5,82,30,portato,1,1.107,2
data/piano_phase1/A#5/A#5_v30_legato_ped_t1.wav,A#5,82,30,legato,1,2.251,1
data/piano_phase1/A#5/A#5_v90_staccato_noped_t1.wav,A#5,82,90,staccato,0,0.684,1
data/piano_phase1/A#5/A#5_v60_portato_ped_t2.wav,A#5,82,60,portato,1,1.102,2
data/piano_phase1/A#5/A#5_v110_legato_noped_t2.wav,A#5,82,110,legato,0,2.186,2
data/piano_phase1/A#5/A#5_v90_sustain_noped_t1.wav,A#5,82,90,sustain,0,1.692,1
data/piano_phase1/B5/B5_v30_sustain_ped_t2.wav,B5,83,30,sustain,1,1.787,2
data/piano_phase1/B5/B5_v60_legato_ped_t1.wav,B5,83,60,legato,1,2.218,1
data/piano_phase1/B5/B5_v110_portato_noped_t1.wav,B5,83,110,portato,0,1.067,1
data/piano_phase1/B5/B5_v110_staccato_ped_t2.wav,B5,83,110,staccato,1,0.591,2
data/piano_phase1/B5/B5_v60_sustain_noped_t2.wav,B5,83,60,sustain,0,1.72,2
data/piano_phase1/B5/B5_v60_sustain_ped_t2.wav,B5,83,60,sustain,1,1.72,2
data/piano_phase1/B5/B5_v90_portato_ped_t1.wav,B5,83,90,portato,1,1.048,1
data/piano_phase1/B5/B5_v60_legato_noped_t2.wav,B5,83,60,legato,0,2.218,2
data/piano_phase1/B5/B5_v110_legato_ped_t1.wav,B5,83,110,legato,1,2.228,1
data/piano_phase1/B5/B5_v30_portato_noped_t1.wav,B5,83,30,portato,0,1.102,1
data/piano_phase1/B5/B5_v60_portato_ped_t2.wav,B5,83,60,portato,1,1.066,2
data/piano_phase1/B5/B5_v90_sustain_ped_t1.wav,B5,83,90,sustain,1,1.677,1
data/piano_phase1/B5/B5_v90_legato_ped_t2.wav,B5,83,90,legato,1,2.153,2
data/piano_phase1/B5/B5_v30_staccato_ped_t2.wav,B5,83,30,staccato,1,0.65,2
data/piano_phase1/B5/B5_v110_legato_noped_t2.wav,B5,83,110,legato,0,2.228,2
data/piano_phase1/B5/B5_v110_staccato_noped_t1.wav,B5,83,110,staccato,0,0.591,1
data/piano_phase1/B5/B5_v110_portato_ped_t1.wav,B5,83,110,portato,1,1.067,1
data/piano_phase1/B5/B5_v90_legato_noped_t1.wav,B5,83,90,legato,0,2.153,1
data/piano_phase1/B5/B5_v30_legato_ped_t2.wav,B5,83,30,legato,1,2.282,2
data/piano_phase1/B5/B5_v30_staccato_noped_t1.wav,B5,83,30,staccato,0,0.65,1
data/piano_phase1/B5/B5_v90_sustain_noped_t2.wav,B5,83,90,sustain,0,1.677,2
data/piano_phase1/B5/B5_v30_legato_noped_t2.wav,B5,83,30,legato,0,2.282,2
data/piano_phase1/B5/B5_v60_sustain_ped_t1.wav,B5,83,60,sustain,1,1.72,1
data/piano_phase1/B5/B5_v30_portato_ped_t1.wav,B5,83,30,portato,1,1.102,1
data/piano_phase1/B5/B5_v60_legato_noped_t1.wav,B5,83,60,legato,0,2.218,1
data/piano_phase1/B5/B5_v90_sustain_ped_t2.wav,B5,83,90,sustain,1,1.677,2
data/piano_phase1/B5/B5_v110_staccato_ped_t1.wav,B5,83,110,staccato,1,0.591,1
data/piano_phase1/B5/B5_v60_sustain_noped_t1.wav,B5,83,60,sustain,0,1.72,1
data/piano_phase1/B5/B5_v110_portato_ped_t2.wav,B5,83,110,portato,1,1.067,2
data/piano_phase1/B5/B5_v60_legato_ped_t2.wav,B5,83,60,legato,1,2.218,2
data/piano_phase1/B5/B5_v90_portato_noped_t2.wav,B5,83,90,portato,0,1.048,2
data/piano_phase1/B5/B5_v30_staccato_noped_t2.wav,B5,83,30,staccato,0,0.65,2
data/piano_phase1/B5/B5_v30_staccato_ped_t1.wav,B5,83,30,staccato,1,0.65,1
data/piano_phase1/B5/B5_v60_portato_noped_t2.wav,B5,83,60,portato,0,1.066,2
data/piano_phase1/B5/B5_v90_portato_noped_t1.wav,B5,83,90,portato,0,1.048,1
data/piano_phase1/B5/B5_v110_sustain_ped_t2.wav,B5,83,110,sustain,1,1.695,2
data/piano_phase1/B5/B5_v110_sustain_noped_t1.wav,B5,83,110,sustain,0,1.695,1
data/piano_phase1/B5/B5_v90_staccato_noped_t1.wav,B5,83,90,staccato,0,0.585,1
data/piano_phase1/B5/B5_v110_staccato_noped_t2.wav,B5,83,110,staccato,0,0.591,2
data/piano_phase1/B5/B5_v90_staccato_ped_t1.wav,B5,83,90,staccato,1,0.585,1
data/piano_phase1/B5/B5_v90_portato_ped_t2.wav,B5,83,90,portato,1,1.048,2
data/piano_phase1/B5/B5_v110_sustain_ped_t1.wav,B5,83,110,sustain,1,1.695,1
data/piano_phase1/B5/B5_v90_legato_ped_t1.wav,B5,83,90,legato,1,2.153,1
data/piano_phase1/B5/B5_v30_sustain_noped_t1.wav,B5,83,30,sustain,0,1.787,1
data/piano_phase1/C6/C6_v110_legato_ped_t1.wav,C6,84,110,legato,1,2.205,1
data/piano_phase1/C6/C6_v110_sustain_noped_t1.wav,C6,84,110,sustain,0,1.75,1
data/piano_phase1/C6/C6_v30_staccato_noped_t2.wav,C6,84,30,staccato,0,0.652,2
data/piano_phase1/C6/C6_v30_portato_noped_t1.wav,C6,84,30,portato,0,1.081,1
data/piano_phase1/C6/C6_v60_legato_ped_t1.wav,C6,84,60,legato,1,2.242,1
data/piano_phase1/C6/C6_v90_sustain_noped_t2.wav,C6,84,90,sustain,0,1.659,2
data/piano_phase1/C6/C6_v30_legato_noped_t1.wav,C6,84,30,legato,0,2.276,1
data/piano_phase1/C6/C6_v110_legato_noped_t2.wav,C6,84,110,legato,0,2.205,2
data/piano_phase1/C6/C6_v60_sustain_ped_t2.wav,C6,84,60,sustain,1,1.726,2
data/piano_phase1/C6/C6_v90_sustain_noped_t1.wav,C6,84,90,sustain,0,1.659,1
data/piano_phase1/C6/C6_v30_sustain_ped_t2.wav,C6,84,30,sustain,1,1.799,2
data/piano_phase1/C6/C6_v90_portato_noped_t1.wav,C6,84,90,portato,0,1.033,1
data/piano_phase1/C6/C6_v90_sustain_ped_t1.wav,C6,84,90,sustain,1,1.659,1
data/piano_phase1/C6/C6_v110_staccato_ped_t2.wav,C6,84,110,staccato,1,0.589,2
data/piano_phase1/C6/C6_v110_portato_noped_t1.wav,C6,84,110,portato,0,1.037,1
data/piano_phase1/C6/C6_v30_staccato_ped_t1.wav,C6,84,30,staccato,1,0.652,1
data/piano_phase1/C6/C6_v30_staccato_noped_t1.wav,C6,84,30,staccato,0,0.652,1
data/piano_phase1/C6/C6_v60_staccato_ped_t2.wav,C6,84,60,staccato,1,0.639,2
data/piano_phase1/C6/C6_v110_legato_noped_t1.wav,C6,84,110,legato,0,2.205,1
data/piano_phase1/C6/C6_v110_portato_noped_t2.wav,C6,84,110,portato,0,1.037,2
data/piano_phase1/C6/C6_v30_legato_ped_t1.wav,C6,84,30,legato,1,2.276,1
data/piano_phase1/C6/C6_v60_staccato_noped_t1.wav,C6,84,60,staccato,0,0.639,1
data/piano_phase1/C6/C6_v110_staccato_ped_t1.wav,C6,84,110,staccato,1,0.589,1
data/piano_phase1/C6/C6_v30_portato_noped_t2.wav,C6,84,30,portato,0,1.081,2
data/piano_phase1/C6/C6_v90_staccato_ped_t1.wav,C6,84,90,staccato,1,0.589,1
data/piano_phase1/C6/C6_v90_portato_noped_t2.wav,C6,84,90,portato,0,1.033,2
data/piano_phase1/C6/C6_v90_sustain_ped_t2.wav,C6,84,90,sustain,1,1.659,2
data/piano_phase1/C6/C6_v110_staccato_noped_t2.wav,C6,84,110,staccato,0,0.589,2
data/piano_phase1/C6/C6_v90_legato_ped_t2.wav,C6,84,90,legato,1,2.188,2
data/piano_phase1/C6/C6_v60_legato_ped_t2.wav,C6,84,60,legato,1,2.242,2
data/piano_phase1/C6/C6_v90_staccato_noped_t2.wav,C6,84,90,staccato,0,0.589,2
data/piano_phase1/C6/C6_v30_sustain_ped_t1.wav,C6,84,30,sustain,1,1.799,1
data/piano_phase1/C6/C6_v90_portato_ped_t2.wav,C6,84,90,portato,1,1.033,2
data/piano_phase1/C6/C6_v60_sustain_ped_t1.wav,C6,84,60,sustain,1,1.726,1
data/piano_phase1/C6/C6_v60_sustain_noped_t1.wav,C6,84,60,sustain,0,1.726,1
data/piano_phase1/C6/C6_v60_staccato_ped_t1.wav,C6,84,60,staccato,1,0.639,1
data/piano_phase1/C6/C6_v30_staccato_ped_t2.wav,C6,84,30,staccato,1,0.652,2
data/piano_phase1/C6/C6_v110_portato_ped_t1.wav,C6,84,110,portato,1,1.037,1
data/piano_phase1/C6/C6_v110_legato_ped_t2.wav,C6,84,110,legato,1,2.205,2
data/piano_phase1/C6/C6_v90_legato_noped_t1.wav,C6,84,90,legato,0,2.188,1
data/piano_phase1/C6/C6_v60_legato_noped_t1.wav,C6,84,60,legato,0,2.242,1
data/piano_phase1/C6/C6_v60_staccato_noped_t2.wav,C6,84,60,staccato,0,0.639,2
data/piano_phase1/C6/C6_v30_portato_ped_t2.wav,C6,84,30,portato,1,1.081,2
data/piano_phase1/C6/C6_v60_legato_noped_t2.wav,C6,84,60,legato,0,2.242,2
