filepath,instrument,note,midi,velocity,articulation,pedal,seconds,fs,bits,peak_dbfs,source,soundfont
data/piano_A/A0/A0_v30_staccato_noped_01.wav,piano_A,A0,21,30,staccato,0,0.8,44100,16,-2.66,synth_sf2,piano.sf2
data/piano_A/A0/A0_v30_staccato_ped_01.wav,piano_A,A0,21,30,staccato,1,0.8,44100,16,-2.66,synth_sf2,piano.sf2
data/piano_A/A0/A0_v30_sustain_noped_01.wav,piano_A,A0,21,30,sustain,0,2.0,44100,16,-2.66,synth_sf2,piano.sf2
data/piano_A/A0/A0_v30_sustain_ped_01.wav,piano_A,A0,21,30,sustain,1,2.0,44100,16,-2.66,synth_sf2,piano.sf2
data/piano_A/A0/A0_v60_staccato_noped_01.wav,piano_A,A0,21,60,staccato,0,0.8,44100,16,-3.41,synth_sf2,piano.sf2
data/piano_A/A0/A0_v60_staccato_ped_01.wav,piano_A,A0,21,60,staccato,1,0.8,44100,16,-3.41,synth_sf2,piano.sf2
data/piano_A/A0/A0_v60_sustain_noped_01.wav,piano_A,A0,21,60,sustain,0,2.0,44100,16,-3.41,synth_sf2,piano.sf2
data/piano_A/A0/A0_v60_sustain_ped_01.wav,piano_A,A0,21,60,sustain,1,2.0,44100,16,-3.41,synth_sf2,piano.sf2
data/piano_A/A0/A0_v90_staccato_noped_01.wav,piano_A,A0,21,90,staccato,0,0.8,44100,16,-3.09,synth_sf2,piano.sf2
data/piano_A/A0/A0_v90_staccato_ped_01.wav,piano_A,A0,21,90,staccato,1,0.8,44100,16,-3.09,synth_sf2,piano.sf2
data/piano_A/A0/A0_v90_sustain_noped_01.wav,piano_A,A0,21,90,sustain,0,2.0,44100,16,-3.09,synth_sf2,piano.sf2
data/piano_A/A0/A0_v90_sustain_ped_01.wav,piano_A,A0,21,90,sustain,1,2.0,44100,16,-3.09,synth_sf2,piano.sf2
data/piano_A/A0/A0_v110_staccato_noped_01.wav,piano_A,A0,21,110,staccato,0,0.8,44100,16,-3.27,synth_sf2,piano.sf2
data/piano_A/A0/A0_v110_staccato_ped_01.wav,piano_A,A0,21,110,staccato,1,0.8,44100,16,-3.27,synth_sf2,piano.sf2
data/piano_A/A0/A0_v110_sustain_noped_01.wav,piano_A,A0,21,110,sustain,0,2.0,44100,16,-3.27,synth_sf2,piano.sf2
data/piano_A/A0/A0_v110_sustain_ped_01.wav,piano_A,A0,21,110,sustain,1,2.0,44100,16,-3.27,synth_sf2,piano.sf2
data/piano_A/A#0/A#0_v30_staccato_noped_01.wav,piano_A,A#0,22,30,staccato,0,0.8,44100,16,-2.65,synth_sf2,piano.sf2
data/piano_A/A#0/A#0_v30_staccato_ped_01.wav,piano_A,A#0,22,30,staccato,1,0.8,44100,16,-2.65,synth_sf2,piano.sf2
data/piano_A/A#0/A#0_v30_sustain_noped_01.wav,piano_A,A#0,22,30,sustain,0,2.0,44100,16,-2.65,synth_sf2,piano.sf2
data/piano_A/A#0/A#0_v30_sustain_ped_01.wav,piano_A,A#0,22,30,sustain,1,2.0,44100,16,-2.65,synth_sf2,piano.sf2
data/piano_A/A#0/A#0_v60_staccato_noped_01.wav,piano_A,A#0,22,60,staccato,0,0.8,44100,16,-3.41,synth_sf2,piano.sf2
data/piano_A/A#0/A#0_v60_staccato_ped_01.wav,piano_A,A#0,22,60,staccato,1,0.8,44100,16,-3.41,synth_sf2,piano.sf2
data/piano_A/A#0/A#0_v60_sustain_noped_01.wav,piano_A,A#0,22,60,sustain,0,2.0,44100,16,-3.41,synth_sf2,piano.sf2
data/piano_A/A#0/A#0_v60_sustain_ped_01.wav,piano_A,A#0,22,60,sustain,1,2.0,44100,16,-3.41,synth_sf2,piano.sf2
data/piano_A/A#0/A#0_v90_staccato_noped_01.wav,piano_A,A#0,22,90,staccato,0,0.8,44100,16,-3.09,synth_sf2,piano.sf2
data/piano_A/A#0/A#0_v90_staccato_ped_01.wav,piano_A,A#0,22,90,staccato,1,0.8,44100,16,-3.09,synth_sf2,piano.sf2
data/piano_A/A#0/A#0_v90_sustain_noped_01.wav,piano_A,A#0,22,90,sustain,0,2.0,44100,16,-3.09,synth_sf2,piano.sf2
data/piano_A/A#0/A#0_v90_sustain_ped_01.wav,piano_A,A#0,22,90,sustain,1,2.0,44100,16,-3.09,synth_sf2,piano.sf2
data/piano_A/A#0/A#0_v110_staccato_noped_01.wav,piano_A,A#0,22,110,staccato,0,0.8,44100,16,-3.27,synth_sf2,piano.sf2
data/piano_A/A#0/A#0_v110_staccato_ped_01.wav,piano_A,A#0,22,110,staccato,1,0.8,44100,16,-3.27,synth_sf2,piano.sf2
data/piano_A/A#0/A#0_v110_sustain_noped_01.wav,piano_A,A#0,22,110,sustain,0,2.0,44100,16,-3.27,synth_sf2,piano.sf2
data/piano_A/A#0/A#0_v110_sustain_ped_01.wav,piano_A,A#0,22,110,sustain,1,2.0,44100,16,-3.27,synth_sf2,piano.sf2
data/piano_A/B0/B0_v30_staccato_noped_01.wav,piano_A,B0,23,30,staccato,0,0.8,44100,16,-4.15,synth_sf2,piano.sf2
data/piano_A/B0/B0_v30_staccato_ped_01.wav,piano_A,B0,23,30,staccato,1,0.8,44100,16,-4.15,synth_sf2,piano.sf2
data/piano_A/B0/B0_v30_sustain_noped_01.wav,piano_A,B0,23,30,sustain,0,2.0,44100,16,-4.15,synth_sf2,piano.sf2
data/piano_A/B0/B0_v30_sustain_ped_01.wav,piano_A,B0,23,30,sustain,1,2.0,44100,16,-4.15,synth_sf2,piano.sf2
data/piano_A/B0/B0_v60_staccato_noped_01.wav,piano_A,B0,23,60,staccato,0,0.8,44100,16,-4.36,synth_sf2,piano.sf2
data/piano_A/B0/B0_v60_staccato_ped_01.wav,piano_A,B0,23,60,staccato,1,0.8,44100,16,-4.36,synth_sf2,piano.sf2
data/piano_A/B0/B0_v60_sustain_noped_01.wav,piano_A,B0,23,60,sustain,0,2.0,44100,16,-4.36,synth_sf2,piano.sf2
data/piano_A/B0/B0_v60_sustain_ped_01.wav,piano_A,B0,23,60,sustain,1,2.0,44100,16,-4.36,synth_sf2,piano.sf2
data/piano_A/B0/B0_v90_staccato_noped_01.wav,piano_A,B0,23,90,staccato,0,0.8,44100,16,-4.57,synth_sf2,piano.sf2
data/piano_A/B0/B0_v90_staccato_ped_01.wav,piano_A,B0,23,90,staccato,1,0.8,44100,16,-4.57,synth_sf2,piano.sf2
data/piano_A/B0/B0_v90_sustain_noped_01.wav,piano_A,B0,23,90,sustain,0,2.0,44100,16,-4.57,synth_sf2,piano.sf2
data/piano_A/B0/B0_v90_sustain_ped_01.wav,piano_A,B0,23,90,sustain,1,2.0,44100,16,-4.57,synth_sf2,piano.sf2
data/piano_A/B0/B0_v110_staccato_noped_01.wav,piano_A,B0,23,110,staccato,0,0.8,44100,16,-4.9,synth_sf2,piano.sf2
data/piano_A/B0/B0_v110_staccato_ped_01.wav,piano_A,B0,23,110,staccato,1,0.8,44100,16,-4.9,synth_sf2,piano.sf2
data/piano_A/B0/B0_v110_sustain_noped_01.wav,piano_A,B0,23,110,sustain,0,2.0,44100,16,-4.9,synth_sf2,piano.sf2
data/piano_A/B0/B0_v110_sustain_ped_01.wav,piano_A,B0,23,110,sustain,1,2.0,44100,16,-4.9,synth_sf2,piano.sf2
data/piano_A/C1/C1_v30_staccato_noped_01.wav,piano_A,C1,24,30,staccato,0,0.8,44100,16,-4.16,synth_sf2,piano.sf2
data/piano_A/C1/C1_v30_staccato_ped_01.wav,piano_A,C1,24,30,staccato,1,0.8,44100,16,-4.16,synth_sf2,piano.sf2
data/piano_A/C1/C1_v30_sustain_noped_01.wav,piano_A,C1,24,30,sustain,0,2.0,44100,16,-4.16,synth_sf2,piano.sf2
data/piano_A/C1/C1_v30_sustain_ped_01.wav,piano_A,C1,24,30,sustain,1,2.0,44100,16,-4.16,synth_sf2,piano.sf2
data/piano_A/C1/C1_v60_staccato_noped_01.wav,piano_A,C1,24,60,staccato,0,0.8,44100,16,-4.36,synth_sf2,piano.sf2
data/piano_A/C1/C1_v60_staccato_ped_01.wav,piano_A,C1,24,60,staccato,1,0.8,44100,16,-4.36,synth_sf2,piano.sf2
data/piano_A/C1/C1_v60_sustain_noped_01.wav,piano_A,C1,24,60,sustain,0,2.0,44100,16,-4.36,synth_sf2,piano.sf2
data/piano_A/C1/C1_v60_sustain_ped_01.wav,piano_A,C1,24,60,sustain,1,2.0,44100,16,-4.36,synth_sf2,piano.sf2
data/piano_A/C1/C1_v90_staccato_noped_01.wav,piano_A,C1,24,90,staccato,0,0.8,44100,16,-4.57,synth_sf2,piano.sf2
data/piano_A/C1/C1_v90_staccato_ped_01.wav,piano_A,C1,24,90,staccato,1,0.8,44100,16,-4.57,synth_sf2,piano.sf2
data/piano_A/C1/C1_v90_sustain_noped_01.wav,piano_A,C1,24,90,sustain,0,2.0,44100,16,-4.57,synth_sf2,piano.sf2
data/piano_A/C1/C1_v90_sustain_ped_01.wav,piano_A,C1,24,90,sustain,1,2.0,44100,16,-4.57,synth_sf2,piano.sf2
data/piano_A/C1/C1_v110_staccato_noped_01.wav,piano_A,C1,24,110,staccato,0,0.8,44100,16,-4.9,synth_sf2,piano.sf2
data/piano_A/C1/C1_v110_staccato_ped_01.wav,piano_A,C1,24,110,staccato,1,0.8,44100,16,-4.9,synth_sf2,piano.sf2
data/piano_A/C1/C1_v110_sustain_noped_01.wav,piano_A,C1,24,110,sustain,0,2.0,44100,16,-4.9,synth_sf2,piano.sf2
data/piano_A/C1/C1_v110_sustain_ped_01.wav,piano_A,C1,24,110,sustain,1,2.0,44100,16,-4.9,synth_sf2,piano.sf2
data/piano_A/C#1/C#1_v30_staccato_noped_01.wav,piano_A,C#1,25,30,staccato,0,0.8,44100,16,-4.15,synth_sf2,piano.sf2
data/piano_A/C#1/C#1_v30_staccato_ped_01.wav,piano_A,C#1,25,30,staccato,1,0.8,44100,16,-4.15,synth_sf2,piano.sf2
data/piano_A/C#1/C#1_v30_sustain_noped_01.wav,piano_A,C#1,25,30,sustain,0,2.0,44100,16,-4.15,synth_sf2,piano.sf2
data/piano_A/C#1/C#1_v30_sustain_ped_01.wav,piano_A,C#1,25,30,sustain,1,2.0,44100,16,-4.15,synth_sf2,piano.sf2
data/piano_A/C#1/C#1_v60_staccato_noped_01.wav,piano_A,C#1,25,60,staccato,0,0.8,44100,16,-4.36,synth_sf2,piano.sf2
data/piano_A/C#1/C#1_v60_staccato_ped_01.wav,piano_A,C#1,25,60,staccato,1,0.8,44100,16,-4.36,synth_sf2,piano.sf2
data/piano_A/C#1/C#1_v60_sustain_noped_01.wav,piano_A,C#1,25,60,sustain,0,2.0,44100,16,-4.36,synth_sf2,piano.sf2
data/piano_A/C#1/C#1_v60_sustain_ped_01.wav,piano_A,C#1,25,60,sustain,1,2.0,44100,16,-4.36,synth_sf2,piano.sf2
data/piano_A/C#1/C#1_v90_staccato_noped_01.wav,piano_A,C#1,25,90,staccato,0,0.8,44100,16,-4.57,synth_sf2,piano.sf2
data/piano_A/C#1/C#1_v90_staccato_ped_01.wav,piano_A,C#1,25,90,staccato,1,0.8,44100,16,-4.57,synth_sf2,piano.sf2
data/piano_A/C#1/C#1_v90_sustain_noped_01.wav,piano_A,C#1,25,90,sustain,0,2.0,44100,16,-4.57,synth_sf2,piano.sf2
data/piano_A/C#1/C#1_v90_sustain_ped_01.wav,piano_A,C#1,25,90,sustain,1,2.0,44100,16,-4.57,synth_sf2,piano.sf2
data/piano_A/C#1/C#1_v110_staccato_noped_01.wav,piano_A,C#1,25,110,staccato,0,0.8,44100,16,-4.9,synth_sf2,piano.sf2
data/piano_A/C#1/C#1_v110_staccato_ped_01.wav,piano_A,C#1,25,110,staccato,1,0.8,44100,16,-4.9,synth_sf2,piano.sf2
data/piano_A/C#1/C#1_v110_sustain_noped_01.wav,piano_A,C#1,25,110,sustain,0,2.0,44100,16,-4.9,synth_sf2,piano.sf2
data/piano_A/C#1/C#1_v110_sustain_ped_01.wav,piano_A,C#1,25,110,sustain,1,2.0,44100,16,-4.9,synth_sf2,piano.sf2
data/piano_A/D1/D1_v30_staccato_noped_01.wav,piano_A,D1,26,30,staccato,0,0.8,44100,16,-4.78,synth_sf2,piano.sf2
data/piano_A/D1/D1_v30_staccato_ped_01.wav,piano_A,D1,26,30,staccato,1,0.8,44100,16,-4.78,synth_sf2,piano.sf2
data/piano_A/D1/D1_v30_sustain_noped_01.wav,piano_A,D1,26,30,sustain,0,2.0,44100,16,-4.78,synth_sf2,piano.sf2
data/piano_A/D1/D1_v30_sustain_ped_01.wav,piano_A,D1,26,30,sustain,1,2.0,44100,16,-4.78,synth_sf2,piano.sf2
data/piano_A/D1/D1_v60_staccato_noped_01.wav,piano_A,D1,26,60,staccato,0,0.8,44100,16,-3.85,synth_sf2,piano.sf2
data/piano_A/D1/D1_v60_staccato_ped_01.wav,piano_A,D1,26,60,staccato,1,0.8,44100,16,-3.85,synth_sf2,piano.sf2
data/piano_A/D1/D1_v60_sustain_noped_01.wav,piano_A,D1,26,60,sustain,0,2.0,44100,16,-3.85,synth_sf2,piano.sf2
data/piano_A/D1/D1_v60_sustain_ped_01.wav,piano_A,D1,26,60,sustain,1,2.0,44100,16,-3.85,synth_sf2,piano.sf2
data/piano_A/D1/D1_v90_staccato_noped_01.wav,piano_A,D1,26,90,staccato,0,0.8,44100,16,-4.09,synth_sf2,piano.sf2
data/piano_A/D1/D1_v90_staccato_ped_01.wav,piano_A,D1,26,90,staccato,1,0.8,44100,16,-4.09,synth_sf2,piano.sf2
data/piano_A/D1/D1_v90_sustain_noped_01.wav,piano_A,D1,26,90,sustain,0,2.0,44100,16,-4.09,synth_sf2,piano.sf2
data/piano_A/D1/D1_v90_sustain_ped_01.wav,piano_A,D1,26,90,sustain,1,2.0,44100,16,-4.09,synth_sf2,piano.sf2
data/piano_A/D1/D1_v110_staccato_noped_01.wav,piano_A,D1,26,110,staccato,0,0.8,44100,16,-4.14,synth_sf2,piano.sf2
data/piano_A/D1/D1_v110_staccato_ped_01.wav,piano_A,D1,26,110,staccato,1,0.8,44100,16,-4.14,synth_sf2,piano.sf2
data/piano_A/D1/D1_v110_sustain_noped_01.wav,piano_A,D1,26,110,sustain,0,2.0,44100,16,-4.14,synth_sf2,piano.sf2
data/piano_A/D1/D1_v110_sustain_ped_01.wav,piano_A,D1,26,110,sustain,1,2.0,44100,16,-4.14,synth_sf2,piano.sf2
data/piano_A/D#1/D#1_v30_staccato_noped_01.wav,piano_A,D#1,27,30,staccato,0,0.8,44100,16,-4.78,synth_sf2,piano.sf2
data/piano_A/D#1/D#1_v30_staccato_ped_01.wav,piano_A,D#1,27,30,staccato,1,0.8,44100,16,-4.78,synth_sf2,piano.sf2
data/piano_A/D#1/D#1_v30_sustain_noped_01.wav,piano_A,D#1,27,30,sustain,0,2.0,44100,16,-4.78,synth_sf2,piano.sf2
data/piano_A/D#1/D#1_v30_sustain_ped_01.wav,piano_A,D#1,27,30,sustain,1,2.0,44100,16,-4.78,synth_sf2,piano.sf2
data/piano_A/D#1/D#1_v60_staccato_noped_01.wav,piano_A,D#1,27,60,staccato,0,0.8,44100,16,-3.85,synth_sf2,piano.sf2
data/piano_A/D#1/D#1_v60_staccato_ped_01.wav,piano_A,D#1,27,60,staccato,1,0.8,44100,16,-3.85,synth_sf2,piano.sf2
data/piano_A/D#1/D#1_v60_sustain_noped_01.wav,piano_A,D#1,27,60,sustain,0,2.0,44100,16,-3.85,synth_sf2,piano.sf2
data/piano_A/D#1/D#1_v60_sustain_ped_01.wav,piano_A,D#1,27,60,sustain,1,2.0,44100,16,-3.85,synth_sf2,piano.sf2
data/piano_A/D#1/D#1_v90_staccato_noped_01.wav,piano_A,D#1,27,90,staccato,0,0.8,44100,16,-4.09,synth_sf2,piano.sf2
data/piano_A/D#1/D#1_v90_staccato_ped_01.wav,piano_A,D#1,27,90,staccato,1,0.8,44100,16,-4.09,synth_sf2,piano.sf2
data/piano_A/D#1/D#1_v90_sustain_noped_01.wav,piano_A,D#1,27,90,sustain,0,2.0,44100,16,-4.09,synth_sf2,piano.sf2
data/piano_A/D#1/D#1_v90_sustain_ped_01.wav,piano_A,D#1,27,90,sustain,1,2.0,44100,16,-4.09,synth_sf2,piano.sf2
data/piano_A/D#1/D#1_v110_staccato_noped_01.wav,piano_A,D#1,27,110,staccato,0,0.8,44100,16,-4.14,synth_sf2,piano.sf2
data/piano_A/D#1/D#1_v110_staccato_ped_01.wav,piano_A,D#1,27,110,staccato,1,0.8,44100,16,-4.14,synth_sf2,piano.sf2
data/piano_A/D#1/D#1_v110_sustain_noped_01.wav,piano_A,D#1,27,110,sustain,0,2.0,44100,16,-4.14,synth_sf2,piano.sf2
data/piano_A/D#1/D#1_v110_sustain_ped_01.wav,piano_A,D#1,27,110,sustain,1,2.0,44100,16,-4.14,synth_sf2,piano.sf2
data/piano_A/E1/E1_v30_staccato_noped_01.wav,piano_A,E1,28,30,staccato,0,0.8,44100,16,-4.78,synth_sf2,piano.sf2
data/piano_A/E1/E1_v30_staccato_ped_01.wav,piano_A,E1,28,30,staccato,1,0.8,44100,16,-4.78,synth_sf2,piano.sf2
data/piano_A/E1/E1_v30_sustain_noped_01.wav,piano_A,E1,28,30,sustain,0,2.0,44100,16,-4.78,synth_sf2,piano.sf2
data/piano_A/E1/E1_v30_sustain_ped_01.wav,piano_A,E1,28,30,sustain,1,2.0,44100,16,-4.78,synth_sf2,piano.sf2
data/piano_A/E1/E1_v60_staccato_noped_01.wav,piano_A,E1,28,60,staccato,0,0.8,44100,16,-3.85,synth_sf2,piano.sf2
data/piano_A/E1/E1_v60_staccato_ped_01.wav,piano_A,E1,28,60,staccato,1,0.8,44100,16,-3.85,synth_sf2,piano.sf2
data/piano_A/E1/E1_v60_sustain_noped_01.wav,piano_A,E1,28,60,sustain,0,2.0,44100,16,-3.85,synth_sf2,piano.sf2
data/piano_A/E1/E1_v60_sustain_ped_01.wav,piano_A,E1,28,60,sustain,1,2.0,44100,16,-3.85,synth_sf2,piano.sf2
data/piano_A/E1/E1_v90_staccato_noped_01.wav,piano_A,E1,28,90,staccato,0,0.8,44100,16,-4.09,synth_sf2,piano.sf2
data/piano_A/E1/E1_v90_staccato_ped_01.wav,piano_A,E1,28,90,staccato,1,0.8,44100,16,-4.09,synth_sf2,piano.sf2
data/piano_A/E1/E1_v90_sustain_noped_01.wav,piano_A,E1,28,90,sustain,0,2.0,44100,16,-4.09,synth_sf2,piano.sf2
data/piano_A/E1/E1_v90_sustain_ped_01.wav,piano_A,E1,28,90,sustain,1,2.0,44100,16,-4.09,synth_sf2,piano.sf2
data/piano_A/E1/E1_v110_staccato_noped_01.wav,piano_A,E1,28,110,staccato,0,0.8,44100,16,-4.14,synth_sf2,piano.sf2
data/piano_A/E1/E1_v110_staccato_ped_01.wav,piano_A,E1,28,110,staccato,1,0.8,44100,16,-4.14,synth_sf2,piano.sf2
data/piano_A/E1/E1_v110_sustain_noped_01.wav,piano_A,E1,28,110,sustain,0,2.0,44100,16,-4.14,synth_sf2,piano.sf2
data/piano_A/E1/E1_v110_sustain_ped_01.wav,piano_A,E1,28,110,sustain,1,2.0,44100,16,-4.14,synth_sf2,piano.sf2
data/piano_A/F1/F1_v30_staccato_noped_01.wav,piano_A,F1,29,30,staccato,0,0.8,44100,16,-4.94,synth_sf2,piano.sf2
data/piano_A/F1/F1_v30_staccato_ped_01.wav,piano_A,F1,29,30,staccato,1,0.8,44100,16,-4.94,synth_sf2,piano.sf2
data/piano_A/F1/F1_v30_sustain_noped_01.wav,piano_A,F1,29,30,sustain,0,2.0,44100,16,-4.94,synth_sf2,piano.sf2
data/piano_A/F1/F1_v30_sustain_ped_01.wav,piano_A,F1,29,30,sustain,1,2.0,44100,16,-4.94,synth_sf2,piano.sf2
data/piano_A/F1/F1_v60_staccato_noped_01.wav,piano_A,F1,29,60,staccato,0,0.8,44100,16,-5.19,synth_sf2,piano.sf2
data/piano_A/F1/F1_v60_staccato_ped_01.wav,piano_A,F1,29,60,staccato,1,0.8,44100,16,-5.19,synth_sf2,piano.sf2
data/piano_A/F1/F1_v60_sustain_noped_01.wav,piano_A,F1,29,60,sustain,0,2.0,44100,16,-5.19,synth_sf2,piano.sf2
data/piano_A/F1/F1_v60_sustain_ped_01.wav,piano_A,F1,29,60,sustain,1,2.0,44100,16,-5.19,synth_sf2,piano.sf2
data/piano_A/F1/F1_v90_staccato_noped_01.wav,piano_A,F1,29,90,staccato,0,0.8,44100,16,-5.1,synth_sf2,piano.sf2
data/piano_A/F1/F1_v90_staccato_ped_01.wav,piano_A,F1,29,90,staccato,1,0.8,44100,16,-5.1,synth_sf2,piano.sf2
data/piano_A/F1/F1_v90_sustain_noped_01.wav,piano_A,F1,29,90,sustain,0,2.0,44100,16,-5.1,synth_sf2,piano.sf2
data/piano_A/F1/F1_v90_sustain_ped_01.wav,piano_A,F1,29,90,sustain,1,2.0,44100,16,-5.1,synth_sf2,piano.sf2
data/piano_A/F1/F1_v110_staccato_noped_01.wav,piano_A,F1,29,110,staccato,0,0.8,44100,16,-4.99,synth_sf2,piano.sf2
data/piano_A/F1/F1_v110_staccato_ped_01.wav,piano_A,F1,29,110,staccato,1,0.8,44100,16,-4.99,synth_sf2,piano.sf2
data/piano_A/F1/F1_v110_sustain_noped_01.wav,piano_A,F1,29,110,sustain,0,2.0,44100,16,-4.99,synth_sf2,piano.sf2
data/piano_A/F1/F1_v110_sustain_ped_01.wav,piano_A,F1,29,110,sustain,1,2.0,44100,16,-4.99,synth_sf2,piano.sf2
data/piano_A/F#1/F#1_v30_staccato_noped_01.wav,piano_A,F#1,30,30,staccato,0,0.8,44100,16,-4.94,synth_sf2,piano.sf2
data/piano_A/F#1/F#1_v30_staccato_ped_01.wav,piano_A,F#1,30,30,staccato,1,0.8,44100,16,-4.94,synth_sf2,piano.sf2
data/piano_A/F#1/F#1_v30_sustain_noped_01.wav,piano_A,F#1,30,30,sustain,0,2.0,44100,16,-4.94,synth_sf2,piano.sf2
data/piano_A/F#1/F#1_v30_sustain_ped_01.wav,piano_A,F#1,30,30,sustain,1,2.0,44100,16,-4.94,synth_sf2,piano.sf2
data/piano_A/F#1/F#1_v60_staccato_noped_01.wav,piano_A,F#1,30,60,staccato,0,0.8,44100,16,-5.19,synth_sf2,piano.sf2
data/piano_A/F#1/F#1_v60_staccato_ped_01.wav,piano_A,F#1,30,60,staccato,1,0.8,44100,16,-5.19,synth_sf2,piano.sf2
data/piano_A/F#1/F#1_v60_sustain_noped_01.wav,piano_A,F#1,30,60,sustain,0,2.0,44100,16,-5.19,synth_sf2,piano.sf2
data/piano_A/F#1/F#1_v60_sustain_ped_01.wav,piano_A,F#1,30,60,sustain,1,2.0,44100,16,-5.19,synth_sf2,piano.sf2
data/piano_A/F#1/F#1_v90_staccato_noped_01.wav,piano_A,F#1,30,90,staccato,0,0.8,44100,16,-5.1,synth_sf2,piano.sf2
data/piano_A/F#1/F#1_v90_staccato_ped_01.wav,piano_A,F#1,30,90,staccato,1,0.8,44100,16,-5.1,synth_sf2,piano.sf2
data/piano_A/F#1/F#1_v90_sustain_noped_01.wav,piano_A,F#1,30,90,sustain,0,2.0,44100,16,-5.1,synth_sf2,piano.sf2
data/piano_A/F#1/F#1_v90_sustain_ped_01.wav,piano_A,F#1,30,90,sustain,1,2.0,44100,16,-5.1,synth_sf2,piano.sf2
data/piano_A/F#1/F#1_v110_staccato_noped_01.wav,piano_A,F#1,30,110,staccato,0,0.8,44100,16,-4.99,synth_sf2,piano.sf2
data/piano_A/F#1/F#1_v110_staccato_ped_01.wav,piano_A,F#1,30,110,staccato,1,0.8,44100,16,-4.99,synth_sf2,piano.sf2
data/piano_A/F#1/F#1_v110_sustain_noped_01.wav,piano_A,F#1,30,110,sustain,0,2.0,44100,16,-4.99,synth_sf2,piano.sf2
data/piano_A/F#1/F#1_v110_sustain_ped_01.wav,piano_A,F#1,30,110,sustain,1,2.0,44100,16,-4.99,synth_sf2,piano.sf2
data/piano_A/G1/G1_v30_staccato_noped_01.wav,piano_A,G1,31,30,staccato,0,0.8,44100,16,-4.94,synth_sf2,piano.sf2
data/piano_A/G1/G1_v30_staccato_ped_01.wav,piano_A,G1,31,30,staccato,1,0.8,44100,16,-4.94,synth_sf2,piano.sf2
data/piano_A/G1/G1_v30_sustain_noped_01.wav,piano_A,G1,31,30,sustain,0,2.0,44100,16,-4.94,synth_sf2,piano.sf2
data/piano_A/G1/G1_v30_sustain_ped_01.wav,piano_A,G1,31,30,sustain,1,2.0,44100,16,-4.94,synth_sf2,piano.sf2
data/piano_A/G1/G1_v60_staccato_noped_01.wav,piano_A,G1,31,60,staccato,0,0.8,44100,16,-5.19,synth_sf2,piano.sf2
data/piano_A/G1/G1_v60_staccato_ped_01.wav,piano_A,G1,31,60,staccato,1,0.8,44100,16,-5.19,synth_sf2,piano.sf2
data/piano_A/G1/G1_v60_sustain_noped_01.wav,piano_A,G1,31,60,sustain,0,2.0,44100,16,-5.19,synth_sf2,piano.sf2
data/piano_A/G1/G1_v60_sustain_ped_01.wav,piano_A,G1,31,60,sustain,1,2.0,44100,16,-5.19,synth_sf2,piano.sf2
data/piano_A/G1/G1_v90_staccato_noped_01.wav,piano_A,G1,31,90,staccato,0,0.8,44100,16,-5.09,synth_sf2,piano.sf2
data/piano_A/G1/G1_v90_staccato_ped_01.wav,piano_A,G1,31,90,staccato,1,0.8,44100,16,-5.09,synth_sf2,piano.sf2
data/piano_A/G1/G1_v90_sustain_noped_01.wav,piano_A,G1,31,90,sustain,0,2.0,44100,16,-5.09,synth_sf2,piano.sf2
data/piano_A/G1/G1_v90_sustain_ped_01.wav,piano_A,G1,31,90,sustain,1,2.0,44100,16,-5.09,synth_sf2,piano.sf2
data/piano_A/G1/G1_v110_staccato_noped_01.wav,piano_A,G1,31,110,staccato,0,0.8,44100,16,-4.99,synth_sf2,piano.sf2
data/piano_A/G1/G1_v110_staccato_ped_01.wav,piano_A,G1,31,110,staccato,1,0.8,44100,16,-4.99,synth_sf2,piano.sf2
data/piano_A/G1/G1_v110_sustain_noped_01.wav,piano_A,G1,31,110,sustain,0,2.0,44100,16,-4.99,synth_sf2,piano.sf2
data/piano_A/G1/G1_v110_sustain_ped_01.wav,piano_A,G1,31,110,sustain,1,2.0,44100,16,-4.99,synth_sf2,piano.sf2
data/piano_A/G#1/G#1_v30_staccato_noped_01.wav,piano_A,G#1,32,30,staccato,0,0.8,44100,16,-5.11,synth_sf2,piano.sf2
data/piano_A/G#1/G#1_v30_staccato_ped_01.wav,piano_A,G#1,32,30,staccato,1,0.8,44100,16,-5.11,synth_sf2,piano.sf2
data/piano_A/G#1/G#1_v30_sustain_noped_01.wav,piano_A,G#1,32,30,sustain,0,2.0,44100,16,-5.11,synth_sf2,piano.sf2
data/piano_A/G#1/G#1_v30_sustain_ped_01.wav,piano_A,G#1,32,30,sustain,1,2.0,44100,16,-5.11,synth_sf2,piano.sf2
data/piano_A/G#1/G#1_v60_staccato_noped_01.wav,piano_A,G#1,32,60,staccato,0,0.8,44100,16,-4.02,synth_sf2,piano.sf2
data/piano_A/G#1/G#1_v60_staccato_ped_01.wav,piano_A,G#1,32,60,staccato,1,0.8,44100,16,-4.02,synth_sf2,piano.sf2
data/piano_A/G#1/G#1_v60_sustain_noped_01.wav,piano_A,G#1,32,60,sustain,0,2.0,44100,16,-4.02,synth_sf2,piano.sf2
data/piano_A/G#1/G#1_v60_sustain_ped_01.wav,piano_A,G#1,32,60,sustain,1,2.0,44100,16,-4.02,synth_sf2,piano.sf2
data/piano_A/G#1/G#1_v90_staccato_noped_01.wav,piano_A,G#1,32,90,staccato,0,0.8,44100,16,-3.91,synth_sf2,piano.sf2
data/piano_A/G#1/G#1_v90_staccato_ped_01.wav,piano_A,G#1,32,90,staccato,1,0.8,44100,16,-3.91,synth_sf2,piano.sf2
data/piano_A/G#1/G#1_v90_sustain_noped_01.wav,piano_A,G#1,32,90,sustain,0,2.0,44100,16,-3.91,synth_sf2,piano.sf2
data/piano_A/G#1/G#1_v90_sustain_ped_01.wav,piano_A,G#1,32,90,sustain,1,2.0,44100,16,-3.91,synth_sf2,piano.sf2
data/piano_A/G#1/G#1_v110_staccato_noped_01.wav,piano_A,G#1,32,110,staccato,0,0.8,44100,16,-3.95,synth_sf2,piano.sf2
data/piano_A/G#1/G#1_v110_staccato_ped_01.wav,piano_A,G#1,32,110,staccato,1,0.8,44100,16,-3.95,synth_sf2,piano.sf2
data/piano_A/G#1/G#1_v110_sustain_noped_01.wav,piano_A,G#1,32,110,sustain,0,2.0,44100,16,-3.95,synth_sf2,piano.sf2
data/piano_A/G#1/G#1_v110_sustain_ped_01.wav,piano_A,G#1,32,110,sustain,1,2.0,44100,16,-3.95,synth_sf2,piano.sf2
data/piano_A/A1/A1_v30_staccato_noped_01.wav,piano_A,A1,33,30,staccato,0,0.8,44100,16,-5.11,synth_sf2,piano.sf2
data/piano_A/A1/A1_v30_staccato_ped_01.wav,piano_A,A1,33,30,staccato,1,0.8,44100,16,-5.11,synth_sf2,piano.sf2
data/piano_A/A1/A1_v30_sustain_noped_01.wav,piano_A,A1,33,30,sustain,0,2.0,44100,16,-5.11,synth_sf2,piano.sf2
data/piano_A/A1/A1_v30_sustain_ped_01.wav,piano_A,A1,33,30,sustain,1,2.0,44100,16,-5.11,synth_sf2,piano.sf2
data/piano_A/A1/A1_v60_staccato_noped_01.wav,piano_A,A1,33,60,staccato,0,0.8,44100,16,-4.02,synth_sf2,piano.sf2
data/piano_A/A1/A1_v60_staccato_ped_01.wav,piano_A,A1,33,60,staccato,1,0.8,44100,16,-4.02,synth_sf2,piano.sf2
data/piano_A/A1/A1_v60_sustain_noped_01.wav,piano_A,A1,33,60,sustain,0,2.0,44100,16,-4.02,synth_sf2,piano.sf2
data/piano_A/A1/A1_v60_sustain_ped_01.wav,piano_A,A1,33,60,sustain,1,2.0,44100,16,-4.02,synth_sf2,piano.sf2
data/piano_A/A1/A1_v90_staccato_noped_01.wav,piano_A,A1,33,90,staccato,0,0.8,44100,16,-3.92,synth_sf2,piano.sf2
data/piano_A/A1/A1_v90_staccato_ped_01.wav,piano_A,A1,33,90,staccato,1,0.8,44100,16,-3.92,synth_sf2,piano.sf2
data/piano_A/A1/A1_v90_sustain_noped_01.wav,piano_A,A1,33,90,sustain,0,2.0,44100,16,-3.92,synth_sf2,piano.sf2
data/piano_A/A1/A1_v90_sustain_ped_01.wav,piano_A,A1,33,90,sustain,1,2.0,44100,16,-3.92,synth_sf2,piano.sf2
data/piano_A/A1/A1_v110_staccato_noped_01.wav,piano_A,A1,33,110,staccato,0,0.8,44100,16,-3.95,synth_sf2,piano.sf2
data/piano_A/A1/A1_v110_staccato_ped_01.wav,piano_A,A1,33,110,staccato,1,0.8,44100,16,-3.95,synth_sf2,piano.sf2
data/piano_A/A1/A1_v110_sustain_noped_01.wav,piano_A,A1,33,110,sustain,0,2.0,44100,16,-3.95,synth_sf2,piano.sf2
data/piano_A/A1/A1_v110_sustain_ped_01.wav,piano_A,A1,33,110,sustain,1,2.0,44100,16,-3.95,synth_sf2,piano.sf2
data/piano_A/A#1/A#1_v30_staccato_noped_01.wav,piano_A,A#1,34,30,staccato,0,0.8,44100,16,-5.11,synth_sf2,piano.sf2
data/piano_A/A#1/A#1_v30_staccato_ped_01.wav,piano_A,A#1,34,30,staccato,1,0.8,44100,16,-5.11,synth_sf2,piano.sf2
data/piano_A/A#1/A#1_v30_sustain_noped_01.wav,piano_A,A#1,34,30,sustain,0,2.0,44100,16,-5.11,synth_sf2,piano.sf2
data/piano_A/A#1/A#1_v30_sustain_ped_01.wav,piano_A,A#1,34,30,sustain,1,2.0,44100,16,-5.11,synth_sf2,piano.sf2
data/piano_A/A#1/A#1_v60_staccato_noped_01.wav,piano_A,A#1,34,60,staccato,0,0.8,44100,16,-4.01,synth_sf2,piano.sf2
data/piano_A/A#1/A#1_v60_staccato_ped_01.wav,piano_A,A#1,34,60,staccato,1,0.8,44100,16,-4.01,synth_sf2,piano.sf2
data/piano_A/A#1/A#1_v60_sustain_noped_01.wav,piano_A,A#1,34,60,sustain,0,2.0,44100,16,-4.01,synth_sf2,piano.sf2
data/piano_A/A#1/A#1_v60_sustain_ped_01.wav,piano_A,A#1,34,60,sustain,1,2.0,44100,16,-4.01,synth_sf2,piano.sf2
data/piano_A/A#1/A#1_v90_staccato_noped_01.wav,piano_A,A#1,34,90,staccato,0,0.8,44100,16,-3.92,synth_sf2,piano.sf2
data/piano_A/A#1/A#1_v90_staccato_ped_01.wav,piano_A,A#1,34,90,staccato,1,0.8,44100,16,-3.92,synth_sf2,piano.sf2
data/piano_A/A#1/A#1_v90_sustain_noped_01.wav,piano_A,A#1,34,90,sustain,0,2.0,44100,16,-3.92,synth_sf2,piano.sf2
data/piano_A/A#1/A#1_v90_sustain_ped_01.wav,piano_A,A#1,34,90,sustain,1,2.0,44100,16,-3.92,synth_sf2,piano.sf2
data/piano_A/A#1/A#1_v110_staccato_noped_01.wav,piano_A,A#1,34,110,staccato,0,0.8,44100,16,-3.94,synth_sf2,piano.sf2
data/piano_A/A#1/A#1_v110_staccato_ped_01.wav,piano_A,A#1,34,110,staccato,1,0.8,44100,16,-3.94,synth_sf2,piano.sf2
data/piano_A/A#1/A#1_v110_sustain_noped_01.wav,piano_A,A#1,34,110,sustain,0,2.0,44100,16,-3.94,synth_sf2,piano.sf2
data/piano_A/A#1/A#1_v110_sustain_ped_01.wav,piano_A,A#1,34,110,sustain,1,2.0,44100,16,-3.94,synth_sf2,piano.sf2
data/piano_A/B1/B1_v30_staccato_noped_01.wav,piano_A,B1,35,30,staccato,0,0.8,44100,16,-7.27,synth_sf2,piano.sf2
data/piano_A/B1/B1_v30_staccato_ped_01.wav,piano_A,B1,35,30,staccato,1,0.8,44100,16,-7.27,synth_sf2,piano.sf2
data/piano_A/B1/B1_v30_sustain_noped_01.wav,piano_A,B1,35,30,sustain,0,2.0,44100,16,-7.27,synth_sf2,piano.sf2
data/piano_A/B1/B1_v30_sustain_ped_01.wav,piano_A,B1,35,30,sustain,1,2.0,44100,16,-7.27,synth_sf2,piano.sf2
data/piano_A/B1/B1_v60_staccato_noped_01.wav,piano_A,B1,35,60,staccato,0,0.8,44100,16,-7.12,synth_sf2,piano.sf2
data/piano_A/B1/B1_v60_staccato_ped_01.wav,piano_A,B1,35,60,staccato,1,0.8,44100,16,-7.12,synth_sf2,piano.sf2
data/piano_A/B1/B1_v60_sustain_noped_01.wav,piano_A,B1,35,60,sustain,0,2.0,44100,16,-7.12,synth_sf2,piano.sf2
data/piano_A/B1/B1_v60_sustain_ped_01.wav,piano_A,B1,35,60,sustain,1,2.0,44100,16,-7.12,synth_sf2,piano.sf2
data/piano_A/B1/B1_v90_staccato_noped_01.wav,piano_A,B1,35,90,staccato,0,0.8,44100,16,-6.82,synth_sf2,piano.sf2
data/piano_A/B1/B1_v90_staccato_ped_01.wav,piano_A,B1,35,90,staccato,1,0.8,44100,16,-6.82,synth_sf2,piano.sf2
data/piano_A/B1/B1_v90_sustain_noped_01.wav,piano_A,B1,35,90,sustain,0,2.0,44100,16,-6.82,synth_sf2,piano.sf2
data/piano_A/B1/B1_v90_sustain_ped_01.wav,piano_A,B1,35,90,sustain,1,2.0,44100,16,-6.82,synth_sf2,piano.sf2
data/piano_A/B1/B1_v110_staccato_noped_01.wav,piano_A,B1,35,110,staccato,0,0.8,44100,16,-6.61,synth_sf2,piano.sf2
data/piano_A/B1/B1_v110_staccato_ped_01.wav,piano_A,B1,35,110,staccato,1,0.8,44100,16,-6.61,synth_sf2,piano.sf2
data/piano_A/B1/B1_v110_sustain_noped_01.wav,piano_A,B1,35,110,sustain,0,2.0,44100,16,-6.61,synth_sf2,piano.sf2
data/piano_A/B1/B1_v110_sustain_ped_01.wav,piano_A,B1,35,110,sustain,1,2.0,44100,16,-6.61,synth_sf2,piano.sf2
data/piano_A/C2/C2_v30_staccato_noped_01.wav,piano_A,C2,36,30,staccato,0,0.8,44100,16,-7.25,synth_sf2,piano.sf2
data/piano_A/C2/C2_v30_staccato_ped_01.wav,piano_A,C2,36,30,staccato,1,0.8,44100,16,-7.25,synth_sf2,piano.sf2
data/piano_A/C2/C2_v30_sustain_noped_01.wav,piano_A,C2,36,30,sustain,0,2.0,44100,16,-7.25,synth_sf2,piano.sf2
data/piano_A/C2/C2_v30_sustain_ped_01.wav,piano_A,C2,36,30,sustain,1,2.0,44100,16,-7.25,synth_sf2,piano.sf2
data/piano_A/C2/C2_v60_staccato_noped_01.wav,piano_A,C2,36,60,staccato,0,0.8,44100,16,-7.12,synth_sf2,piano.sf2
data/piano_A/C2/C2_v60_staccato_ped_01.wav,piano_A,C2,36,60,staccato,1,0.8,44100,16,-7.12,synth_sf2,piano.sf2
data/piano_A/C2/C2_v60_sustain_noped_01.wav,piano_A,C2,36,60,sustain,0,2.0,44100,16,-7.12,synth_sf2,piano.sf2
data/piano_A/C2/C2_v60_sustain_ped_01.wav,piano_A,C2,36,60,sustain,1,2.0,44100,16,-7.12,synth_sf2,piano.sf2
data/piano_A/C2/C2_v90_staccato_noped_01.wav,piano_A,C2,36,90,staccato,0,0.8,44100,16,-6.82,synth_sf2,piano.sf2
data/piano_A/C2/C2_v90_staccato_ped_01.wav,piano_A,C2,36,90,staccato,1,0.8,44100,16,-6.82,synth_sf2,piano.sf2
data/piano_A/C2/C2_v90_sustain_noped_01.wav,piano_A,C2,36,90,sustain,0,2.0,44100,16,-6.82,synth_sf2,piano.sf2
data/piano_A/C2/C2_v90_sustain_ped_01.wav,piano_A,C2,36,90,sustain,1,2.0,44100,16,-6.82,synth_sf2,piano.sf2
data/piano_A/C2/C2_v110_staccato_noped_01.wav,piano_A,C2,36,110,staccato,0,0.8,44100,16,-6.61,synth_sf2,piano.sf2
data/piano_A/C2/C2_v110_staccato_ped_01.wav,piano_A,C2,36,110,staccato,1,0.8,44100,16,-6.61,synth_sf2,piano.sf2
data/piano_A/C2/C2_v110_sustain_noped_01.wav,piano_A,C2,36,110,sustain,0,2.0,44100,16,-6.61,synth_sf2,piano.sf2
data/piano_A/C2/C2_v110_sustain_ped_01.wav,piano_A,C2,36,110,sustain,1,2.0,44100,16,-6.61,synth_sf2,piano.sf2
data/piano_A/C#2/C#2_v30_staccato_noped_01.wav,piano_A,C#2,37,30,staccato,0,0.8,44100,16,-7.27,synth_sf2,piano.sf2
data/piano_A/C#2/C#2_v30_staccato_ped_01.wav,piano_A,C#2,37,30,staccato,1,0.8,44100,16,-7.27,synth_sf2,piano.sf2
data/piano_A/C#2/C#2_v30_sustain_noped_01.wav,piano_A,C#2,37,30,sustain,0,2.0,44100,16,-7.27,synth_sf2,piano.sf2
data/piano_A/C#2/C#2_v30_sustain_ped_01.wav,piano_A,C#2,37,30,sustain,1,2.0,44100,16,-7.27,synth_sf2,piano.sf2
data/piano_A/C#2/C#2_v60_staccato_noped_01.wav,piano_A,C#2,37,60,staccato,0,0.8,44100,16,-7.12,synth_sf2,piano.sf2
data/piano_A/C#2/C#2_v60_staccato_ped_01.wav,piano_A,C#2,37,60,staccato,1,0.8,44100,16,-7.12,synth_sf2,piano.sf2
data/piano_A/C#2/C#2_v60_sustain_noped_01.wav,piano_A,C#2,37,60,sustain,0,2.0,44100,16,-7.12,synth_sf2,piano.sf2
data/piano_A/C#2/C#2_v60_sustain_ped_01.wav,piano_A,C#2,37,60,sustain,1,2.0,44100,16,-7.12,synth_sf2,piano.sf2
data/piano_A/C#2/C#2_v90_staccato_noped_01.wav,piano_A,C#2,37,90,staccato,0,0.8,44100,16,-6.83,synth_sf2,piano.sf2
data/piano_A/C#2/C#2_v90_staccato_ped_01.wav,piano_A,C#2,37,90,staccato,1,0.8,44100,16,-6.83,synth_sf2,piano.sf2
data/piano_A/C#2/C#2_v90_sustain_noped_01.wav,piano_A,C#2,37,90,sustain,0,2.0,44100,16,-6.83,synth_sf2,piano.sf2
data/piano_A/C#2/C#2_v90_sustain_ped_01.wav,piano_A,C#2,37,90,sustain,1,2.0,44100,16,-6.83,synth_sf2,piano.sf2
data/piano_A/C#2/C#2_v110_staccato_noped_01.wav,piano_A,C#2,37,110,staccato,0,0.8,44100,16,-6.61,synth_sf2,piano.sf2
data/piano_A/C#2/C#2_v110_staccato_ped_01.wav,piano_A,C#2,37,110,staccato,1,0.8,44100,16,-6.61,synth_sf2,piano.sf2
data/piano_A/C#2/C#2_v110_sustain_noped_01.wav,piano_A,C#2,37,110,sustain,0,2.0,44100,16,-6.61,synth_sf2,piano.sf2
data/piano_A/C#2/C#2_v110_sustain_ped_01.wav,piano_A,C#2,37,110,sustain,1,2.0,44100,16,-6.61,synth_sf2,piano.sf2
data/piano_A/D2/D2_v30_staccato_noped_01.wav,piano_A,D2,38,30,staccato,0,0.8,44100,16,-3.86,synth_sf2,piano.sf2
data/piano_A/D2/D2_v30_staccato_ped_01.wav,piano_A,D2,38,30,staccato,1,0.8,44100,16,-3.86,synth_sf2,piano.sf2
data/piano_A/D2/D2_v30_sustain_noped_01.wav,piano_A,D2,38,30,sustain,0,2.0,44100,16,-3.86,synth_sf2,piano.sf2
data/piano_A/D2/D2_v30_sustain_ped_01.wav,piano_A,D2,38,30,sustain,1,2.0,44100,16,-3.86,synth_sf2,piano.sf2
data/piano_A/D2/D2_v60_staccato_noped_01.wav,piano_A,D2,38,60,staccato,0,0.8,44100,16,-4.04,synth_sf2,piano.sf2
data/piano_A/D2/D2_v60_staccato_ped_01.wav,piano_A,D2,38,60,staccato,1,0.8,44100,16,-4.04,synth_sf2,piano.sf2
data/piano_A/D2/D2_v60_sustain_noped_01.wav,piano_A,D2,38,60,sustain,0,2.0,44100,16,-4.04,synth_sf2,piano.sf2
data/piano_A/D2/D2_v60_sustain_ped_01.wav,piano_A,D2,38,60,sustain,1,2.0,44100,16,-4.04,synth_sf2,piano.sf2
data/piano_A/D2/D2_v90_staccato_noped_01.wav,piano_A,D2,38,90,staccato,0,0.8,44100,16,-4.15,synth_sf2,piano.sf2
data/piano_A/D2/D2_v90_staccato_ped_01.wav,piano_A,D2,38,90,staccato,1,0.8,44100,16,-4.15,synth_sf2,piano.sf2
data/piano_A/D2/D2_v90_sustain_noped_01.wav,piano_A,D2,38,90,sustain,0,2.0,44100,16,-4.15,synth_sf2,piano.sf2
data/piano_A/D2/D2_v90_sustain_ped_01.wav,piano_A,D2,38,90,sustain,1,2.0,44100,16,-4.15,synth_sf2,piano.sf2
data/piano_A/D2/D2_v110_staccato_noped_01.wav,piano_A,D2,38,110,staccato,0,0.8,44100,16,-3.97,synth_sf2,piano.sf2
data/piano_A/D2/D2_v110_staccato_ped_01.wav,piano_A,D2,38,110,staccato,1,0.8,44100,16,-3.97,synth_sf2,piano.sf2
data/piano_A/D2/D2_v110_sustain_noped_01.wav,piano_A,D2,38,110,sustain,0,2.0,44100,16,-3.97,synth_sf2,piano.sf2
data/piano_A/D2/D2_v110_sustain_ped_01.wav,piano_A,D2,38,110,sustain,1,2.0,44100,16,-3.97,synth_sf2,piano.sf2
data/piano_A/D#2/D#2_v30_staccato_noped_01.wav,piano_A,D#2,39,30,staccato,0,0.8,44100,16,-3.86,synth_sf2,piano.sf2
data/piano_A/D#2/D#2_v30_staccato_ped_01.wav,piano_A,D#2,39,30,staccato,1,0.8,44100,16,-3.86,synth_sf2,piano.sf2
data/piano_A/D#2/D#2_v30_sustain_noped_01.wav,piano_A,D#2,39,30,sustain,0,2.0,44100,16,-3.86,synth_sf2,piano.sf2
data/piano_A/D#2/D#2_v30_sustain_ped_01.wav,piano_A,D#2,39,30,sustain,1,2.0,44100,16,-3.86,synth_sf2,piano.sf2
data/piano_A/D#2/D#2_v60_staccato_noped_01.wav,piano_A,D#2,39,60,staccato,0,0.8,44100,16,-4.03,synth_sf2,piano.sf2
data/piano_A/D#2/D#2_v60_staccato_ped_01.wav,piano_A,D#2,39,60,staccato,1,0.8,44100,16,-4.03,synth_sf2,piano.sf2
data/piano_A/D#2/D#2_v60_sustain_noped_01.wav,piano_A,D#2,39,60,sustain,0,2.0,44100,16,-4.03,synth_sf2,piano.sf2
data/piano_A/D#2/D#2_v60_sustain_ped_01.wav,piano_A,D#2,39,60,sustain,1,2.0,44100,16,-4.03,synth_sf2,piano.sf2
data/piano_A/D#2/D#2_v90_staccato_noped_01.wav,piano_A,D#2,39,90,staccato,0,0.8,44100,16,-4.15,synth_sf2,piano.sf2
data/piano_A/D#2/D#2_v90_staccato_ped_01.wav,piano_A,D#2,39,90,staccato,1,0.8,44100,16,-4.15,synth_sf2,piano.sf2
data/piano_A/D#2/D#2_v90_sustain_noped_01.wav,piano_A,D#2,39,90,sustain,0,2.0,44100,16,-4.15,synth_sf2,piano.sf2
data/piano_A/D#2/D#2_v90_sustain_ped_01.wav,piano_A,D#2,39,90,sustain,1,2.0,44100,16,-4.15,synth_sf2,piano.sf2
data/piano_A/D#2/D#2_v110_staccato_noped_01.wav,piano_A,D#2,39,110,staccato,0,0.8,44100,16,-3.97,synth_sf2,piano.sf2
data/piano_A/D#2/D#2_v110_staccato_ped_01.wav,piano_A,D#2,39,110,staccato,1,0.8,44100,16,-3.97,synth_sf2,piano.sf2
data/piano_A/D#2/D#2_v110_sustain_noped_01.wav,piano_A,D#2,39,110,sustain,0,2.0,44100,16,-3.97,synth_sf2,piano.sf2
data/piano_A/D#2/D#2_v110_sustain_ped_01.wav,piano_A,D#2,39,110,sustain,1,2.0,44100,16,-3.97,synth_sf2,piano.sf2
data/piano_A/E2/E2_v30_staccato_noped_01.wav,piano_A,E2,40,30,staccato,0,0.8,44100,16,-3.86,synth_sf2,piano.sf2
data/piano_A/E2/E2_v30_staccato_ped_01.wav,piano_A,E2,40,30,staccato,1,0.8,44100,16,-3.86,synth_sf2,piano.sf2
data/piano_A/E2/E2_v30_sustain_noped_01.wav,piano_A,E2,40,30,sustain,0,2.0,44100,16,-3.86,synth_sf2,piano.sf2
data/piano_A/E2/E2_v30_sustain_ped_01.wav,piano_A,E2,40,30,sustain,1,2.0,44100,16,-3.86,synth_sf2,piano.sf2
data/piano_A/E2/E2_v60_staccato_noped_01.wav,piano_A,E2,40,60,staccato,0,0.8,44100,16,-4.03,synth_sf2,piano.sf2
data/piano_A/E2/E2_v60_staccato_ped_01.wav,piano_A,E2,40,60,staccato,1,0.8,44100,16,-4.03,synth_sf2,piano.sf2
data/piano_A/E2/E2_v60_sustain_noped_01.wav,piano_A,E2,40,60,sustain,0,2.0,44100,16,-4.03,synth_sf2,piano.sf2
data/piano_A/E2/E2_v60_sustain_ped_01.wav,piano_A,E2,40,60,sustain,1,2.0,44100,16,-4.03,synth_sf2,piano.sf2
data/piano_A/E2/E2_v90_staccato_noped_01.wav,piano_A,E2,40,90,staccato,0,0.8,44100,16,-4.15,synth_sf2,piano.sf2
data/piano_A/E2/E2_v90_staccato_ped_01.wav,piano_A,E2,40,90,staccato,1,0.8,44100,16,-4.15,synth_sf2,piano.sf2
data/piano_A/E2/E2_v90_sustain_noped_01.wav,piano_A,E2,40,90,sustain,0,2.0,44100,16,-4.15,synth_sf2,piano.sf2
data/piano_A/E2/E2_v90_sustain_ped_01.wav,piano_A,E2,40,90,sustain,1,2.0,44100,16,-4.15,synth_sf2,piano.sf2
data/piano_A/E2/E2_v110_staccato_noped_01.wav,piano_A,E2,40,110,staccato,0,0.8,44100,16,-3.97,synth_sf2,piano.sf2
data/piano_A/E2/E2_v110_staccato_ped_01.wav,piano_A,E2,40,110,staccato,1,0.8,44100,16,-3.97,synth_sf2,piano.sf2
data/piano_A/E2/E2_v110_sustain_noped_01.wav,piano_A,E2,40,110,sustain,0,2.0,44100,16,-3.97,synth_sf2,piano.sf2
data/piano_A/E2/E2_v110_sustain_ped_01.wav,piano_A,E2,40,110,sustain,1,2.0,44100,16,-3.97,synth_sf2,piano.sf2
data/piano_A/F2/F2_v30_staccato_noped_01.wav,piano_A,F2,41,30,staccato,0,0.8,44100,16,-4.98,synth_sf2,piano.sf2
data/piano_A/F2/F2_v30_staccato_ped_01.wav,piano_A,F2,41,30,staccato,1,0.8,44100,16,-4.98,synth_sf2,piano.sf2
data/piano_A/F2/F2_v30_sustain_noped_01.wav,piano_A,F2,41,30,sustain,0,2.0,44100,16,-4.98,synth_sf2,piano.sf2
data/piano_A/F2/F2_v30_sustain_ped_01.wav,piano_A,F2,41,30,sustain,1,2.0,44100,16,-4.98,synth_sf2,piano.sf2
data/piano_A/F2/F2_v60_staccato_noped_01.wav,piano_A,F2,41,60,staccato,0,0.8,44100,16,-5.13,synth_sf2,piano.sf2
data/piano_A/F2/F2_v60_staccato_ped_01.wav,piano_A,F2,41,60,staccato,1,0.8,44100,16,-5.13,synth_sf2,piano.sf2
data/piano_A/F2/F2_v60_sustain_noped_01.wav,piano_A,F2,41,60,sustain,0,2.0,44100,16,-5.13,synth_sf2,piano.sf2
data/piano_A/F2/F2_v60_sustain_ped_01.wav,piano_A,F2,41,60,sustain,1,2.0,44100,16,-5.13,synth_sf2,piano.sf2
data/piano_A/F2/F2_v90_staccato_noped_01.wav,piano_A,F2,41,90,staccato,0,0.8,44100,16,-5.45,synth_sf2,piano.sf2
data/piano_A/F2/F2_v90_staccato_ped_01.wav,piano_A,F2,41,90,staccato,1,0.8,44100,16,-5.45,synth_sf2,piano.sf2
data/piano_A/F2/F2_v90_sustain_noped_01.wav,piano_A,F2,41,90,sustain,0,2.0,44100,16,-5.45,synth_sf2,piano.sf2
data/piano_A/F2/F2_v90_sustain_ped_01.wav,piano_A,F2,41,90,sustain,1,2.0,44100,16,-5.45,synth_sf2,piano.sf2
data/piano_A/F2/F2_v110_staccato_noped_01.wav,piano_A,F2,41,110,staccato,0,0.8,44100,16,-5.66,synth_sf2,piano.sf2
data/piano_A/F2/F2_v110_staccato_ped_01.wav,piano_A,F2,41,110,staccato,1,0.8,44100,16,-5.66,synth_sf2,piano.sf2
data/piano_A/F2/F2_v110_sustain_noped_01.wav,piano_A,F2,41,110,sustain,0,2.0,44100,16,-5.66,synth_sf2,piano.sf2
data/piano_A/F2/F2_v110_sustain_ped_01.wav,piano_A,F2,41,110,sustain,1,2.0,44100,16,-5.66,synth_sf2,piano.sf2
data/piano_A/F#2/F#2_v30_staccato_noped_01.wav,piano_A,F#2,42,30,staccato,0,0.8,44100,16,-4.98,synth_sf2,piano.sf2
data/piano_A/F#2/F#2_v30_staccato_ped_01.wav,piano_A,F#2,42,30,staccato,1,0.8,44100,16,-4.98,synth_sf2,piano.sf2
data/piano_A/F#2/F#2_v30_sustain_noped_01.wav,piano_A,F#2,42,30,sustain,0,2.0,44100,16,-4.98,synth_sf2,piano.sf2
data/piano_A/F#2/F#2_v30_sustain_ped_01.wav,piano_A,F#2,42,30,sustain,1,2.0,44100,16,-4.98,synth_sf2,piano.sf2
data/piano_A/F#2/F#2_v60_staccato_noped_01.wav,piano_A,F#2,42,60,staccato,0,0.8,44100,16,-5.13,synth_sf2,piano.sf2
data/piano_A/F#2/F#2_v60_staccato_ped_01.wav,piano_A,F#2,42,60,staccato,1,0.8,44100,16,-5.13,synth_sf2,piano.sf2
data/piano_A/F#2/F#2_v60_sustain_noped_01.wav,piano_A,F#2,42,60,sustain,0,2.0,44100,16,-5.13,synth_sf2,piano.sf2
data/piano_A/F#2/F#2_v60_sustain_ped_01.wav,piano_A,F#2,42,60,sustain,1,2.0,44100,16,-5.13,synth_sf2,piano.sf2
data/piano_A/F#2/F#2_v90_staccato_noped_01.wav,piano_A,F#2,42,90,staccato,0,0.8,44100,16,-5.45,synth_sf2,piano.sf2
data/piano_A/F#2/F#2_v90_staccato_ped_01.wav,piano_A,F#2,42,90,staccato,1,0.8,44100,16,-5.45,synth_sf2,piano.sf2
data/piano_A/F#2/F#2_v90_sustain_noped_01.wav,piano_A,F#2,42,90,sustain,0,2.0,44100,16,-5.45,synth_sf2,piano.sf2
data/piano_A/F#2/F#2_v90_sustain_ped_01.wav,piano_A,F#2,42,90,sustain,1,2.0,44100,16,-5.45,synth_sf2,piano.sf2
data/piano_A/F#2/F#2_v110_staccato_noped_01.wav,piano_A,F#2,42,110,staccato,0,0.8,44100,16,-5.66,synth_sf2,piano.sf2
data/piano_A/F#2/F#2_v110_staccato_ped_01.wav,piano_A,F#2,42,110,staccato,1,0.8,44100,16,-5.66,synth_sf2,piano.sf2
data/piano_A/F#2/F#2_v110_sustain_noped_01.wav,piano_A,F#2,42,110,sustain,0,2.0,44100,16,-5.66,synth_sf2,piano.sf2
data/piano_A/F#2/F#2_v110_sustain_ped_01.wav,piano_A,F#2,42,110,sustain,1,2.0,44100,16,-5.66,synth_sf2,piano.sf2
data/piano_A/G2/G2_v30_staccato_noped_01.wav,piano_A,G2,43,30,staccato,0,0.8,44100,16,-4.98,synth_sf2,piano.sf2
data/piano_A/G2/G2_v30_staccato_ped_01.wav,piano_A,G2,43,30,staccato,1,0.8,44100,16,-4.98,synth_sf2,piano.sf2
data/piano_A/G2/G2_v30_sustain_noped_01.wav,piano_A,G2,43,30,sustain,0,2.0,44100,16,-4.98,synth_sf2,piano.sf2
data/piano_A/G2/G2_v30_sustain_ped_01.wav,piano_A,G2,43,30,sustain,1,2.0,44100,16,-4.98,synth_sf2,piano.sf2
data/piano_A/G2/G2_v60_staccato_noped_01.wav,piano_A,G2,43,60,staccato,0,0.8,44100,16,-5.14,synth_sf2,piano.sf2
data/piano_A/G2/G2_v60_staccato_ped_01.wav,piano_A,G2,43,60,staccato,1,0.8,44100,16,-5.14,synth_sf2,piano.sf2
data/piano_A/G2/G2_v60_sustain_noped_01.wav,piano_A,G2,43,60,sustain,0,2.0,44100,16,-5.14,synth_sf2,piano.sf2
data/piano_A/G2/G2_v60_sustain_ped_01.wav,piano_A,G2,43,60,sustain,1,2.0,44100,16,-5.14,synth_sf2,piano.sf2
data/piano_A/G2/G2_v90_staccato_noped_01.wav,piano_A,G2,43,90,staccato,0,0.8,44100,16,-5.45,synth_sf2,piano.sf2
data/piano_A/G2/G2_v90_staccato_ped_01.wav,piano_A,G2,43,90,staccato,1,0.8,44100,16,-5.45,synth_sf2,piano.sf2
data/piano_A/G2/G2_v90_sustain_noped_01.wav,piano_A,G2,43,90,sustain,0,2.0,44100,16,-5.45,synth_sf2,piano.sf2
data/piano_A/G2/G2_v90_sustain_ped_01.wav,piano_A,G2,43,90,sustain,1,2.0,44100,16,-5.45,synth_sf2,piano.sf2
data/piano_A/G2/G2_v110_staccato_noped_01.wav,piano_A,G2,43,110,staccato,0,0.8,44100,16,-5.66,synth_sf2,piano.sf2
data/piano_A/G2/G2_v110_staccato_ped_01.wav,piano_A,G2,43,110,staccato,1,0.8,44100,16,-5.66,synth_sf2,piano.sf2
data/piano_A/G2/G2_v110_sustain_noped_01.wav,piano_A,G2,43,110,sustain,0,2.0,44100,16,-5.66,synth_sf2,piano.sf2
data/piano_A/G2/G2_v110_sustain_ped_01.wav,piano_A,G2,43,110,sustain,1,2.0,44100,16,-5.66,synth_sf2,piano.sf2
data/piano_A/G#2/G#2_v30_staccato_noped_01.wav,piano_A,G#2,44,30,staccato,0,0.8,44100,16,-2.85,synth_sf2,piano.sf2
data/piano_A/G#2/G#2_v30_staccato_ped_01.wav,piano_A,G#2,44,30,staccato,1,0.8,44100,16,-2.85,synth_sf2,piano.sf2
data/piano_A/G#2/G#2_v30_sustain_noped_01.wav,piano_A,G#2,44,30,sustain,0,2.0,44100,16,-2.85,synth_sf2,piano.sf2
data/piano_A/G#2/G#2_v30_sustain_ped_01.wav,piano_A,G#2,44,30,sustain,1,2.0,44100,16,-2.85,synth_sf2,piano.sf2
data/piano_A/G#2/G#2_v60_staccato_noped_01.wav,piano_A,G#2,44,60,staccato,0,0.8,44100,16,-3.43,synth_sf2,piano.sf2
data/piano_A/G#2/G#2_v60_staccato_ped_01.wav,piano_A,G#2,44,60,staccato,1,0.8,44100,16,-3.43,synth_sf2,piano.sf2
data/piano_A/G#2/G#2_v60_sustain_noped_01.wav,piano_A,G#2,44,60,sustain,0,2.0,44100,16,-3.43,synth_sf2,piano.sf2
data/piano_A/G#2/G#2_v60_sustain_ped_01.wav,piano_A,G#2,44,60,sustain,1,2.0,44100,16,-3.43,synth_sf2,piano.sf2
data/piano_A/G#2/G#2_v90_staccato_noped_01.wav,piano_A,G#2,44,90,staccato,0,0.8,44100,16,-3.4,synth_sf2,piano.sf2
data/piano_A/G#2/G#2_v90_staccato_ped_01.wav,piano_A,G#2,44,90,staccato,1,0.8,44100,16,-3.4,synth_sf2,piano.sf2
data/piano_A/G#2/G#2_v90_sustain_noped_01.wav,piano_A,G#2,44,90,sustain,0,2.0,44100,16,-3.4,synth_sf2,piano.sf2
data/piano_A/G#2/G#2_v90_sustain_ped_01.wav,piano_A,G#2,44,90,sustain,1,2.0,44100,16,-3.4,synth_sf2,piano.sf2
data/piano_A/G#2/G#2_v110_staccato_noped_01.wav,piano_A,G#2,44,110,staccato,0,0.8,44100,16,-3.77,synth_sf2,piano.sf2
data/piano_A/G#2/G#2_v110_staccato_ped_01.wav,piano_A,G#2,44,110,staccato,1,0.8,44100,16,-3.77,synth_sf2,piano.sf2
data/piano_A/G#2/G#2_v110_sustain_noped_01.wav,piano_A,G#2,44,110,sustain,0,2.0,44100,16,-3.77,synth_sf2,piano.sf2
data/piano_A/G#2/G#2_v110_sustain_ped_01.wav,piano_A,G#2,44,110,sustain,1,2.0,44100,16,-3.77,synth_sf2,piano.sf2
data/piano_A/A2/A2_v30_staccato_noped_01.wav,piano_A,A2,45,30,staccato,0,0.8,44100,16,-2.85,synth_sf2,piano.sf2
data/piano_A/A2/A2_v30_staccato_ped_01.wav,piano_A,A2,45,30,staccato,1,0.8,44100,16,-2.85,synth_sf2,piano.sf2
data/piano_A/A2/A2_v30_sustain_noped_01.wav,piano_A,A2,45,30,sustain,0,2.0,44100,16,-2.85,synth_sf2,piano.sf2
data/piano_A/A2/A2_v30_sustain_ped_01.wav,piano_A,A2,45,30,sustain,1,2.0,44100,16,-2.85,synth_sf2,piano.sf2
data/piano_A/A2/A2_v60_staccato_noped_01.wav,piano_A,A2,45,60,staccato,0,0.8,44100,16,-3.43,synth_sf2,piano.sf2
data/piano_A/A2/A2_v60_staccato_ped_01.wav,piano_A,A2,45,60,staccato,1,0.8,44100,16,-3.43,synth_sf2,piano.sf2
data/piano_A/A2/A2_v60_sustain_noped_01.wav,piano_A,A2,45,60,sustain,0,2.0,44100,16,-3.43,synth_sf2,piano.sf2
data/piano_A/A2/A2_v60_sustain_ped_01.wav,piano_A,A2,45,60,sustain,1,2.0,44100,16,-3.43,synth_sf2,piano.sf2
data/piano_A/A2/A2_v90_staccato_noped_01.wav,piano_A,A2,45,90,staccato,0,0.8,44100,16,-3.4,synth_sf2,piano.sf2
data/piano_A/A2/A2_v90_staccato_ped_01.wav,piano_A,A2,45,90,staccato,1,0.8,44100,16,-3.4,synth_sf2,piano.sf2
data/piano_A/A2/A2_v90_sustain_noped_01.wav,piano_A,A2,45,90,sustain,0,2.0,44100,16,-3.4,synth_sf2,piano.sf2
data/piano_A/A2/A2_v90_sustain_ped_01.wav,piano_A,A2,45,90,sustain,1,2.0,44100,16,-3.4,synth_sf2,piano.sf2
data/piano_A/A2/A2_v110_staccato_noped_01.wav,piano_A,A2,45,110,staccato,0,0.8,44100,16,-3.77,synth_sf2,piano.sf2
data/piano_A/A2/A2_v110_staccato_ped_01.wav,piano_A,A2,45,110,staccato,1,0.8,44100,16,-3.77,synth_sf2,piano.sf2
data/piano_A/A2/A2_v110_sustain_noped_01.wav,piano_A,A2,45,110,sustain,0,2.0,44100,16,-3.77,synth_sf2,piano.sf2
data/piano_A/A2/A2_v110_sustain_ped_01.wav,piano_A,A2,45,110,sustain,1,2.0,44100,16,-3.77,synth_sf2,piano.sf2
data/piano_A/A#2/A#2_v30_staccato_noped_01.wav,piano_A,A#2,46,30,staccato,0,0.8,44100,16,-2.85,synth_sf2,piano.sf2
data/piano_A/A#2/A#2_v30_staccato_ped_01.wav,piano_A,A#2,46,30,staccato,1,0.8,44100,16,-2.85,synth_sf2,piano.sf2
data/piano_A/A#2/A#2_v30_sustain_noped_01.wav,piano_A,A#2,46,30,sustain,0,2.0,44100,16,-2.85,synth_sf2,piano.sf2
data/piano_A/A#2/A#2_v30_sustain_ped_01.wav,piano_A,A#2,46,30,sustain,1,2.0,44100,16,-2.85,synth_sf2,piano.sf2
data/piano_A/A#2/A#2_v60_staccato_noped_01.wav,piano_A,A#2,46,60,staccato,0,0.8,44100,16,-3.43,synth_sf2,piano.sf2
data/piano_A/A#2/A#2_v60_staccato_ped_01.wav,piano_A,A#2,46,60,staccato,1,0.8,44100,16,-3.43,synth_sf2,piano.sf2
data/piano_A/A#2/A#2_v60_sustain_noped_01.wav,piano_A,A#2,46,60,sustain,0,2.0,44100,16,-3.43,synth_sf2,piano.sf2
data/piano_A/A#2/A#2_v60_sustain_ped_01.wav,piano_A,A#2,46,60,sustain,1,2.0,44100,16,-3.43,synth_sf2,piano.sf2
data/piano_A/A#2/A#2_v90_staccato_noped_01.wav,piano_A,A#2,46,90,staccato,0,0.8,44100,16,-3.4,synth_sf2,piano.sf2
data/piano_A/A#2/A#2_v90_staccato_ped_01.wav,piano_A,A#2,46,90,staccato,1,0.8,44100,16,-3.4,synth_sf2,piano.sf2
data/piano_A/A#2/A#2_v90_sustain_noped_01.wav,piano_A,A#2,46,90,sustain,0,2.0,44100,16,-3.4,synth_sf2,piano.sf2
data/piano_A/A#2/A#2_v90_sustain_ped_01.wav,piano_A,A#2,46,90,sustain,1,2.0,44100,16,-3.4,synth_sf2,piano.sf2
data/piano_A/A#2/A#2_v110_staccato_noped_01.wav,piano_A,A#2,46,110,staccato,0,0.8,44100,16,-3.77,synth_sf2,piano.sf2
data/piano_A/A#2/A#2_v110_staccato_ped_01.wav,piano_A,A#2,46,110,staccato,1,0.8,44100,16,-3.77,synth_sf2,piano.sf2
data/piano_A/A#2/A#2_v110_sustain_noped_01.wav,piano_A,A#2,46,110,sustain,0,2.0,44100,16,-3.77,synth_sf2,piano.sf2
data/piano_A/A#2/A#2_v110_sustain_ped_01.wav,piano_A,A#2,46,110,sustain,1,2.0,44100,16,-3.77,synth_sf2,piano.sf2
data/piano_A/B2/B2_v30_staccato_noped_01.wav,piano_A,B2,47,30,staccato,0,0.8,44100,16,-4.05,synth_sf2,piano.sf2
data/piano_A/B2/B2_v30_staccato_ped_01.wav,piano_A,B2,47,30,staccato,1,0.8,44100,16,-4.05,synth_sf2,piano.sf2
data/piano_A/B2/B2_v30_sustain_noped_01.wav,piano_A,B2,47,30,sustain,0,2.0,44100,16,-4.05,synth_sf2,piano.sf2
data/piano_A/B2/B2_v30_sustain_ped_01.wav,piano_A,B2,47,30,sustain,1,2.0,44100,16,-4.05,synth_sf2,piano.sf2
data/piano_A/B2/B2_v60_staccato_noped_01.wav,piano_A,B2,47,60,staccato,0,0.8,44100,16,-3.83,synth_sf2,piano.sf2
data/piano_A/B2/B2_v60_staccato_ped_01.wav,piano_A,B2,47,60,staccato,1,0.8,44100,16,-3.83,synth_sf2,piano.sf2
data/piano_A/B2/B2_v60_sustain_noped_01.wav,piano_A,B2,47,60,sustain,0,2.0,44100,16,-3.83,synth_sf2,piano.sf2
data/piano_A/B2/B2_v60_sustain_ped_01.wav,piano_A,B2,47,60,sustain,1,2.0,44100,16,-3.83,synth_sf2,piano.sf2
data/piano_A/B2/B2_v90_staccato_noped_01.wav,piano_A,B2,47,90,staccato,0,0.8,44100,16,-4.55,synth_sf2,piano.sf2
data/piano_A/B2/B2_v90_staccato_ped_01.wav,piano_A,B2,47,90,staccato,1,0.8,44100,16,-4.55,synth_sf2,piano.sf2
data/piano_A/B2/B2_v90_sustain_noped_01.wav,piano_A,B2,47,90,sustain,0,2.0,44100,16,-4.55,synth_sf2,piano.sf2
data/piano_A/B2/B2_v90_sustain_ped_01.wav,piano_A,B2,47,90,sustain,1,2.0,44100,16,-4.55,synth_sf2,piano.sf2
data/piano_A/B2/B2_v110_staccato_noped_01.wav,piano_A,B2,47,110,staccato,0,0.8,44100,16,-4.54,synth_sf2,piano.sf2
data/piano_A/B2/B2_v110_staccato_ped_01.wav,piano_A,B2,47,110,staccato,1,0.8,44100,16,-4.54,synth_sf2,piano.sf2
data/piano_A/B2/B2_v110_sustain_noped_01.wav,piano_A,B2,47,110,sustain,0,2.0,44100,16,-4.54,synth_sf2,piano.sf2
data/piano_A/B2/B2_v110_sustain_ped_01.wav,piano_A,B2,47,110,sustain,1,2.0,44100,16,-4.54,synth_sf2,piano.sf2
data/piano_A/C3/C3_v30_staccato_noped_01.wav,piano_A,C3,48,30,staccato,0,0.8,44100,16,-4.05,synth_sf2,piano.sf2
data/piano_A/C3/C3_v30_staccato_ped_01.wav,piano_A,C3,48,30,staccato,1,0.8,44100,16,-4.05,synth_sf2,piano.sf2
data/piano_A/C3/C3_v30_sustain_noped_01.wav,piano_A,C3,48,30,sustain,0,2.0,44100,16,-4.05,synth_sf2,piano.sf2
data/piano_A/C3/C3_v30_sustain_ped_01.wav,piano_A,C3,48,30,sustain,1,2.0,44100,16,-4.05,synth_sf2,piano.sf2
data/piano_A/C3/C3_v60_staccato_noped_01.wav,piano_A,C3,48,60,staccato,0,0.8,44100,16,-3.83,synth_sf2,piano.sf2
data/piano_A/C3/C3_v60_staccato_ped_01.wav,piano_A,C3,48,60,staccato,1,0.8,44100,16,-3.83,synth_sf2,piano.sf2
data/piano_A/C3/C3_v60_sustain_noped_01.wav,piano_A,C3,48,60,sustain,0,2.0,44100,16,-3.83,synth_sf2,piano.sf2
data/piano_A/C3/C3_v60_sustain_ped_01.wav,piano_A,C3,48,60,sustain,1,2.0,44100,16,-3.83,synth_sf2,piano.sf2
data/piano_A/C3/C3_v90_staccato_noped_01.wav,piano_A,C3,48,90,staccato,0,0.8,44100,16,-4.55,synth_sf2,piano.sf2
data/piano_A/C3/C3_v90_staccato_ped_01.wav,piano_A,C3,48,90,staccato,1,0.8,44100,16,-4.55,synth_sf2,piano.sf2
data/piano_A/C3/C3_v90_sustain_noped_01.wav,piano_A,C3,48,90,sustain,0,2.0,44100,16,-4.55,synth_sf2,piano.sf2
data/piano_A/C3/C3_v90_sustain_ped_01.wav,piano_A,C3,48,90,sustain,1,2.0,44100,16,-4.55,synth_sf2,piano.sf2
data/piano_A/C3/C3_v110_staccato_noped_01.wav,piano_A,C3,48,110,staccato,0,0.8,44100,16,-4.55,synth_sf2,piano.sf2
data/piano_A/C3/C3_v110_staccato_ped_01.wav,piano_A,C3,48,110,staccato,1,0.8,44100,16,-4.55,synth_sf2,piano.sf2
data/piano_A/C3/C3_v110_sustain_noped_01.wav,piano_A,C3,48,110,sustain,0,2.0,44100,16,-4.55,synth_sf2,piano.sf2
data/piano_A/C3/C3_v110_sustain_ped_01.wav,piano_A,C3,48,110,sustain,1,2.0,44100,16,-4.55,synth_sf2,piano.sf2
data/piano_A/C#3/C#3_v30_staccato_noped_01.wav,piano_A,C#3,49,30,staccato,0,0.8,44100,16,-4.05,synth_sf2,piano.sf2
data/piano_A/C#3/C#3_v30_staccato_ped_01.wav,piano_A,C#3,49,30,staccato,1,0.8,44100,16,-4.05,synth_sf2,piano.sf2
data/piano_A/C#3/C#3_v30_sustain_noped_01.wav,piano_A,C#3,49,30,sustain,0,2.0,44100,16,-4.05,synth_sf2,piano.sf2
data/piano_A/C#3/C#3_v30_sustain_ped_01.wav,piano_A,C#3,49,30,sustain,1,2.0,44100,16,-4.05,synth_sf2,piano.sf2
data/piano_A/C#3/C#3_v60_staccato_noped_01.wav,piano_A,C#3,49,60,staccato,0,0.8,44100,16,-3.83,synth_sf2,piano.sf2
data/piano_A/C#3/C#3_v60_staccato_ped_01.wav,piano_A,C#3,49,60,staccato,1,0.8,44100,16,-3.83,synth_sf2,piano.sf2
data/piano_A/C#3/C#3_v60_sustain_noped_01.wav,piano_A,C#3,49,60,sustain,0,2.0,44100,16,-3.83,synth_sf2,piano.sf2
data/piano_A/C#3/C#3_v60_sustain_ped_01.wav,piano_A,C#3,49,60,sustain,1,2.0,44100,16,-3.83,synth_sf2,piano.sf2
data/piano_A/C#3/C#3_v90_staccato_noped_01.wav,piano_A,C#3,49,90,staccato,0,0.8,44100,16,-4.54,synth_sf2,piano.sf2
data/piano_A/C#3/C#3_v90_staccato_ped_01.wav,piano_A,C#3,49,90,staccato,1,0.8,44100,16,-4.54,synth_sf2,piano.sf2
data/piano_A/C#3/C#3_v90_sustain_noped_01.wav,piano_A,C#3,49,90,sustain,0,2.0,44100,16,-4.54,synth_sf2,piano.sf2
data/piano_A/C#3/C#3_v90_sustain_ped_01.wav,piano_A,C#3,49,90,sustain,1,2.0,44100,16,-4.54,synth_sf2,piano.sf2
data/piano_A/C#3/C#3_v110_staccato_noped_01.wav,piano_A,C#3,49,110,staccato,0,0.8,44100,16,-4.55,synth_sf2,piano.sf2
data/piano_A/C#3/C#3_v110_staccato_ped_01.wav,piano_A,C#3,49,110,staccato,1,0.8,44100,16,-4.55,synth_sf2,piano.sf2
data/piano_A/C#3/C#3_v110_sustain_noped_01.wav,piano_A,C#3,49,110,sustain,0,2.0,44100,16,-4.55,synth_sf2,piano.sf2
data/piano_A/C#3/C#3_v110_sustain_ped_01.wav,piano_A,C#3,49,110,sustain,1,2.0,44100,16,-4.55,synth_sf2,piano.sf2
data/piano_A/D3/D3_v30_staccato_noped_01.wav,piano_A,D3,50,30,staccato,0,0.8,44100,16,-3.56,synth_sf2,piano.sf2
data/piano_A/D3/D3_v30_staccato_ped_01.wav,piano_A,D3,50,30,staccato,1,0.8,44100,16,-3.56,synth_sf2,piano.sf2
data/piano_A/D3/D3_v30_sustain_noped_01.wav,piano_A,D3,50,30,sustain,0,2.0,44100,16,-3.56,synth_sf2,piano.sf2
data/piano_A/D3/D3_v30_sustain_ped_01.wav,piano_A,D3,50,30,sustain,1,2.0,44100,16,-3.56,synth_sf2,piano.sf2
data/piano_A/D3/D3_v60_staccato_noped_01.wav,piano_A,D3,50,60,staccato,0,0.8,44100,16,-3.5,synth_sf2,piano.sf2
data/piano_A/D3/D3_v60_staccato_ped_01.wav,piano_A,D3,50,60,staccato,1,0.8,44100,16,-3.5,synth_sf2,piano.sf2
data/piano_A/D3/D3_v60_sustain_noped_01.wav,piano_A,D3,50,60,sustain,0,2.0,44100,16,-3.5,synth_sf2,piano.sf2
data/piano_A/D3/D3_v60_sustain_ped_01.wav,piano_A,D3,50,60,sustain,1,2.0,44100,16,-3.5,synth_sf2,piano.sf2
data/piano_A/D3/D3_v90_staccato_noped_01.wav,piano_A,D3,50,90,staccato,0,0.8,44100,16,-3.69,synth_sf2,piano.sf2
data/piano_A/D3/D3_v90_staccato_ped_01.wav,piano_A,D3,50,90,staccato,1,0.8,44100,16,-3.69,synth_sf2,piano.sf2
data/piano_A/D3/D3_v90_sustain_noped_01.wav,piano_A,D3,50,90,sustain,0,2.0,44100,16,-3.69,synth_sf2,piano.sf2
data/piano_A/D3/D3_v90_sustain_ped_01.wav,piano_A,D3,50,90,sustain,1,2.0,44100,16,-3.69,synth_sf2,piano.sf2
data/piano_A/D3/D3_v110_staccato_noped_01.wav,piano_A,D3,50,110,staccato,0,0.8,44100,16,-3.84,synth_sf2,piano.sf2
data/piano_A/D3/D3_v110_staccato_ped_01.wav,piano_A,D3,50,110,staccato,1,0.8,44100,16,-3.84,synth_sf2,piano.sf2
data/piano_A/D3/D3_v110_sustain_noped_01.wav,piano_A,D3,50,110,sustain,0,2.0,44100,16,-3.84,synth_sf2,piano.sf2
data/piano_A/D3/D3_v110_sustain_ped_01.wav,piano_A,D3,50,110,sustain,1,2.0,44100,16,-3.84,synth_sf2,piano.sf2
data/piano_A/D#3/D#3_v30_staccato_noped_01.wav,piano_A,D#3,51,30,staccato,0,0.8,44100,16,-3.56,synth_sf2,piano.sf2
data/piano_A/D#3/D#3_v30_staccato_ped_01.wav,piano_A,D#3,51,30,staccato,1,0.8,44100,16,-3.56,synth_sf2,piano.sf2
data/piano_A/D#3/D#3_v30_sustain_noped_01.wav,piano_A,D#3,51,30,sustain,0,2.0,44100,16,-3.56,synth_sf2,piano.sf2
data/piano_A/D#3/D#3_v30_sustain_ped_01.wav,piano_A,D#3,51,30,sustain,1,2.0,44100,16,-3.56,synth_sf2,piano.sf2
data/piano_A/D#3/D#3_v60_staccato_noped_01.wav,piano_A,D#3,51,60,staccato,0,0.8,44100,16,-3.5,synth_sf2,piano.sf2
data/piano_A/D#3/D#3_v60_staccato_ped_01.wav,piano_A,D#3,51,60,staccato,1,0.8,44100,16,-3.5,synth_sf2,piano.sf2
data/piano_A/D#3/D#3_v60_sustain_noped_01.wav,piano_A,D#3,51,60,sustain,0,2.0,44100,16,-3.5,synth_sf2,piano.sf2
data/piano_A/D#3/D#3_v60_sustain_ped_01.wav,piano_A,D#3,51,60,sustain,1,2.0,44100,16,-3.5,synth_sf2,piano.sf2
data/piano_A/D#3/D#3_v90_staccato_noped_01.wav,piano_A,D#3,51,90,staccato,0,0.8,44100,16,-3.69,synth_sf2,piano.sf2
data/piano_A/D#3/D#3_v90_staccato_ped_01.wav,piano_A,D#3,51,90,staccato,1,0.8,44100,16,-3.69,synth_sf2,piano.sf2
data/piano_A/D#3/D#3_v90_sustain_noped_01.wav,piano_A,D#3,51,90,sustain,0,2.0,44100,16,-3.69,synth_sf2,piano.sf2
data/piano_A/D#3/D#3_v90_sustain_ped_01.wav,piano_A,D#3,51,90,sustain,1,2.0,44100,16,-3.69,synth_sf2,piano.sf2
data/piano_A/D#3/D#3_v110_staccato_noped_01.wav,piano_A,D#3,51,110,staccato,0,0.8,44100,16,-3.84,synth_sf2,piano.sf2
data/piano_A/D#3/D#3_v110_staccato_ped_01.wav,piano_A,D#3,51,110,staccato,1,0.8,44100,16,-3.84,synth_sf2,piano.sf2
data/piano_A/D#3/D#3_v110_sustain_noped_01.wav,piano_A,D#3,51,110,sustain,0,2.0,44100,16,-3.84,synth_sf2,piano.sf2
data/piano_A/D#3/D#3_v110_sustain_ped_01.wav,piano_A,D#3,51,110,sustain,1,2.0,44100,16,-3.84,synth_sf2,piano.sf2
data/piano_A/E3/E3_v30_staccato_noped_01.wav,piano_A,E3,52,30,staccato,0,0.8,44100,16,-3.56,synth_sf2,piano.sf2
data/piano_A/E3/E3_v30_staccato_ped_01.wav,piano_A,E3,52,30,staccato,1,0.8,44100,16,-3.56,synth_sf2,piano.sf2
data/piano_A/E3/E3_v30_sustain_noped_01.wav,piano_A,E3,52,30,sustain,0,2.0,44100,16,-3.56,synth_sf2,piano.sf2
data/piano_A/E3/E3_v30_sustain_ped_01.wav,piano_A,E3,52,30,sustain,1,2.0,44100,16,-3.56,synth_sf2,piano.sf2
data/piano_A/E3/E3_v60_staccato_noped_01.wav,piano_A,E3,52,60,staccato,0,0.8,44100,16,-3.5,synth_sf2,piano.sf2
data/piano_A/E3/E3_v60_staccato_ped_01.wav,piano_A,E3,52,60,staccato,1,0.8,44100,16,-3.5,synth_sf2,piano.sf2
data/piano_A/E3/E3_v60_sustain_noped_01.wav,piano_A,E3,52,60,sustain,0,2.0,44100,16,-3.5,synth_sf2,piano.sf2
data/piano_A/E3/E3_v60_sustain_ped_01.wav,piano_A,E3,52,60,sustain,1,2.0,44100,16,-3.5,synth_sf2,piano.sf2
data/piano_A/E3/E3_v90_staccato_noped_01.wav,piano_A,E3,52,90,staccato,0,0.8,44100,16,-3.69,synth_sf2,piano.sf2
data/piano_A/E3/E3_v90_staccato_ped_01.wav,piano_A,E3,52,90,staccato,1,0.8,44100,16,-3.69,synth_sf2,piano.sf2
data/piano_A/E3/E3_v90_sustain_noped_01.wav,piano_A,E3,52,90,sustain,0,2.0,44100,16,-3.69,synth_sf2,piano.sf2
data/piano_A/E3/E3_v90_sustain_ped_01.wav,piano_A,E3,52,90,sustain,1,2.0,44100,16,-3.69,synth_sf2,piano.sf2
data/piano_A/E3/E3_v110_staccato_noped_01.wav,piano_A,E3,52,110,staccato,0,0.8,44100,16,-3.84,synth_sf2,piano.sf2
data/piano_A/E3/E3_v110_staccato_ped_01.wav,piano_A,E3,52,110,staccato,1,0.8,44100,16,-3.84,synth_sf2,piano.sf2
data/piano_A/E3/E3_v110_sustain_noped_01.wav,piano_A,E3,52,110,sustain,0,2.0,44100,16,-3.84,synth_sf2,piano.sf2
data/piano_A/E3/E3_v110_sustain_ped_01.wav,piano_A,E3,52,110,sustain,1,2.0,44100,16,-3.84,synth_sf2,piano.sf2
data/piano_A/F3/F3_v30_staccato_noped_01.wav,piano_A,F3,53,30,staccato,0,0.8,44100,16,-5.7,synth_sf2,piano.sf2
data/piano_A/F3/F3_v30_staccato_ped_01.wav,piano_A,F3,53,30,staccato,1,0.8,44100,16,-5.7,synth_sf2,piano.sf2
data/piano_A/F3/F3_v30_sustain_noped_01.wav,piano_A,F3,53,30,sustain,0,2.0,44100,16,-5.7,synth_sf2,piano.sf2
data/piano_A/F3/F3_v30_sustain_ped_01.wav,piano_A,F3,53,30,sustain,1,2.0,44100,16,-5.7,synth_sf2,piano.sf2
data/piano_A/F3/F3_v60_staccato_noped_01.wav,piano_A,F3,53,60,staccato,0,0.8,44100,16,-5.33,synth_sf2,piano.sf2
data/piano_A/F3/F3_v60_staccato_ped_01.wav,piano_A,F3,53,60,staccato,1,0.8,44100,16,-5.33,synth_sf2,piano.sf2
data/piano_A/F3/F3_v60_sustain_noped_01.wav,piano_A,F3,53,60,sustain,0,2.0,44100,16,-5.33,synth_sf2,piano.sf2
data/piano_A/F3/F3_v60_sustain_ped_01.wav,piano_A,F3,53,60,sustain,1,2.0,44100,16,-5.33,synth_sf2,piano.sf2
data/piano_A/F3/F3_v90_staccato_noped_01.wav,piano_A,F3,53,90,staccato,0,0.8,44100,16,-5.22,synth_sf2,piano.sf2
data/piano_A/F3/F3_v90_staccato_ped_01.wav,piano_A,F3,53,90,staccato,1,0.8,44100,16,-5.22,synth_sf2,piano.sf2
data/piano_A/F3/F3_v90_sustain_noped_01.wav,piano_A,F3,53,90,sustain,0,2.0,44100,16,-5.22,synth_sf2,piano.sf2
data/piano_A/F3/F3_v90_sustain_ped_01.wav,piano_A,F3,53,90,sustain,1,2.0,44100,16,-5.22,synth_sf2,piano.sf2
data/piano_A/F3/F3_v110_staccato_noped_01.wav,piano_A,F3,53,110,staccato,0,0.8,44100,16,-5.19,synth_sf2,piano.sf2
data/piano_A/F3/F3_v110_staccato_ped_01.wav,piano_A,F3,53,110,staccato,1,0.8,44100,16,-5.19,synth_sf2,piano.sf2
data/piano_A/F3/F3_v110_sustain_noped_01.wav,piano_A,F3,53,110,sustain,0,2.0,44100,16,-5.19,synth_sf2,piano.sf2
data/piano_A/F3/F3_v110_sustain_ped_01.wav,piano_A,F3,53,110,sustain,1,2.0,44100,16,-5.19,synth_sf2,piano.sf2
data/piano_A/F#3/F#3_v30_staccato_noped_01.wav,piano_A,F#3,54,30,staccato,0,0.8,44100,16,-5.7,synth_sf2,piano.sf2
data/piano_A/F#3/F#3_v30_staccato_ped_01.wav,piano_A,F#3,54,30,staccato,1,0.8,44100,16,-5.7,synth_sf2,piano.sf2
data/piano_A/F#3/F#3_v30_sustain_noped_01.wav,piano_A,F#3,54,30,sustain,0,2.0,44100,16,-5.7,synth_sf2,piano.sf2
data/piano_A/F#3/F#3_v30_sustain_ped_01.wav,piano_A,F#3,54,30,sustain,1,2.0,44100,16,-5.7,synth_sf2,piano.sf2
data/piano_A/F#3/F#3_v60_staccato_noped_01.wav,piano_A,F#3,54,60,staccato,0,0.8,44100,16,-5.33,synth_sf2,piano.sf2
data/piano_A/F#3/F#3_v60_staccato_ped_01.wav,piano_A,F#3,54,60,staccato,1,0.8,44100,16,-5.33,synth_sf2,piano.sf2
data/piano_A/F#3/F#3_v60_sustain_noped_01.wav,piano_A,F#3,54,60,sustain,0,2.0,44100,16,-5.33,synth_sf2,piano.sf2
data/piano_A/F#3/F#3_v60_sustain_ped_01.wav,piano_A,F#3,54,60,sustain,1,2.0,44100,16,-5.33,synth_sf2,piano.sf2
data/piano_A/F#3/F#3_v90_staccato_noped_01.wav,piano_A,F#3,54,90,staccato,0,0.8,44100,16,-5.21,synth_sf2,piano.sf2
data/piano_A/F#3/F#3_v90_staccato_ped_01.wav,piano_A,F#3,54,90,staccato,1,0.8,44100,16,-5.21,synth_sf2,piano.sf2
data/piano_A/F#3/F#3_v90_sustain_noped_01.wav,piano_A,F#3,54,90,sustain,0,2.0,44100,16,-5.21,synth_sf2,piano.sf2
data/piano_A/F#3/F#3_v90_sustain_ped_01.wav,piano_A,F#3,54,90,sustain,1,2.0,44100,16,-5.21,synth_sf2,piano.sf2
data/piano_A/F#3/F#3_v110_staccato_noped_01.wav,piano_A,F#3,54,110,staccato,0,0.8,44100,16,-5.21,synth_sf2,piano.sf2
data/piano_A/F#3/F#3_v110_staccato_ped_01.wav,piano_A,F#3,54,110,staccato,1,0.8,44100,16,-5.21,synth_sf2,piano.sf2
data/piano_A/F#3/F#3_v110_sustain_noped_01.wav,piano_A,F#3,54,110,sustain,0,2.0,44100,16,-5.21,synth_sf2,piano.sf2
data/piano_A/F#3/F#3_v110_sustain_ped_01.wav,piano_A,F#3,54,110,sustain,1,2.0,44100,16,-5.21,synth_sf2,piano.sf2
data/piano_A/G3/G3_v30_staccato_noped_01.wav,piano_A,G3,55,30,staccato,0,0.8,44100,16,-5.7,synth_sf2,piano.sf2
data/piano_A/G3/G3_v30_staccato_ped_01.wav,piano_A,G3,55,30,staccato,1,0.8,44100,16,-5.7,synth_sf2,piano.sf2
data/piano_A/G3/G3_v30_sustain_noped_01.wav,piano_A,G3,55,30,sustain,0,2.0,44100,16,-5.7,synth_sf2,piano.sf2
data/piano_A/G3/G3_v30_sustain_ped_01.wav,piano_A,G3,55,30,sustain,1,2.0,44100,16,-5.7,synth_sf2,piano.sf2
data/piano_A/G3/G3_v60_staccato_noped_01.wav,piano_A,G3,55,60,staccato,0,0.8,44100,16,-5.32,synth_sf2,piano.sf2
data/piano_A/G3/G3_v60_staccato_ped_01.wav,piano_A,G3,55,60,staccato,1,0.8,44100,16,-5.32,synth_sf2,piano.sf2
data/piano_A/G3/G3_v60_sustain_noped_01.wav,piano_A,G3,55,60,sustain,0,2.0,44100,16,-5.32,synth_sf2,piano.sf2
data/piano_A/G3/G3_v60_sustain_ped_01.wav,piano_A,G3,55,60,sustain,1,2.0,44100,16,-5.32,synth_sf2,piano.sf2
data/piano_A/G3/G3_v90_staccato_noped_01.wav,piano_A,G3,55,90,staccato,0,0.8,44100,16,-5.21,synth_sf2,piano.sf2
data/piano_A/G3/G3_v90_staccato_ped_01.wav,piano_A,G3,55,90,staccato,1,0.8,44100,16,-5.21,synth_sf2,piano.sf2
data/piano_A/G3/G3_v90_sustain_noped_01.wav,piano_A,G3,55,90,sustain,0,2.0,44100,16,-5.21,synth_sf2,piano.sf2
data/piano_A/G3/G3_v90_sustain_ped_01.wav,piano_A,G3,55,90,sustain,1,2.0,44100,16,-5.21,synth_sf2,piano.sf2
data/piano_A/G3/G3_v110_staccato_noped_01.wav,piano_A,G3,55,110,staccato,0,0.8,44100,16,-5.18,synth_sf2,piano.sf2
data/piano_A/G3/G3_v110_staccato_ped_01.wav,piano_A,G3,55,110,staccato,1,0.8,44100,16,-5.18,synth_sf2,piano.sf2
data/piano_A/G3/G3_v110_sustain_noped_01.wav,piano_A,G3,55,110,sustain,0,2.0,44100,16,-5.18,synth_sf2,piano.sf2
data/piano_A/G3/G3_v110_sustain_ped_01.wav,piano_A,G3,55,110,sustain,1,2.0,44100,16,-5.18,synth_sf2,piano.sf2
data/piano_A/G#3/G#3_v30_staccato_noped_01.wav,piano_A,G#3,56,30,staccato,0,0.8,44100,16,-2.62,synth_sf2,piano.sf2
data/piano_A/G#3/G#3_v30_staccato_ped_01.wav,piano_A,G#3,56,30,staccato,1,0.8,44100,16,-2.62,synth_sf2,piano.sf2
data/piano_A/G#3/G#3_v30_sustain_noped_01.wav,piano_A,G#3,56,30,sustain,0,2.0,44100,16,-2.62,synth_sf2,piano.sf2
data/piano_A/G#3/G#3_v30_sustain_ped_01.wav,piano_A,G#3,56,30,sustain,1,2.0,44100,16,-2.62,synth_sf2,piano.sf2
data/piano_A/G#3/G#3_v60_staccato_noped_01.wav,piano_A,G#3,56,60,staccato,0,0.8,44100,16,-4.62,synth_sf2,piano.sf2
data/piano_A/G#3/G#3_v60_staccato_ped_01.wav,piano_A,G#3,56,60,staccato,1,0.8,44100,16,-4.62,synth_sf2,piano.sf2
data/piano_A/G#3/G#3_v60_sustain_noped_01.wav,piano_A,G#3,56,60,sustain,0,2.0,44100,16,-4.62,synth_sf2,piano.sf2
data/piano_A/G#3/G#3_v60_sustain_ped_01.wav,piano_A,G#3,56,60,sustain,1,2.0,44100,16,-4.62,synth_sf2,piano.sf2
data/piano_A/G#3/G#3_v90_staccato_noped_01.wav,piano_A,G#3,56,90,staccato,0,0.8,44100,16,-4.8,synth_sf2,piano.sf2
data/piano_A/G#3/G#3_v90_staccato_ped_01.wav,piano_A,G#3,56,90,staccato,1,0.8,44100,16,-4.8,synth_sf2,piano.sf2
data/piano_A/G#3/G#3_v90_sustain_noped_01.wav,piano_A,G#3,56,90,sustain,0,2.0,44100,16,-4.8,synth_sf2,piano.sf2
data/piano_A/G#3/G#3_v90_sustain_ped_01.wav,piano_A,G#3,56,90,sustain,1,2.0,44100,16,-4.8,synth_sf2,piano.sf2
data/piano_A/G#3/G#3_v110_staccato_noped_01.wav,piano_A,G#3,56,110,staccato,0,0.8,44100,16,-4.87,synth_sf2,piano.sf2
data/piano_A/G#3/G#3_v110_staccato_ped_01.wav,piano_A,G#3,56,110,staccato,1,0.8,44100,16,-4.87,synth_sf2,piano.sf2
data/piano_A/G#3/G#3_v110_sustain_noped_01.wav,piano_A,G#3,56,110,sustain,0,2.0,44100,16,-4.87,synth_sf2,piano.sf2
data/piano_A/G#3/G#3_v110_sustain_ped_01.wav,piano_A,G#3,56,110,sustain,1,2.0,44100,16,-4.87,synth_sf2,piano.sf2
data/piano_A/A3/A3_v30_staccato_noped_01.wav,piano_A,A3,57,30,staccato,0,0.8,44100,16,-2.62,synth_sf2,piano.sf2
data/piano_A/A3/A3_v30_staccato_ped_01.wav,piano_A,A3,57,30,staccato,1,0.8,44100,16,-2.62,synth_sf2,piano.sf2
data/piano_A/A3/A3_v30_sustain_noped_01.wav,piano_A,A3,57,30,sustain,0,2.0,44100,16,-2.62,synth_sf2,piano.sf2
data/piano_A/A3/A3_v30_sustain_ped_01.wav,piano_A,A3,57,30,sustain,1,2.0,44100,16,-2.62,synth_sf2,piano.sf2
data/piano_A/A3/A3_v60_staccato_noped_01.wav,piano_A,A3,57,60,staccato,0,0.8,44100,16,-4.63,synth_sf2,piano.sf2
data/piano_A/A3/A3_v60_staccato_ped_01.wav,piano_A,A3,57,60,staccato,1,0.8,44100,16,-4.63,synth_sf2,piano.sf2
data/piano_A/A3/A3_v60_sustain_noped_01.wav,piano_A,A3,57,60,sustain,0,2.0,44100,16,-4.63,synth_sf2,piano.sf2
data/piano_A/A3/A3_v60_sustain_ped_01.wav,piano_A,A3,57,60,sustain,1,2.0,44100,16,-4.63,synth_sf2,piano.sf2
data/piano_A/A3/A3_v90_staccato_noped_01.wav,piano_A,A3,57,90,staccato,0,0.8,44100,16,-4.81,synth_sf2,piano.sf2
data/piano_A/A3/A3_v90_staccato_ped_01.wav,piano_A,A3,57,90,staccato,1,0.8,44100,16,-4.81,synth_sf2,piano.sf2
data/piano_A/A3/A3_v90_sustain_noped_01.wav,piano_A,A3,57,90,sustain,0,2.0,44100,16,-4.81,synth_sf2,piano.sf2
data/piano_A/A3/A3_v90_sustain_ped_01.wav,piano_A,A3,57,90,sustain,1,2.0,44100,16,-4.81,synth_sf2,piano.sf2
data/piano_A/A3/A3_v110_staccato_noped_01.wav,piano_A,A3,57,110,staccato,0,0.8,44100,16,-4.88,synth_sf2,piano.sf2
data/piano_A/A3/A3_v110_staccato_ped_01.wav,piano_A,A3,57,110,staccato,1,0.8,44100,16,-4.88,synth_sf2,piano.sf2
data/piano_A/A3/A3_v110_sustain_noped_01.wav,piano_A,A3,57,110,sustain,0,2.0,44100,16,-4.88,synth_sf2,piano.sf2
data/piano_A/A3/A3_v110_sustain_ped_01.wav,piano_A,A3,57,110,sustain,1,2.0,44100,16,-4.88,synth_sf2,piano.sf2
data/piano_A/A#3/A#3_v30_staccato_noped_01.wav,piano_A,A#3,58,30,staccato,0,0.8,44100,16,-2.62,synth_sf2,piano.sf2
data/piano_A/A#3/A#3_v30_staccato_ped_01.wav,piano_A,A#3,58,30,staccato,1,0.8,44100,16,-2.62,synth_sf2,piano.sf2
data/piano_A/A#3/A#3_v30_sustain_noped_01.wav,piano_A,A#3,58,30,sustain,0,2.0,44100,16,-2.62,synth_sf2,piano.sf2
data/piano_A/A#3/A#3_v30_sustain_ped_01.wav,piano_A,A#3,58,30,sustain,1,2.0,44100,16,-2.62,synth_sf2,piano.sf2
data/piano_A/A#3/A#3_v60_staccato_noped_01.wav,piano_A,A#3,58,60,staccato,0,0.8,44100,16,-4.62,synth_sf2,piano.sf2
data/piano_A/A#3/A#3_v60_staccato_ped_01.wav,piano_A,A#3,58,60,staccato,1,0.8,44100,16,-4.62,synth_sf2,piano.sf2
data/piano_A/A#3/A#3_v60_sustain_noped_01.wav,piano_A,A#3,58,60,sustain,0,2.0,44100,16,-4.62,synth_sf2,piano.sf2
data/piano_A/A#3/A#3_v60_sustain_ped_01.wav,piano_A,A#3,58,60,sustain,1,2.0,44100,16,-4.62,synth_sf2,piano.sf2
data/piano_A/A#3/A#3_v90_staccato_noped_01.wav,piano_A,A#3,58,90,staccato,0,0.8,44100,16,-4.81,synth_sf2,piano.sf2
data/piano_A/A#3/A#3_v90_staccato_ped_01.wav,piano_A,A#3,58,90,staccato,1,0.8,44100,16,-4.81,synth_sf2,piano.sf2
data/piano_A/A#3/A#3_v90_sustain_noped_01.wav,piano_A,A#3,58,90,sustain,0,2.0,44100,16,-4.81,synth_sf2,piano.sf2
data/piano_A/A#3/A#3_v90_sustain_ped_01.wav,piano_A,A#3,58,90,sustain,1,2.0,44100,16,-4.81,synth_sf2,piano.sf2
data/piano_A/A#3/A#3_v110_staccato_noped_01.wav,piano_A,A#3,58,110,staccato,0,0.8,44100,16,-4.88,synth_sf2,piano.sf2
data/piano_A/A#3/A#3_v110_staccato_ped_01.wav,piano_A,A#3,58,110,staccato,1,0.8,44100,16,-4.88,synth_sf2,piano.sf2
data/piano_A/A#3/A#3_v110_sustain_noped_01.wav,piano_A,A#3,58,110,sustain,0,2.0,44100,16,-4.88,synth_sf2,piano.sf2
data/piano_A/A#3/A#3_v110_sustain_ped_01.wav,piano_A,A#3,58,110,sustain,1,2.0,44100,16,-4.88,synth_sf2,piano.sf2
data/piano_A/B3/B3_v30_staccato_noped_01.wav,piano_A,B3,59,30,staccato,0,0.8,44100,16,-4.54,synth_sf2,piano.sf2
data/piano_A/B3/B3_v30_staccato_ped_01.wav,piano_A,B3,59,30,staccato,1,0.8,44100,16,-4.54,synth_sf2,piano.sf2
data/piano_A/B3/B3_v30_sustain_noped_01.wav,piano_A,B3,59,30,sustain,0,2.0,44100,16,-4.54,synth_sf2,piano.sf2
data/piano_A/B3/B3_v30_sustain_ped_01.wav,piano_A,B3,59,30,sustain,1,2.0,44100,16,-4.54,synth_sf2,piano.sf2
data/piano_A/B3/B3_v60_staccato_noped_01.wav,piano_A,B3,59,60,staccato,0,0.8,44100,16,-4.6,synth_sf2,piano.sf2
data/piano_A/B3/B3_v60_staccato_ped_01.wav,piano_A,B3,59,60,staccato,1,0.8,44100,16,-4.6,synth_sf2,piano.sf2
data/piano_A/B3/B3_v60_sustain_noped_01.wav,piano_A,B3,59,60,sustain,0,2.0,44100,16,-4.6,synth_sf2,piano.sf2
data/piano_A/B3/B3_v60_sustain_ped_01.wav,piano_A,B3,59,60,sustain,1,2.0,44100,16,-4.6,synth_sf2,piano.sf2
data/piano_A/B3/B3_v90_staccato_noped_01.wav,piano_A,B3,59,90,staccato,0,0.8,44100,16,-4.08,synth_sf2,piano.sf2
data/piano_A/B3/B3_v90_staccato_ped_01.wav,piano_A,B3,59,90,staccato,1,0.8,44100,16,-4.08,synth_sf2,piano.sf2
data/piano_A/B3/B3_v90_sustain_noped_01.wav,piano_A,B3,59,90,sustain,0,2.0,44100,16,-4.08,synth_sf2,piano.sf2
data/piano_A/B3/B3_v90_sustain_ped_01.wav,piano_A,B3,59,90,sustain,1,2.0,44100,16,-4.08,synth_sf2,piano.sf2
data/piano_A/B3/B3_v110_staccato_noped_01.wav,piano_A,B3,59,110,staccato,0,0.8,44100,16,-3.99,synth_sf2,piano.sf2
data/piano_A/B3/B3_v110_staccato_ped_01.wav,piano_A,B3,59,110,staccato,1,0.8,44100,16,-3.99,synth_sf2,piano.sf2
data/piano_A/B3/B3_v110_sustain_noped_01.wav,piano_A,B3,59,110,sustain,0,2.0,44100,16,-3.99,synth_sf2,piano.sf2
data/piano_A/B3/B3_v110_sustain_ped_01.wav,piano_A,B3,59,110,sustain,1,2.0,44100,16,-3.99,synth_sf2,piano.sf2
data/piano_A/C4/C4_v30_staccato_noped_01.wav,piano_A,C4,60,30,staccato,0,0.8,44100,16,-4.52,synth_sf2,piano.sf2
data/piano_A/C4/C4_v30_staccato_ped_01.wav,piano_A,C4,60,30,staccato,1,0.8,44100,16,-4.52,synth_sf2,piano.sf2
data/piano_A/C4/C4_v30_sustain_noped_01.wav,piano_A,C4,60,30,sustain,0,2.0,44100,16,-4.52,synth_sf2,piano.sf2
data/piano_A/C4/C4_v30_sustain_ped_01.wav,piano_A,C4,60,30,sustain,1,2.0,44100,16,-4.52,synth_sf2,piano.sf2
data/piano_A/C4/C4_v60_staccato_noped_01.wav,piano_A,C4,60,60,staccato,0,0.8,44100,16,-4.61,synth_sf2,piano.sf2
data/piano_A/C4/C4_v60_staccato_ped_01.wav,piano_A,C4,60,60,staccato,1,0.8,44100,16,-4.61,synth_sf2,piano.sf2
data/piano_A/C4/C4_v60_sustain_noped_01.wav,piano_A,C4,60,60,sustain,0,2.0,44100,16,-4.61,synth_sf2,piano.sf2
data/piano_A/C4/C4_v60_sustain_ped_01.wav,piano_A,C4,60,60,sustain,1,2.0,44100,16,-4.61,synth_sf2,piano.sf2
data/piano_A/C4/C4_v90_staccato_noped_01.wav,piano_A,C4,60,90,staccato,0,0.8,44100,16,-4.09,synth_sf2,piano.sf2
data/piano_A/C4/C4_v90_staccato_ped_01.wav,piano_A,C4,60,90,staccato,1,0.8,44100,16,-4.09,synth_sf2,piano.sf2
data/piano_A/C4/C4_v90_sustain_noped_01.wav,piano_A,C4,60,90,sustain,0,2.0,44100,16,-4.09,synth_sf2,piano.sf2
data/piano_A/C4/C4_v90_sustain_ped_01.wav,piano_A,C4,60,90,sustain,1,2.0,44100,16,-4.09,synth_sf2,piano.sf2
data/piano_A/C4/C4_v110_staccato_noped_01.wav,piano_A,C4,60,110,staccato,0,0.8,44100,16,-3.97,synth_sf2,piano.sf2
data/piano_A/C4/C4_v110_staccato_ped_01.wav,piano_A,C4,60,110,staccato,1,0.8,44100,16,-3.97,synth_sf2,piano.sf2
data/piano_A/C4/C4_v110_sustain_noped_01.wav,piano_A,C4,60,110,sustain,0,2.0,44100,16,-3.97,synth_sf2,piano.sf2
data/piano_A/C4/C4_v110_sustain_ped_01.wav,piano_A,C4,60,110,sustain,1,2.0,44100,16,-3.97,synth_sf2,piano.sf2
data/piano_A/C#4/C#4_v30_staccato_noped_01.wav,piano_A,C#4,61,30,staccato,0,0.8,44100,16,-4.52,synth_sf2,piano.sf2
data/piano_A/C#4/C#4_v30_staccato_ped_01.wav,piano_A,C#4,61,30,staccato,1,0.8,44100,16,-4.52,synth_sf2,piano.sf2
data/piano_A/C#4/C#4_v30_sustain_noped_01.wav,piano_A,C#4,61,30,sustain,0,2.0,44100,16,-4.52,synth_sf2,piano.sf2
data/piano_A/C#4/C#4_v30_sustain_ped_01.wav,piano_A,C#4,61,30,sustain,1,2.0,44100,16,-4.52,synth_sf2,piano.sf2
data/piano_A/C#4/C#4_v60_staccato_noped_01.wav,piano_A,C#4,61,60,staccato,0,0.8,44100,16,-4.61,synth_sf2,piano.sf2
data/piano_A/C#4/C#4_v60_staccato_ped_01.wav,piano_A,C#4,61,60,staccato,1,0.8,44100,16,-4.61,synth_sf2,piano.sf2
data/piano_A/C#4/C#4_v60_sustain_noped_01.wav,piano_A,C#4,61,60,sustain,0,2.0,44100,16,-4.61,synth_sf2,piano.sf2
data/piano_A/C#4/C#4_v60_sustain_ped_01.wav,piano_A,C#4,61,60,sustain,1,2.0,44100,16,-4.61,synth_sf2,piano.sf2
data/piano_A/C#4/C#4_v90_staccato_noped_01.wav,piano_A,C#4,61,90,staccato,0,0.8,44100,16,-4.07,synth_sf2,piano.sf2
data/piano_A/C#4/C#4_v90_staccato_ped_01.wav,piano_A,C#4,61,90,staccato,1,0.8,44100,16,-4.07,synth_sf2,piano.sf2
data/piano_A/C#4/C#4_v90_sustain_noped_01.wav,piano_A,C#4,61,90,sustain,0,2.0,44100,16,-4.07,synth_sf2,piano.sf2
data/piano_A/C#4/C#4_v90_sustain_ped_01.wav,piano_A,C#4,61,90,sustain,1,2.0,44100,16,-4.07,synth_sf2,piano.sf2
data/piano_A/C#4/C#4_v110_staccato_noped_01.wav,piano_A,C#4,61,110,staccato,0,0.8,44100,16,-3.97,synth_sf2,piano.sf2
data/piano_A/C#4/C#4_v110_staccato_ped_01.wav,piano_A,C#4,61,110,staccato,1,0.8,44100,16,-3.97,synth_sf2,piano.sf2
data/piano_A/C#4/C#4_v110_sustain_noped_01.wav,piano_A,C#4,61,110,sustain,0,2.0,44100,16,-3.97,synth_sf2,piano.sf2
data/piano_A/C#4/C#4_v110_sustain_ped_01.wav,piano_A,C#4,61,110,sustain,1,2.0,44100,16,-3.97,synth_sf2,piano.sf2
data/piano_A/D4/D4_v30_staccato_noped_01.wav,piano_A,D4,62,30,staccato,0,0.8,44100,16,-3.19,synth_sf2,piano.sf2
data/piano_A/D4/D4_v30_staccato_ped_01.wav,piano_A,D4,62,30,staccato,1,0.8,44100,16,-3.19,synth_sf2,piano.sf2
data/piano_A/D4/D4_v30_sustain_noped_01.wav,piano_A,D4,62,30,sustain,0,2.0,44100,16,-3.19,synth_sf2,piano.sf2
data/piano_A/D4/D4_v30_sustain_ped_01.wav,piano_A,D4,62,30,sustain,1,2.0,44100,16,-3.19,synth_sf2,piano.sf2
data/piano_A/D4/D4_v60_staccato_noped_01.wav,piano_A,D4,62,60,staccato,0,0.8,44100,16,-2.84,synth_sf2,piano.sf2
data/piano_A/D4/D4_v60_staccato_ped_01.wav,piano_A,D4,62,60,staccato,1,0.8,44100,16,-2.84,synth_sf2,piano.sf2
data/piano_A/D4/D4_v60_sustain_noped_01.wav,piano_A,D4,62,60,sustain,0,2.0,44100,16,-2.84,synth_sf2,piano.sf2
data/piano_A/D4/D4_v60_sustain_ped_01.wav,piano_A,D4,62,60,sustain,1,2.0,44100,16,-2.84,synth_sf2,piano.sf2
data/piano_A/D4/D4_v90_staccato_noped_01.wav,piano_A,D4,62,90,staccato,0,0.8,44100,16,-2.84,synth_sf2,piano.sf2
data/piano_A/D4/D4_v90_staccato_ped_01.wav,piano_A,D4,62,90,staccato,1,0.8,44100,16,-2.84,synth_sf2,piano.sf2
data/piano_A/D4/D4_v90_sustain_noped_01.wav,piano_A,D4,62,90,sustain,0,2.0,44100,16,-2.84,synth_sf2,piano.sf2
data/piano_A/D4/D4_v90_sustain_ped_01.wav,piano_A,D4,62,90,sustain,1,2.0,44100,16,-2.84,synth_sf2,piano.sf2
data/piano_A/D4/D4_v110_staccato_noped_01.wav,piano_A,D4,62,110,staccato,0,0.8,44100,16,-2.74,synth_sf2,piano.sf2
data/piano_A/D4/D4_v110_staccato_ped_01.wav,piano_A,D4,62,110,staccato,1,0.8,44100,16,-2.74,synth_sf2,piano.sf2
data/piano_A/D4/D4_v110_sustain_noped_01.wav,piano_A,D4,62,110,sustain,0,2.0,44100,16,-2.74,synth_sf2,piano.sf2
data/piano_A/D4/D4_v110_sustain_ped_01.wav,piano_A,D4,62,110,sustain,1,2.0,44100,16,-2.74,synth_sf2,piano.sf2
data/piano_A/D#4/D#4_v30_staccato_noped_01.wav,piano_A,D#4,63,30,staccato,0,0.8,44100,16,-3.17,synth_sf2,piano.sf2
data/piano_A/D#4/D#4_v30_staccato_ped_01.wav,piano_A,D#4,63,30,staccato,1,0.8,44100,16,-3.17,synth_sf2,piano.sf2
data/piano_A/D#4/D#4_v30_sustain_noped_01.wav,piano_A,D#4,63,30,sustain,0,2.0,44100,16,-3.17,synth_sf2,piano.sf2
data/piano_A/D#4/D#4_v30_sustain_ped_01.wav,piano_A,D#4,63,30,sustain,1,2.0,44100,16,-3.17,synth_sf2,piano.sf2
data/piano_A/D#4/D#4_v60_staccato_noped_01.wav,piano_A,D#4,63,60,staccato,0,0.8,44100,16,-2.84,synth_sf2,piano.sf2
data/piano_A/D#4/D#4_v60_staccato_ped_01.wav,piano_A,D#4,63,60,staccato,1,0.8,44100,16,-2.84,synth_sf2,piano.sf2
data/piano_A/D#4/D#4_v60_sustain_noped_01.wav,piano_A,D#4,63,60,sustain,0,2.0,44100,16,-2.84,synth_sf2,piano.sf2
data/piano_A/D#4/D#4_v60_sustain_ped_01.wav,piano_A,D#4,63,60,sustain,1,2.0,44100,16,-2.84,synth_sf2,piano.sf2
data/piano_A/D#4/D#4_v90_staccato_noped_01.wav,piano_A,D#4,63,90,staccato,0,0.8,44100,16,-2.85,synth_sf2,piano.sf2
data/piano_A/D#4/D#4_v90_staccato_ped_01.wav,piano_A,D#4,63,90,staccato,1,0.8,44100,16,-2.85,synth_sf2,piano.sf2
data/piano_A/D#4/D#4_v90_sustain_noped_01.wav,piano_A,D#4,63,90,sustain,0,2.0,44100,16,-2.85,synth_sf2,piano.sf2
data/piano_A/D#4/D#4_v90_sustain_ped_01.wav,piano_A,D#4,63,90,sustain,1,2.0,44100,16,-2.85,synth_sf2,piano.sf2
data/piano_A/D#4/D#4_v110_staccato_noped_01.wav,piano_A,D#4,63,110,staccato,0,0.8,44100,16,-2.74,synth_sf2,piano.sf2
data/piano_A/D#4/D#4_v110_staccato_ped_01.wav,piano_A,D#4,63,110,staccato,1,0.8,44100,16,-2.74,synth_sf2,piano.sf2
data/piano_A/D#4/D#4_v110_sustain_noped_01.wav,piano_A,D#4,63,110,sustain,0,2.0,44100,16,-2.74,synth_sf2,piano.sf2
data/piano_A/D#4/D#4_v110_sustain_ped_01.wav,piano_A,D#4,63,110,sustain,1,2.0,44100,16,-2.74,synth_sf2,piano.sf2
data/piano_A/E4/E4_v30_staccato_noped_01.wav,piano_A,E4,64,30,staccato,0,0.8,44100,16,-3.19,synth_sf2,piano.sf2
data/piano_A/E4/E4_v30_staccato_ped_01.wav,piano_A,E4,64,30,staccato,1,0.8,44100,16,-3.19,synth_sf2,piano.sf2
data/piano_A/E4/E4_v30_sustain_noped_01.wav,piano_A,E4,64,30,sustain,0,2.0,44100,16,-3.19,synth_sf2,piano.sf2
data/piano_A/E4/E4_v30_sustain_ped_01.wav,piano_A,E4,64,30,sustain,1,2.0,44100,16,-3.19,synth_sf2,piano.sf2
data/piano_A/E4/E4_v60_staccato_noped_01.wav,piano_A,E4,64,60,staccato,0,0.8,44100,16,-2.84,synth_sf2,piano.sf2
data/piano_A/E4/E4_v60_staccato_ped_01.wav,piano_A,E4,64,60,staccato,1,0.8,44100,16,-2.84,synth_sf2,piano.sf2
data/piano_A/E4/E4_v60_sustain_noped_01.wav,piano_A,E4,64,60,sustain,0,2.0,44100,16,-2.84,synth_sf2,piano.sf2
data/piano_A/E4/E4_v60_sustain_ped_01.wav,piano_A,E4,64,60,sustain,1,2.0,44100,16,-2.84,synth_sf2,piano.sf2
data/piano_A/E4/E4_v90_staccato_noped_01.wav,piano_A,E4,64,90,staccato,0,0.8,44100,16,-2.84,synth_sf2,piano.sf2
data/piano_A/E4/E4_v90_staccato_ped_01.wav,piano_A,E4,64,90,staccato,1,0.8,44100,16,-2.84,synth_sf2,piano.sf2
data/piano_A/E4/E4_v90_sustain_noped_01.wav,piano_A,E4,64,90,sustain,0,2.0,44100,16,-2.84,synth_sf2,piano.sf2
data/piano_A/E4/E4_v90_sustain_ped_01.wav,piano_A,E4,64,90,sustain,1,2.0,44100,16,-2.84,synth_sf2,piano.sf2
data/piano_A/E4/E4_v110_staccato_noped_01.wav,piano_A,E4,64,110,staccato,0,0.8,44100,16,-2.74,synth_sf2,piano.sf2
data/piano_A/E4/E4_v110_staccato_ped_01.wav,piano_A,E4,64,110,staccato,1,0.8,44100,16,-2.74,synth_sf2,piano.sf2
data/piano_A/E4/E4_v110_sustain_noped_01.wav,piano_A,E4,64,110,sustain,0,2.0,44100,16,-2.74,synth_sf2,piano.sf2
data/piano_A/E4/E4_v110_sustain_ped_01.wav,piano_A,E4,64,110,sustain,1,2.0,44100,16,-2.74,synth_sf2,piano.sf2
data/piano_A/F4/F4_v30_staccato_noped_01.wav,piano_A,F4,65,30,staccato,0,0.8,44100,16,-2.29,synth_sf2,piano.sf2
data/piano_A/F4/F4_v30_staccato_ped_01.wav,piano_A,F4,65,30,staccato,1,0.8,44100,16,-2.29,synth_sf2,piano.sf2
data/piano_A/F4/F4_v30_sustain_noped_01.wav,piano_A,F4,65,30,sustain,0,2.0,44100,16,-2.29,synth_sf2,piano.sf2
data/piano_A/F4/F4_v30_sustain_ped_01.wav,piano_A,F4,65,30,sustain,1,2.0,44100,16,-2.29,synth_sf2,piano.sf2
data/piano_A/F4/F4_v60_staccato_noped_01.wav,piano_A,F4,65,60,staccato,0,0.8,44100,16,-3.04,synth_sf2,piano.sf2
data/piano_A/F4/F4_v60_staccato_ped_01.wav,piano_A,F4,65,60,staccato,1,0.8,44100,16,-3.04,synth_sf2,piano.sf2
data/piano_A/F4/F4_v60_sustain_noped_01.wav,piano_A,F4,65,60,sustain,0,2.0,44100,16,-3.04,synth_sf2,piano.sf2
data/piano_A/F4/F4_v60_sustain_ped_01.wav,piano_A,F4,65,60,sustain,1,2.0,44100,16,-3.04,synth_sf2,piano.sf2
data/piano_A/F4/F4_v90_staccato_noped_01.wav,piano_A,F4,65,90,staccato,0,0.8,44100,16,-2.97,synth_sf2,piano.sf2
data/piano_A/F4/F4_v90_staccato_ped_01.wav,piano_A,F4,65,90,staccato,1,0.8,44100,16,-2.97,synth_sf2,piano.sf2
data/piano_A/F4/F4_v90_sustain_noped_01.wav,piano_A,F4,65,90,sustain,0,2.0,44100,16,-2.97,synth_sf2,piano.sf2
data/piano_A/F4/F4_v90_sustain_ped_01.wav,piano_A,F4,65,90,sustain,1,2.0,44100,16,-2.97,synth_sf2,piano.sf2
data/piano_A/F4/F4_v110_staccato_noped_01.wav,piano_A,F4,65,110,staccato,0,0.8,44100,16,-2.74,synth_sf2,piano.sf2
data/piano_A/F4/F4_v110_staccato_ped_01.wav,piano_A,F4,65,110,staccato,1,0.8,44100,16,-2.74,synth_sf2,piano.sf2
data/piano_A/F4/F4_v110_sustain_noped_01.wav,piano_A,F4,65,110,sustain,0,2.0,44100,16,-2.74,synth_sf2,piano.sf2
data/piano_A/F4/F4_v110_sustain_ped_01.wav,piano_A,F4,65,110,sustain,1,2.0,44100,16,-2.74,synth_sf2,piano.sf2
data/piano_A/F#4/F#4_v30_staccato_noped_01.wav,piano_A,F#4,66,30,staccato,0,0.8,44100,16,-2.29,synth_sf2,piano.sf2
data/piano_A/F#4/F#4_v30_staccato_ped_01.wav,piano_A,F#4,66,30,staccato,1,0.8,44100,16,-2.29,synth_sf2,piano.sf2
data/piano_A/F#4/F#4_v30_sustain_noped_01.wav,piano_A,F#4,66,30,sustain,0,2.0,44100,16,-2.29,synth_sf2,piano.sf2
data/piano_A/F#4/F#4_v30_sustain_ped_01.wav,piano_A,F#4,66,30,sustain,1,2.0,44100,16,-2.29,synth_sf2,piano.sf2
data/piano_A/F#4/F#4_v60_staccato_noped_01.wav,piano_A,F#4,66,60,staccato,0,0.8,44100,16,-3.04,synth_sf2,piano.sf2
data/piano_A/F#4/F#4_v60_staccato_ped_01.wav,piano_A,F#4,66,60,staccato,1,0.8,44100,16,-3.04,synth_sf2,piano.sf2
data/piano_A/F#4/F#4_v60_sustain_noped_01.wav,piano_A,F#4,66,60,sustain,0,2.0,44100,16,-3.04,synth_sf2,piano.sf2
data/piano_A/F#4/F#4_v60_sustain_ped_01.wav,piano_A,F#4,66,60,sustain,1,2.0,44100,16,-3.04,synth_sf2,piano.sf2
data/piano_A/F#4/F#4_v90_staccato_noped_01.wav,piano_A,F#4,66,90,staccato,0,0.8,44100,16,-2.97,synth_sf2,piano.sf2
data/piano_A/F#4/F#4_v90_staccato_ped_01.wav,piano_A,F#4,66,90,staccato,1,0.8,44100,16,-2.97,synth_sf2,piano.sf2
data/piano_A/F#4/F#4_v90_sustain_noped_01.wav,piano_A,F#4,66,90,sustain,0,2.0,44100,16,-2.97,synth_sf2,piano.sf2
data/piano_A/F#4/F#4_v90_sustain_ped_01.wav,piano_A,F#4,66,90,sustain,1,2.0,44100,16,-2.97,synth_sf2,piano.sf2
data/piano_A/F#4/F#4_v110_staccato_noped_01.wav,piano_A,F#4,66,110,staccato,0,0.8,44100,16,-2.74,synth_sf2,piano.sf2
data/piano_A/F#4/F#4_v110_staccato_ped_01.wav,piano_A,F#4,66,110,staccato,1,0.8,44100,16,-2.74,synth_sf2,piano.sf2
data/piano_A/F#4/F#4_v110_sustain_noped_01.wav,piano_A,F#4,66,110,sustain,0,2.0,44100,16,-2.74,synth_sf2,piano.sf2
data/piano_A/F#4/F#4_v110_sustain_ped_01.wav,piano_A,F#4,66,110,sustain,1,2.0,44100,16,-2.74,synth_sf2,piano.sf2
data/piano_A/G4/G4_v30_staccato_noped_01.wav,piano_A,G4,67,30,staccato,0,0.8,44100,16,-2.29,synth_sf2,piano.sf2
data/piano_A/G4/G4_v30_staccato_ped_01.wav,piano_A,G4,67,30,staccato,1,0.8,44100,16,-2.29,synth_sf2,piano.sf2
data/piano_A/G4/G4_v30_sustain_noped_01.wav,piano_A,G4,67,30,sustain,0,2.0,44100,16,-2.29,synth_sf2,piano.sf2
data/piano_A/G4/G4_v30_sustain_ped_01.wav,piano_A,G4,67,30,sustain,1,2.0,44100,16,-2.29,synth_sf2,piano.sf2
data/piano_A/G4/G4_v60_staccato_noped_01.wav,piano_A,G4,67,60,staccato,0,0.8,44100,16,-3.04,synth_sf2,piano.sf2
data/piano_A/G4/G4_v60_staccato_ped_01.wav,piano_A,G4,67,60,staccato,1,0.8,44100,16,-3.04,synth_sf2,piano.sf2
data/piano_A/G4/G4_v60_sustain_noped_01.wav,piano_A,G4,67,60,sustain,0,2.0,44100,16,-3.04,synth_sf2,piano.sf2
data/piano_A/G4/G4_v60_sustain_ped_01.wav,piano_A,G4,67,60,sustain,1,2.0,44100,16,-3.04,synth_sf2,piano.sf2
data/piano_A/G4/G4_v90_staccato_noped_01.wav,piano_A,G4,67,90,staccato,0,0.8,44100,16,-2.96,synth_sf2,piano.sf2
data/piano_A/G4/G4_v90_staccato_ped_01.wav,piano_A,G4,67,90,staccato,1,0.8,44100,16,-2.96,synth_sf2,piano.sf2
data/piano_A/G4/G4_v90_sustain_noped_01.wav,piano_A,G4,67,90,sustain,0,2.0,44100,16,-2.96,synth_sf2,piano.sf2
data/piano_A/G4/G4_v90_sustain_ped_01.wav,piano_A,G4,67,90,sustain,1,2.0,44100,16,-2.96,synth_sf2,piano.sf2
data/piano_A/G4/G4_v110_staccato_noped_01.wav,piano_A,G4,67,110,staccato,0,0.8,44100,16,-2.74,synth_sf2,piano.sf2
data/piano_A/G4/G4_v110_staccato_ped_01.wav,piano_A,G4,67,110,staccato,1,0.8,44100,16,-2.74,synth_sf2,piano.sf2
data/piano_A/G4/G4_v110_sustain_noped_01.wav,piano_A,G4,67,110,sustain,0,2.0,44100,16,-2.74,synth_sf2,piano.sf2
data/piano_A/G4/G4_v110_sustain_ped_01.wav,piano_A,G4,67,110,sustain,1,2.0,44100,16,-2.74,synth_sf2,piano.sf2
data/piano_A/G#4/G#4_v30_staccato_noped_01.wav,piano_A,G#4,68,30,staccato,0,0.8,44100,16,-5.83,synth_sf2,piano.sf2
data/piano_A/G#4/G#4_v30_staccato_ped_01.wav,piano_A,G#4,68,30,staccato,1,0.8,44100,16,-5.83,synth_sf2,piano.sf2
data/piano_A/G#4/G#4_v30_sustain_noped_01.wav,piano_A,G#4,68,30,sustain,0,2.0,44100,16,-5.83,synth_sf2,piano.sf2
data/piano_A/G#4/G#4_v30_sustain_ped_01.wav,piano_A,G#4,68,30,sustain,1,2.0,44100,16,-5.83,synth_sf2,piano.sf2
data/piano_A/G#4/G#4_v60_staccato_noped_01.wav,piano_A,G#4,68,60,staccato,0,0.8,44100,16,-5.92,synth_sf2,piano.sf2
data/piano_A/G#4/G#4_v60_staccato_ped_01.wav,piano_A,G#4,68,60,staccato,1,0.8,44100,16,-5.92,synth_sf2,piano.sf2
data/piano_A/G#4/G#4_v60_sustain_noped_01.wav,piano_A,G#4,68,60,sustain,0,2.0,44100,16,-5.92,synth_sf2,piano.sf2
data/piano_A/G#4/G#4_v60_sustain_ped_01.wav,piano_A,G#4,68,60,sustain,1,2.0,44100,16,-5.92,synth_sf2,piano.sf2
data/piano_A/G#4/G#4_v90_staccato_noped_01.wav,piano_A,G#4,68,90,staccato,0,0.8,44100,16,-6.06,synth_sf2,piano.sf2
data/piano_A/G#4/G#4_v90_staccato_ped_01.wav,piano_A,G#4,68,90,staccato,1,0.8,44100,16,-6.06,synth_sf2,piano.sf2
data/piano_A/G#4/G#4_v90_sustain_noped_01.wav,piano_A,G#4,68,90,sustain,0,2.0,44100,16,-6.06,synth_sf2,piano.sf2
data/piano_A/G#4/G#4_v90_sustain_ped_01.wav,piano_A,G#4,68,90,sustain,1,2.0,44100,16,-6.06,synth_sf2,piano.sf2
data/piano_A/G#4/G#4_v110_staccato_noped_01.wav,piano_A,G#4,68,110,staccato,0,0.8,44100,16,-6.48,synth_sf2,piano.sf2
data/piano_A/G#4/G#4_v110_staccato_ped_01.wav,piano_A,G#4,68,110,staccato,1,0.8,44100,16,-6.48,synth_sf2,piano.sf2
data/piano_A/G#4/G#4_v110_sustain_noped_01.wav,piano_A,G#4,68,110,sustain,0,2.0,44100,16,-6.48,synth_sf2,piano.sf2
data/piano_A/G#4/G#4_v110_sustain_ped_01.wav,piano_A,G#4,68,110,sustain,1,2.0,44100,16,-6.48,synth_sf2,piano.sf2
data/piano_A/A4/A4_v30_staccato_noped_01.wav,piano_A,A4,69,30,staccato,0,0.8,44100,16,-5.83,synth_sf2,piano.sf2
data/piano_A/A4/A4_v30_staccato_ped_01.wav,piano_A,A4,69,30,staccato,1,0.8,44100,16,-5.83,synth_sf2,piano.sf2
data/piano_A/A4/A4_v30_sustain_noped_01.wav,piano_A,A4,69,30,sustain,0,2.0,44100,16,-5.83,synth_sf2,piano.sf2
data/piano_A/A4/A4_v30_sustain_ped_01.wav,piano_A,A4,69,30,sustain,1,2.0,44100,16,-5.83,synth_sf2,piano.sf2
data/piano_A/A4/A4_v60_staccato_noped_01.wav,piano_A,A4,69,60,staccato,0,0.8,44100,16,-5.92,synth_sf2,piano.sf2
data/piano_A/A4/A4_v60_staccato_ped_01.wav,piano_A,A4,69,60,staccato,1,0.8,44100,16,-5.92,synth_sf2,piano.sf2
data/piano_A/A4/A4_v60_sustain_noped_01.wav,piano_A,A4,69,60,sustain,0,2.0,44100,16,-5.92,synth_sf2,piano.sf2
data/piano_A/A4/A4_v60_sustain_ped_01.wav,piano_A,A4,69,60,sustain,1,2.0,44100,16,-5.92,synth_sf2,piano.sf2
data/piano_A/A4/A4_v90_staccato_noped_01.wav,piano_A,A4,69,90,staccato,0,0.8,44100,16,-6.05,synth_sf2,piano.sf2
data/piano_A/A4/A4_v90_staccato_ped_01.wav,piano_A,A4,69,90,staccato,1,0.8,44100,16,-6.05,synth_sf2,piano.sf2
data/piano_A/A4/A4_v90_sustain_noped_01.wav,piano_A,A4,69,90,sustain,0,2.0,44100,16,-6.05,synth_sf2,piano.sf2
data/piano_A/A4/A4_v90_sustain_ped_01.wav,piano_A,A4,69,90,sustain,1,2.0,44100,16,-6.05,synth_sf2,piano.sf2
data/piano_A/A4/A4_v110_staccato_noped_01.wav,piano_A,A4,69,110,staccato,0,0.8,44100,16,-6.47,synth_sf2,piano.sf2
data/piano_A/A4/A4_v110_staccato_ped_01.wav,piano_A,A4,69,110,staccato,1,0.8,44100,16,-6.47,synth_sf2,piano.sf2
data/piano_A/A4/A4_v110_sustain_noped_01.wav,piano_A,A4,69,110,sustain,0,2.0,44100,16,-6.47,synth_sf2,piano.sf2
data/piano_A/A4/A4_v110_sustain_ped_01.wav,piano_A,A4,69,110,sustain,1,2.0,44100,16,-6.47,synth_sf2,piano.sf2
data/piano_A/A#4/A#4_v30_staccato_noped_01.wav,piano_A,A#4,70,30,staccato,0,0.8,44100,16,-5.86,synth_sf2,piano.sf2
data/piano_A/A#4/A#4_v30_staccato_ped_01.wav,piano_A,A#4,70,30,staccato,1,0.8,44100,16,-5.86,synth_sf2,piano.sf2
data/piano_A/A#4/A#4_v30_sustain_noped_01.wav,piano_A,A#4,70,30,sustain,0,2.0,44100,16,-5.86,synth_sf2,piano.sf2
data/piano_A/A#4/A#4_v30_sustain_ped_01.wav,piano_A,A#4,70,30,sustain,1,2.0,44100,16,-5.86,synth_sf2,piano.sf2
data/piano_A/A#4/A#4_v60_staccato_noped_01.wav,piano_A,A#4,70,60,staccato,0,0.8,44100,16,-5.92,synth_sf2,piano.sf2
data/piano_A/A#4/A#4_v60_staccato_ped_01.wav,piano_A,A#4,70,60,staccato,1,0.8,44100,16,-5.92,synth_sf2,piano.sf2
data/piano_A/A#4/A#4_v60_sustain_noped_01.wav,piano_A,A#4,70,60,sustain,0,2.0,44100,16,-5.92,synth_sf2,piano.sf2
data/piano_A/A#4/A#4_v60_sustain_ped_01.wav,piano_A,A#4,70,60,sustain,1,2.0,44100,16,-5.92,synth_sf2,piano.sf2
data/piano_A/A#4/A#4_v90_staccato_noped_01.wav,piano_A,A#4,70,90,staccato,0,0.8,44100,16,-6.05,synth_sf2,piano.sf2
data/piano_A/A#4/A#4_v90_staccato_ped_01.wav,piano_A,A#4,70,90,staccato,1,0.8,44100,16,-6.05,synth_sf2,piano.sf2
data/piano_A/A#4/A#4_v90_sustain_noped_01.wav,piano_A,A#4,70,90,sustain,0,2.0,44100,16,-6.05,synth_sf2,piano.sf2
data/piano_A/A#4/A#4_v90_sustain_ped_01.wav,piano_A,A#4,70,90,sustain,1,2.0,44100,16,-6.05,synth_sf2,piano.sf2
data/piano_A/A#4/A#4_v110_staccato_noped_01.wav,piano_A,A#4,70,110,staccato,0,0.8,44100,16,-6.48,synth_sf2,piano.sf2
data/piano_A/A#4/A#4_v110_staccato_ped_01.wav,piano_A,A#4,70,110,staccato,1,0.8,44100,16,-6.48,synth_sf2,piano.sf2
data/piano_A/A#4/A#4_v110_sustain_noped_01.wav,piano_A,A#4,70,110,sustain,0,2.0,44100,16,-6.48,synth_sf2,piano.sf2
data/piano_A/A#4/A#4_v110_sustain_ped_01.wav,piano_A,A#4,70,110,sustain,1,2.0,44100,16,-6.48,synth_sf2,piano.sf2
data/piano_A/B4/B4_v30_staccato_noped_01.wav,piano_A,B4,71,30,staccato,0,0.8,44100,16,-10.31,synth_sf2,piano.sf2
data/piano_A/B4/B4_v30_staccato_ped_01.wav,piano_A,B4,71,30,staccato,1,0.8,44100,16,-10.31,synth_sf2,piano.sf2
data/piano_A/B4/B4_v30_sustain_noped_01.wav,piano_A,B4,71,30,sustain,0,2.0,44100,16,-10.31,synth_sf2,piano.sf2
data/piano_A/B4/B4_v30_sustain_ped_01.wav,piano_A,B4,71,30,sustain,1,2.0,44100,16,-10.31,synth_sf2,piano.sf2
data/piano_A/B4/B4_v60_staccato_noped_01.wav,piano_A,B4,71,60,staccato,0,0.8,44100,16,-9.96,synth_sf2,piano.sf2
data/piano_A/B4/B4_v60_staccato_ped_01.wav,piano_A,B4,71,60,staccato,1,0.8,44100,16,-9.96,synth_sf2,piano.sf2
data/piano_A/B4/B4_v60_sustain_noped_01.wav,piano_A,B4,71,60,sustain,0,2.0,44100,16,-9.96,synth_sf2,piano.sf2
data/piano_A/B4/B4_v60_sustain_ped_01.wav,piano_A,B4,71,60,sustain,1,2.0,44100,16,-9.96,synth_sf2,piano.sf2
data/piano_A/B4/B4_v90_staccato_noped_01.wav,piano_A,B4,71,90,staccato,0,0.8,44100,16,-8.62,synth_sf2,piano.sf2
data/piano_A/B4/B4_v90_staccato_ped_01.wav,piano_A,B4,71,90,staccato,1,0.8,44100,16,-8.62,synth_sf2,piano.sf2
data/piano_A/B4/B4_v90_sustain_noped_01.wav,piano_A,B4,71,90,sustain,0,2.0,44100,16,-8.62,synth_sf2,piano.sf2
data/piano_A/B4/B4_v90_sustain_ped_01.wav,piano_A,B4,71,90,sustain,1,2.0,44100,16,-8.62,synth_sf2,piano.sf2
data/piano_A/B4/B4_v110_staccato_noped_01.wav,piano_A,B4,71,110,staccato,0,0.8,44100,16,-7.94,synth_sf2,piano.sf2
data/piano_A/B4/B4_v110_staccato_ped_01.wav,piano_A,B4,71,110,staccato,1,0.8,44100,16,-7.94,synth_sf2,piano.sf2
data/piano_A/B4/B4_v110_sustain_noped_01.wav,piano_A,B4,71,110,sustain,0,2.0,44100,16,-7.94,synth_sf2,piano.sf2
data/piano_A/B4/B4_v110_sustain_ped_01.wav,piano_A,B4,71,110,sustain,1,2.0,44100,16,-7.94,synth_sf2,piano.sf2
data/piano_A/C5/C5_v30_staccato_noped_01.wav,piano_A,C5,72,30,staccato,0,0.8,44100,16,-10.31,synth_sf2,piano.sf2
data/piano_A/C5/C5_v30_staccato_ped_01.wav,piano_A,C5,72,30,staccato,1,0.8,44100,16,-10.31,synth_sf2,piano.sf2
data/piano_A/C5/C5_v30_sustain_noped_01.wav,piano_A,C5,72,30,sustain,0,2.0,44100,16,-10.31,synth_sf2,piano.sf2
data/piano_A/C5/C5_v30_sustain_ped_01.wav,piano_A,C5,72,30,sustain,1,2.0,44100,16,-10.31,synth_sf2,piano.sf2
data/piano_A/C5/C5_v60_staccato_noped_01.wav,piano_A,C5,72,60,staccato,0,0.8,44100,16,-9.98,synth_sf2,piano.sf2
data/piano_A/C5/C5_v60_staccato_ped_01.wav,piano_A,C5,72,60,staccato,1,0.8,44100,16,-9.98,synth_sf2,piano.sf2
data/piano_A/C5/C5_v60_sustain_noped_01.wav,piano_A,C5,72,60,sustain,0,2.0,44100,16,-9.98,synth_sf2,piano.sf2
data/piano_A/C5/C5_v60_sustain_ped_01.wav,piano_A,C5,72,60,sustain,1,2.0,44100,16,-9.98,synth_sf2,piano.sf2
data/piano_A/C5/C5_v90_staccato_noped_01.wav,piano_A,C5,72,90,staccato,0,0.8,44100,16,-8.63,synth_sf2,piano.sf2
data/piano_A/C5/C5_v90_staccato_ped_01.wav,piano_A,C5,72,90,staccato,1,0.8,44100,16,-8.63,synth_sf2,piano.sf2
data/piano_A/C5/C5_v90_sustain_noped_01.wav,piano_A,C5,72,90,sustain,0,2.0,44100,16,-8.63,synth_sf2,piano.sf2
data/piano_A/C5/C5_v90_sustain_ped_01.wav,piano_A,C5,72,90,sustain,1,2.0,44100,16,-8.63,synth_sf2,piano.sf2
data/piano_A/C5/C5_v110_staccato_noped_01.wav,piano_A,C5,72,110,staccato,0,0.8,44100,16,-7.94,synth_sf2,piano.sf2
data/piano_A/C5/C5_v110_staccato_ped_01.wav,piano_A,C5,72,110,staccato,1,0.8,44100,16,-7.94,synth_sf2,piano.sf2
data/piano_A/C5/C5_v110_sustain_noped_01.wav,piano_A,C5,72,110,sustain,0,2.0,44100,16,-7.94,synth_sf2,piano.sf2
data/piano_A/C5/C5_v110_sustain_ped_01.wav,piano_A,C5,72,110,sustain,1,2.0,44100,16,-7.94,synth_sf2,piano.sf2
data/piano_A/C#5/C#5_v30_staccato_noped_01.wav,piano_A,C#5,73,30,staccato,0,0.8,44100,16,-10.31,synth_sf2,piano.sf2
data/piano_A/C#5/C#5_v30_staccato_ped_01.wav,piano_A,C#5,73,30,staccato,1,0.8,44100,16,-10.31,synth_sf2,piano.sf2
data/piano_A/C#5/C#5_v30_sustain_noped_01.wav,piano_A,C#5,73,30,sustain,0,2.0,44100,16,-10.31,synth_sf2,piano.sf2
data/piano_A/C#5/C#5_v30_sustain_ped_01.wav,piano_A,C#5,73,30,sustain,1,2.0,44100,16,-10.31,synth_sf2,piano.sf2
data/piano_A/C#5/C#5_v60_staccato_noped_01.wav,piano_A,C#5,73,60,staccato,0,0.8,44100,16,-9.95,synth_sf2,piano.sf2
data/piano_A/C#5/C#5_v60_staccato_ped_01.wav,piano_A,C#5,73,60,staccato,1,0.8,44100,16,-9.95,synth_sf2,piano.sf2
data/piano_A/C#5/C#5_v60_sustain_noped_01.wav,piano_A,C#5,73,60,sustain,0,2.0,44100,16,-9.95,synth_sf2,piano.sf2
data/piano_A/C#5/C#5_v60_sustain_ped_01.wav,piano_A,C#5,73,60,sustain,1,2.0,44100,16,-9.95,synth_sf2,piano.sf2
data/piano_A/C#5/C#5_v90_staccato_noped_01.wav,piano_A,C#5,73,90,staccato,0,0.8,44100,16,-8.61,synth_sf2,piano.sf2
data/piano_A/C#5/C#5_v90_staccato_ped_01.wav,piano_A,C#5,73,90,staccato,1,0.8,44100,16,-8.61,synth_sf2,piano.sf2
data/piano_A/C#5/C#5_v90_sustain_noped_01.wav,piano_A,C#5,73,90,sustain,0,2.0,44100,16,-8.61,synth_sf2,piano.sf2
data/piano_A/C#5/C#5_v90_sustain_ped_01.wav,piano_A,C#5,73,90,sustain,1,2.0,44100,16,-8.61,synth_sf2,piano.sf2
data/piano_A/C#5/C#5_v110_staccato_noped_01.wav,piano_A,C#5,73,110,staccato,0,0.8,44100,16,-7.98,synth_sf2,piano.sf2
data/piano_A/C#5/C#5_v110_staccato_ped_01.wav,piano_A,C#5,73,110,staccato,1,0.8,44100,16,-7.98,synth_sf2,piano.sf2
data/piano_A/C#5/C#5_v110_sustain_noped_01.wav,piano_A,C#5,73,110,sustain,0,2.0,44100,16,-7.98,synth_sf2,piano.sf2
data/piano_A/C#5/C#5_v110_sustain_ped_01.wav,piano_A,C#5,73,110,sustain,1,2.0,44100,16,-7.98,synth_sf2,piano.sf2
data/piano_A/D5/D5_v30_staccato_noped_01.wav,piano_A,D5,74,30,staccato,0,0.8,44100,16,-7.64,synth_sf2,piano.sf2
data/piano_A/D5/D5_v30_staccato_ped_01.wav,piano_A,D5,74,30,staccato,1,0.8,44100,16,-7.64,synth_sf2,piano.sf2
data/piano_A/D5/D5_v30_sustain_noped_01.wav,piano_A,D5,74,30,sustain,0,2.0,44100,16,-7.64,synth_sf2,piano.sf2
data/piano_A/D5/D5_v30_sustain_ped_01.wav,piano_A,D5,74,30,sustain,1,2.0,44100,16,-7.64,synth_sf2,piano.sf2
data/piano_A/D5/D5_v60_staccato_noped_01.wav,piano_A,D5,74,60,staccato,0,0.8,44100,16,-6.8,synth_sf2,piano.sf2
data/piano_A/D5/D5_v60_staccato_ped_01.wav,piano_A,D5,74,60,staccato,1,0.8,44100,16,-6.8,synth_sf2,piano.sf2
data/piano_A/D5/D5_v60_sustain_noped_01.wav,piano_A,D5,74,60,sustain,0,2.0,44100,16,-6.8,synth_sf2,piano.sf2
data/piano_A/D5/D5_v60_sustain_ped_01.wav,piano_A,D5,74,60,sustain,1,2.0,44100,16,-6.8,synth_sf2,piano.sf2
data/piano_A/D5/D5_v90_staccato_noped_01.wav,piano_A,D5,74,90,staccato,0,0.8,44100,16,-6.56,synth_sf2,piano.sf2
data/piano_A/D5/D5_v90_staccato_ped_01.wav,piano_A,D5,74,90,staccato,1,0.8,44100,16,-6.56,synth_sf2,piano.sf2
data/piano_A/D5/D5_v90_sustain_noped_01.wav,piano_A,D5,74,90,sustain,0,2.0,44100,16,-6.56,synth_sf2,piano.sf2
data/piano_A/D5/D5_v90_sustain_ped_01.wav,piano_A,D5,74,90,sustain,1,2.0,44100,16,-6.56,synth_sf2,piano.sf2
data/piano_A/D5/D5_v110_staccato_noped_01.wav,piano_A,D5,74,110,staccato,0,0.8,44100,16,-6.58,synth_sf2,piano.sf2
data/piano_A/D5/D5_v110_staccato_ped_01.wav,piano_A,D5,74,110,staccato,1,0.8,44100,16,-6.58,synth_sf2,piano.sf2
data/piano_A/D5/D5_v110_sustain_noped_01.wav,piano_A,D5,74,110,sustain,0,2.0,44100,16,-6.58,synth_sf2,piano.sf2
data/piano_A/D5/D5_v110_sustain_ped_01.wav,piano_A,D5,74,110,sustain,1,2.0,44100,16,-6.58,synth_sf2,piano.sf2
data/piano_A/D#5/D#5_v30_staccato_noped_01.wav,piano_A,D#5,75,30,staccato,0,0.8,44100,16,-7.64,synth_sf2,piano.sf2
data/piano_A/D#5/D#5_v30_staccato_ped_01.wav,piano_A,D#5,75,30,staccato,1,0.8,44100,16,-7.64,synth_sf2,piano.sf2
data/piano_A/D#5/D#5_v30_sustain_noped_01.wav,piano_A,D#5,75,30,sustain,0,2.0,44100,16,-7.64,synth_sf2,piano.sf2
data/piano_A/D#5/D#5_v30_sustain_ped_01.wav,piano_A,D#5,75,30,sustain,1,2.0,44100,16,-7.64,synth_sf2,piano.sf2
data/piano_A/D#5/D#5_v60_staccato_noped_01.wav,piano_A,D#5,75,60,staccato,0,0.8,44100,16,-6.78,synth_sf2,piano.sf2
data/piano_A/D#5/D#5_v60_staccato_ped_01.wav,piano_A,D#5,75,60,staccato,1,0.8,44100,16,-6.78,synth_sf2,piano.sf2
data/piano_A/D#5/D#5_v60_sustain_noped_01.wav,piano_A,D#5,75,60,sustain,0,2.0,44100,16,-6.78,synth_sf2,piano.sf2
data/piano_A/D#5/D#5_v60_sustain_ped_01.wav,piano_A,D#5,75,60,sustain,1,2.0,44100,16,-6.78,synth_sf2,piano.sf2
data/piano_A/D#5/D#5_v90_staccato_noped_01.wav,piano_A,D#5,75,90,staccato,0,0.8,44100,16,-6.56,synth_sf2,piano.sf2
data/piano_A/D#5/D#5_v90_staccato_ped_01.wav,piano_A,D#5,75,90,staccato,1,0.8,44100,16,-6.56,synth_sf2,piano.sf2
data/piano_A/D#5/D#5_v90_sustain_noped_01.wav,piano_A,D#5,75,90,sustain,0,2.0,44100,16,-6.56,synth_sf2,piano.sf2
data/piano_A/D#5/D#5_v90_sustain_ped_01.wav,piano_A,D#5,75,90,sustain,1,2.0,44100,16,-6.56,synth_sf2,piano.sf2
data/piano_A/D#5/D#5_v110_staccato_noped_01.wav,piano_A,D#5,75,110,staccato,0,0.8,44100,16,-6.57,synth_sf2,piano.sf2
data/piano_A/D#5/D#5_v110_staccato_ped_01.wav,piano_A,D#5,75,110,staccato,1,0.8,44100,16,-6.57,synth_sf2,piano.sf2
data/piano_A/D#5/D#5_v110_sustain_noped_01.wav,piano_A,D#5,75,110,sustain,0,2.0,44100,16,-6.57,synth_sf2,piano.sf2
data/piano_A/D#5/D#5_v110_sustain_ped_01.wav,piano_A,D#5,75,110,sustain,1,2.0,44100,16,-6.57,synth_sf2,piano.sf2
data/piano_A/E5/E5_v30_staccato_noped_01.wav,piano_A,E5,76,30,staccato,0,0.8,44100,16,-7.64,synth_sf2,piano.sf2
data/piano_A/E5/E5_v30_staccato_ped_01.wav,piano_A,E5,76,30,staccato,1,0.8,44100,16,-7.64,synth_sf2,piano.sf2
data/piano_A/E5/E5_v30_sustain_noped_01.wav,piano_A,E5,76,30,sustain,0,2.0,44100,16,-7.64,synth_sf2,piano.sf2
data/piano_A/E5/E5_v30_sustain_ped_01.wav,piano_A,E5,76,30,sustain,1,2.0,44100,16,-7.64,synth_sf2,piano.sf2
data/piano_A/E5/E5_v60_staccato_noped_01.wav,piano_A,E5,76,60,staccato,0,0.8,44100,16,-6.79,synth_sf2,piano.sf2
data/piano_A/E5/E5_v60_staccato_ped_01.wav,piano_A,E5,76,60,staccato,1,0.8,44100,16,-6.79,synth_sf2,piano.sf2
data/piano_A/E5/E5_v60_sustain_noped_01.wav,piano_A,E5,76,60,sustain,0,2.0,44100,16,-6.79,synth_sf2,piano.sf2
data/piano_A/E5/E5_v60_sustain_ped_01.wav,piano_A,E5,76,60,sustain,1,2.0,44100,16,-6.79,synth_sf2,piano.sf2
data/piano_A/E5/E5_v90_staccato_noped_01.wav,piano_A,E5,76,90,staccato,0,0.8,44100,16,-6.55,synth_sf2,piano.sf2
data/piano_A/E5/E5_v90_staccato_ped_01.wav,piano_A,E5,76,90,staccato,1,0.8,44100,16,-6.55,synth_sf2,piano.sf2
data/piano_A/E5/E5_v90_sustain_noped_01.wav,piano_A,E5,76,90,sustain,0,2.0,44100,16,-6.55,synth_sf2,piano.sf2
data/piano_A/E5/E5_v90_sustain_ped_01.wav,piano_A,E5,76,90,sustain,1,2.0,44100,16,-6.55,synth_sf2,piano.sf2
data/piano_A/E5/E5_v110_staccato_noped_01.wav,piano_A,E5,76,110,staccato,0,0.8,44100,16,-6.58,synth_sf2,piano.sf2
data/piano_A/E5/E5_v110_staccato_ped_01.wav,piano_A,E5,76,110,staccato,1,0.8,44100,16,-6.58,synth_sf2,piano.sf2
data/piano_A/E5/E5_v110_sustain_noped_01.wav,piano_A,E5,76,110,sustain,0,2.0,44100,16,-6.58,synth_sf2,piano.sf2
data/piano_A/E5/E5_v110_sustain_ped_01.wav,piano_A,E5,76,110,sustain,1,2.0,44100,16,-6.58,synth_sf2,piano.sf2
data/piano_A/F5/F5_v30_staccato_noped_01.wav,piano_A,F5,77,30,staccato,0,0.8,44100,16,-5.02,synth_sf2,piano.sf2
data/piano_A/F5/F5_v30_staccato_ped_01.wav,piano_A,F5,77,30,staccato,1,0.8,44100,16,-5.02,synth_sf2,piano.sf2
data/piano_A/F5/F5_v30_sustain_noped_01.wav,piano_A,F5,77,30,sustain,0,2.0,44100,16,-5.02,synth_sf2,piano.sf2
data/piano_A/F5/F5_v30_sustain_ped_01.wav,piano_A,F5,77,30,sustain,1,2.0,44100,16,-5.02,synth_sf2,piano.sf2
data/piano_A/F5/F5_v60_staccato_noped_01.wav,piano_A,F5,77,60,staccato,0,0.8,44100,16,-4.65,synth_sf2,piano.sf2
data/piano_A/F5/F5_v60_staccato_ped_01.wav,piano_A,F5,77,60,staccato,1,0.8,44100,16,-4.65,synth_sf2,piano.sf2
data/piano_A/F5/F5_v60_sustain_noped_01.wav,piano_A,F5,77,60,sustain,0,2.0,44100,16,-4.65,synth_sf2,piano.sf2
data/piano_A/F5/F5_v60_sustain_ped_01.wav,piano_A,F5,77,60,sustain,1,2.0,44100,16,-4.65,synth_sf2,piano.sf2
data/piano_A/F5/F5_v90_staccato_noped_01.wav,piano_A,F5,77,90,staccato,0,0.8,44100,16,-4.64,synth_sf2,piano.sf2
data/piano_A/F5/F5_v90_staccato_ped_01.wav,piano_A,F5,77,90,staccato,1,0.8,44100,16,-4.64,synth_sf2,piano.sf2
data/piano_A/F5/F5_v90_sustain_noped_01.wav,piano_A,F5,77,90,sustain,0,2.0,44100,16,-4.64,synth_sf2,piano.sf2
data/piano_A/F5/F5_v90_sustain_ped_01.wav,piano_A,F5,77,90,sustain,1,2.0,44100,16,-4.64,synth_sf2,piano.sf2
data/piano_A/F5/F5_v110_staccato_noped_01.wav,piano_A,F5,77,110,staccato,0,0.8,44100,16,-5.05,synth_sf2,piano.sf2
data/piano_A/F5/F5_v110_staccato_ped_01.wav,piano_A,F5,77,110,staccato,1,0.8,44100,16,-5.05,synth_sf2,piano.sf2
data/piano_A/F5/F5_v110_sustain_noped_01.wav,piano_A,F5,77,110,sustain,0,2.0,44100,16,-5.05,synth_sf2,piano.sf2
data/piano_A/F5/F5_v110_sustain_ped_01.wav,piano_A,F5,77,110,sustain,1,2.0,44100,16,-5.05,synth_sf2,piano.sf2
data/piano_A/F#5/F#5_v30_staccato_noped_01.wav,piano_A,F#5,78,30,staccato,0,0.8,44100,16,-5.04,synth_sf2,piano.sf2
data/piano_A/F#5/F#5_v30_staccato_ped_01.wav,piano_A,F#5,78,30,staccato,1,0.8,44100,16,-5.04,synth_sf2,piano.sf2
data/piano_A/F#5/F#5_v30_sustain_noped_01.wav,piano_A,F#5,78,30,sustain,0,2.0,44100,16,-5.04,synth_sf2,piano.sf2
data/piano_A/F#5/F#5_v30_sustain_ped_01.wav,piano_A,F#5,78,30,sustain,1,2.0,44100,16,-5.04,synth_sf2,piano.sf2
data/piano_A/F#5/F#5_v60_staccato_noped_01.wav,piano_A,F#5,78,60,staccato,0,0.8,44100,16,-4.65,synth_sf2,piano.sf2
data/piano_A/F#5/F#5_v60_staccato_ped_01.wav,piano_A,F#5,78,60,staccato,1,0.8,44100,16,-4.65,synth_sf2,piano.sf2
data/piano_A/F#5/F#5_v60_sustain_noped_01.wav,piano_A,F#5,78,60,sustain,0,2.0,44100,16,-4.65,synth_sf2,piano.sf2
data/piano_A/F#5/F#5_v60_sustain_ped_01.wav,piano_A,F#5,78,60,sustain,1,2.0,44100,16,-4.65,synth_sf2,piano.sf2
data/piano_A/F#5/F#5_v90_staccato_noped_01.wav,piano_A,F#5,78,90,staccato,0,0.8,44100,16,-4.63,synth_sf2,piano.sf2
data/piano_A/F#5/F#5_v90_staccato_ped_01.wav,piano_A,F#5,78,90,staccato,1,0.8,44100,16,-4.63,synth_sf2,piano.sf2
data/piano_A/F#5/F#5_v90_sustain_noped_01.wav,piano_A,F#5,78,90,sustain,0,2.0,44100,16,-4.63,synth_sf2,piano.sf2
data/piano_A/F#5/F#5_v90_sustain_ped_01.wav,piano_A,F#5,78,90,sustain,1,2.0,44100,16,-4.63,synth_sf2,piano.sf2
data/piano_A/F#5/F#5_v110_staccato_noped_01.wav,piano_A,F#5,78,110,staccato,0,0.8,44100,16,-5.04,synth_sf2,piano.sf2
data/piano_A/F#5/F#5_v110_staccato_ped_01.wav,piano_A,F#5,78,110,staccato,1,0.8,44100,16,-5.04,synth_sf2,piano.sf2
data/piano_A/F#5/F#5_v110_sustain_noped_01.wav,piano_A,F#5,78,110,sustain,0,2.0,44100,16,-5.04,synth_sf2,piano.sf2
data/piano_A/F#5/F#5_v110_sustain_ped_01.wav,piano_A,F#5,78,110,sustain,1,2.0,44100,16,-5.04,synth_sf2,piano.sf2
data/piano_A/G5/G5_v30_staccato_noped_01.wav,piano_A,G5,79,30,staccato,0,0.8,44100,16,-5.02,synth_sf2,piano.sf2
data/piano_A/G5/G5_v30_staccato_ped_01.wav,piano_A,G5,79,30,staccato,1,0.8,44100,16,-5.02,synth_sf2,piano.sf2
data/piano_A/G5/G5_v30_sustain_noped_01.wav,piano_A,G5,79,30,sustain,0,2.0,44100,16,-5.02,synth_sf2,piano.sf2
data/piano_A/G5/G5_v30_sustain_ped_01.wav,piano_A,G5,79,30,sustain,1,2.0,44100,16,-5.02,synth_sf2,piano.sf2
data/piano_A/G5/G5_v60_staccato_noped_01.wav,piano_A,G5,79,60,staccato,0,0.8,44100,16,-4.66,synth_sf2,piano.sf2
data/piano_A/G5/G5_v60_staccato_ped_01.wav,piano_A,G5,79,60,staccato,1,0.8,44100,16,-4.66,synth_sf2,piano.sf2
data/piano_A/G5/G5_v60_sustain_noped_01.wav,piano_A,G5,79,60,sustain,0,2.0,44100,16,-4.66,synth_sf2,piano.sf2
data/piano_A/G5/G5_v60_sustain_ped_01.wav,piano_A,G5,79,60,sustain,1,2.0,44100,16,-4.66,synth_sf2,piano.sf2
data/piano_A/G5/G5_v90_staccato_noped_01.wav,piano_A,G5,79,90,staccato,0,0.8,44100,16,-4.63,synth_sf2,piano.sf2
data/piano_A/G5/G5_v90_staccato_ped_01.wav,piano_A,G5,79,90,staccato,1,0.8,44100,16,-4.63,synth_sf2,piano.sf2
data/piano_A/G5/G5_v90_sustain_noped_01.wav,piano_A,G5,79,90,sustain,0,2.0,44100,16,-4.63,synth_sf2,piano.sf2
data/piano_A/G5/G5_v90_sustain_ped_01.wav,piano_A,G5,79,90,sustain,1,2.0,44100,16,-4.63,synth_sf2,piano.sf2
data/piano_A/G5/G5_v110_staccato_noped_01.wav,piano_A,G5,79,110,staccato,0,0.8,44100,16,-5.03,synth_sf2,piano.sf2
data/piano_A/G5/G5_v110_staccato_ped_01.wav,piano_A,G5,79,110,staccato,1,0.8,44100,16,-5.03,synth_sf2,piano.sf2
data/piano_A/G5/G5_v110_sustain_noped_01.wav,piano_A,G5,79,110,sustain,0,2.0,44100,16,-5.03,synth_sf2,piano.sf2
data/piano_A/G5/G5_v110_sustain_ped_01.wav,piano_A,G5,79,110,sustain,1,2.0,44100,16,-5.03,synth_sf2,piano.sf2
data/piano_A/G#5/G#5_v30_staccato_noped_01.wav,piano_A,G#5,80,30,staccato,0,0.8,44100,16,-4.25,synth_sf2,piano.sf2
data/piano_A/G#5/G#5_v30_staccato_ped_01.wav,piano_A,G#5,80,30,staccato,1,0.8,44100,16,-4.25,synth_sf2,piano.sf2
data/piano_A/G#5/G#5_v30_sustain_noped_01.wav,piano_A,G#5,80,30,sustain,0,2.0,44100,16,-4.25,synth_sf2,piano.sf2
data/piano_A/G#5/G#5_v30_sustain_ped_01.wav,piano_A,G#5,80,30,sustain,1,2.0,44100,16,-4.25,synth_sf2,piano.sf2
data/piano_A/G#5/G#5_v60_staccato_noped_01.wav,piano_A,G#5,80,60,staccato,0,0.8,44100,16,-5.72,synth_sf2,piano.sf2
data/piano_A/G#5/G#5_v60_staccato_ped_01.wav,piano_A,G#5,80,60,staccato,1,0.8,44100,16,-5.72,synth_sf2,piano.sf2
data/piano_A/G#5/G#5_v60_sustain_noped_01.wav,piano_A,G#5,80,60,sustain,0,2.0,44100,16,-5.72,synth_sf2,piano.sf2
data/piano_A/G#5/G#5_v60_sustain_ped_01.wav,piano_A,G#5,80,60,sustain,1,2.0,44100,16,-5.72,synth_sf2,piano.sf2
data/piano_A/G#5/G#5_v90_staccato_noped_01.wav,piano_A,G#5,80,90,staccato,0,0.8,44100,16,-5.61,synth_sf2,piano.sf2
data/piano_A/G#5/G#5_v90_staccato_ped_01.wav,piano_A,G#5,80,90,staccato,1,0.8,44100,16,-5.61,synth_sf2,piano.sf2
data/piano_A/G#5/G#5_v90_sustain_noped_01.wav,piano_A,G#5,80,90,sustain,0,2.0,44100,16,-5.61,synth_sf2,piano.sf2
data/piano_A/G#5/G#5_v90_sustain_ped_01.wav,piano_A,G#5,80,90,sustain,1,2.0,44100,16,-5.61,synth_sf2,piano.sf2
data/piano_A/G#5/G#5_v110_staccato_noped_01.wav,piano_A,G#5,80,110,staccato,0,0.8,44100,16,-5.45,synth_sf2,piano.sf2
data/piano_A/G#5/G#5_v110_staccato_ped_01.wav,piano_A,G#5,80,110,staccato,1,0.8,44100,16,-5.45,synth_sf2,piano.sf2
data/piano_A/G#5/G#5_v110_sustain_noped_01.wav,piano_A,G#5,80,110,sustain,0,2.0,44100,16,-5.45,synth_sf2,piano.sf2
data/piano_A/G#5/G#5_v110_sustain_ped_01.wav,piano_A,G#5,80,110,sustain,1,2.0,44100,16,-5.45,synth_sf2,piano.sf2
data/piano_A/A5/A5_v30_staccato_noped_01.wav,piano_A,A5,81,30,staccato,0,0.8,44100,16,-4.25,synth_sf2,piano.sf2
data/piano_A/A5/A5_v30_staccato_ped_01.wav,piano_A,A5,81,30,staccato,1,0.8,44100,16,-4.25,synth_sf2,piano.sf2
data/piano_A/A5/A5_v30_sustain_noped_01.wav,piano_A,A5,81,30,sustain,0,2.0,44100,16,-4.25,synth_sf2,piano.sf2
data/piano_A/A5/A5_v30_sustain_ped_01.wav,piano_A,A5,81,30,sustain,1,2.0,44100,16,-4.25,synth_sf2,piano.sf2
data/piano_A/A5/A5_v60_staccato_noped_01.wav,piano_A,A5,81,60,staccato,0,0.8,44100,16,-5.73,synth_sf2,piano.sf2
data/piano_A/A5/A5_v60_staccato_ped_01.wav,piano_A,A5,81,60,staccato,1,0.8,44100,16,-5.73,synth_sf2,piano.sf2
data/piano_A/A5/A5_v60_sustain_noped_01.wav,piano_A,A5,81,60,sustain,0,2.0,44100,16,-5.73,synth_sf2,piano.sf2
data/piano_A/A5/A5_v60_sustain_ped_01.wav,piano_A,A5,81,60,sustain,1,2.0,44100,16,-5.73,synth_sf2,piano.sf2
data/piano_A/A5/A5_v90_staccato_noped_01.wav,piano_A,A5,81,90,staccato,0,0.8,44100,16,-5.62,synth_sf2,piano.sf2
data/piano_A/A5/A5_v90_staccato_ped_01.wav,piano_A,A5,81,90,staccato,1,0.8,44100,16,-5.62,synth_sf2,piano.sf2
data/piano_A/A5/A5_v90_sustain_noped_01.wav,piano_A,A5,81,90,sustain,0,2.0,44100,16,-5.62,synth_sf2,piano.sf2
data/piano_A/A5/A5_v90_sustain_ped_01.wav,piano_A,A5,81,90,sustain,1,2.0,44100,16,-5.62,synth_sf2,piano.sf2
data/piano_A/A5/A5_v110_staccato_noped_01.wav,piano_A,A5,81,110,staccato,0,0.8,44100,16,-5.44,synth_sf2,piano.sf2
data/piano_A/A5/A5_v110_staccato_ped_01.wav,piano_A,A5,81,110,staccato,1,0.8,44100,16,-5.44,synth_sf2,piano.sf2
data/piano_A/A5/A5_v110_sustain_noped_01.wav,piano_A,A5,81,110,sustain,0,2.0,44100,16,-5.44,synth_sf2,piano.sf2
data/piano_A/A5/A5_v110_sustain_ped_01.wav,piano_A,A5,81,110,sustain,1,2.0,44100,16,-5.44,synth_sf2,piano.sf2
data/piano_A/A#5/A#5_v30_staccato_noped_01.wav,piano_A,A#5,82,30,staccato,0,0.8,44100,16,-4.25,synth_sf2,piano.sf2
data/piano_A/A#5/A#5_v30_staccato_ped_01.wav,piano_A,A#5,82,30,staccato,1,0.8,44100,16,-4.25,synth_sf2,piano.sf2
data/piano_A/A#5/A#5_v30_sustain_noped_01.wav,piano_A,A#5,82,30,sustain,0,2.0,44100,16,-4.25,synth_sf2,piano.sf2
data/piano_A/A#5/A#5_v30_sustain_ped_01.wav,piano_A,A#5,82,30,sustain,1,2.0,44100,16,-4.25,synth_sf2,piano.sf2
data/piano_A/A#5/A#5_v60_staccato_noped_01.wav,piano_A,A#5,82,60,staccato,0,0.8,44100,16,-5.72,synth_sf2,piano.sf2
data/piano_A/A#5/A#5_v60_staccato_ped_01.wav,piano_A,A#5,82,60,staccato,1,0.8,44100,16,-5.72,synth_sf2,piano.sf2
data/piano_A/A#5/A#5_v60_sustain_noped_01.wav,piano_A,A#5,82,60,sustain,0,2.0,44100,16,-5.72,synth_sf2,piano.sf2
data/piano_A/A#5/A#5_v60_sustain_ped_01.wav,piano_A,A#5,82,60,sustain,1,2.0,44100,16,-5.72,synth_sf2,piano.sf2
data/piano_A/A#5/A#5_v90_staccato_noped_01.wav,piano_A,A#5,82,90,staccato,0,0.8,44100,16,-5.63,synth_sf2,piano.sf2
data/piano_A/A#5/A#5_v90_staccato_ped_01.wav,piano_A,A#5,82,90,staccato,1,0.8,44100,16,-5.63,synth_sf2,piano.sf2
data/piano_A/A#5/A#5_v90_sustain_noped_01.wav,piano_A,A#5,82,90,sustain,0,2.0,44100,16,-5.63,synth_sf2,piano.sf2
data/piano_A/A#5/A#5_v90_sustain_ped_01.wav,piano_A,A#5,82,90,sustain,1,2.0,44100,16,-5.63,synth_sf2,piano.sf2
data/piano_A/A#5/A#5_v110_staccato_noped_01.wav,piano_A,A#5,82,110,staccato,0,0.8,44100,16,-5.48,synth_sf2,piano.sf2
data/piano_A/A#5/A#5_v110_staccato_ped_01.wav,piano_A,A#5,82,110,staccato,1,0.8,44100,16,-5.48,synth_sf2,piano.sf2
data/piano_A/A#5/A#5_v110_sustain_noped_01.wav,piano_A,A#5,82,110,sustain,0,2.0,44100,16,-5.48,synth_sf2,piano.sf2
data/piano_A/A#5/A#5_v110_sustain_ped_01.wav,piano_A,A#5,82,110,sustain,1,2.0,44100,16,-5.48,synth_sf2,piano.sf2
data/piano_A/B5/B5_v30_staccato_noped_01.wav,piano_A,B5,83,30,staccato,0,0.8,44100,16,-4.06,synth_sf2,piano.sf2
data/piano_A/B5/B5_v30_staccato_ped_01.wav,piano_A,B5,83,30,staccato,1,0.8,44100,16,-4.06,synth_sf2,piano.sf2
data/piano_A/B5/B5_v30_sustain_noped_01.wav,piano_A,B5,83,30,sustain,0,2.0,44100,16,-4.06,synth_sf2,piano.sf2
data/piano_A/B5/B5_v30_sustain_ped_01.wav,piano_A,B5,83,30,sustain,1,2.0,44100,16,-4.06,synth_sf2,piano.sf2
data/piano_A/B5/B5_v60_staccato_noped_01.wav,piano_A,B5,83,60,staccato,0,0.8,44100,16,-4.34,synth_sf2,piano.sf2
data/piano_A/B5/B5_v60_staccato_ped_01.wav,piano_A,B5,83,60,staccato,1,0.8,44100,16,-4.34,synth_sf2,piano.sf2
data/piano_A/B5/B5_v60_sustain_noped_01.wav,piano_A,B5,83,60,sustain,0,2.0,44100,16,-4.34,synth_sf2,piano.sf2
data/piano_A/B5/B5_v60_sustain_ped_01.wav,piano_A,B5,83,60,sustain,1,2.0,44100,16,-4.34,synth_sf2,piano.sf2
data/piano_A/B5/B5_v90_staccato_noped_01.wav,piano_A,B5,83,90,staccato,0,0.8,44100,16,-3.53,synth_sf2,piano.sf2
data/piano_A/B5/B5_v90_staccato_ped_01.wav,piano_A,B5,83,90,staccato,1,0.8,44100,16,-3.53,synth_sf2,piano.sf2
data/piano_A/B5/B5_v90_sustain_noped_01.wav,piano_A,B5,83,90,sustain,0,2.0,44100,16,-3.53,synth_sf2,piano.sf2
data/piano_A/B5/B5_v90_sustain_ped_01.wav,piano_A,B5,83,90,sustain,1,2.0,44100,16,-3.53,synth_sf2,piano.sf2
data/piano_A/B5/B5_v110_staccato_noped_01.wav,piano_A,B5,83,110,staccato,0,0.8,44100,16,-3.05,synth_sf2,piano.sf2
data/piano_A/B5/B5_v110_staccato_ped_01.wav,piano_A,B5,83,110,staccato,1,0.8,44100,16,-3.05,synth_sf2,piano.sf2
data/piano_A/B5/B5_v110_sustain_noped_01.wav,piano_A,B5,83,110,sustain,0,2.0,44100,16,-3.05,synth_sf2,piano.sf2
data/piano_A/B5/B5_v110_sustain_ped_01.wav,piano_A,B5,83,110,sustain,1,2.0,44100,16,-3.05,synth_sf2,piano.sf2
data/piano_A/C6/C6_v30_staccato_noped_01.wav,piano_A,C6,84,30,staccato,0,0.8,44100,16,-4.04,synth_sf2,piano.sf2
data/piano_A/C6/C6_v30_staccato_ped_01.wav,piano_A,C6,84,30,staccato,1,0.8,44100,16,-4.04,synth_sf2,piano.sf2
data/piano_A/C6/C6_v30_sustain_noped_01.wav,piano_A,C6,84,30,sustain,0,2.0,44100,16,-4.04,synth_sf2,piano.sf2
data/piano_A/C6/C6_v30_sustain_ped_01.wav,piano_A,C6,84,30,sustain,1,2.0,44100,16,-4.04,synth_sf2,piano.sf2
data/piano_A/C6/C6_v60_staccato_noped_01.wav,piano_A,C6,84,60,staccato,0,0.8,44100,16,-4.35,synth_sf2,piano.sf2
data/piano_A/C6/C6_v60_staccato_ped_01.wav,piano_A,C6,84,60,staccato,1,0.8,44100,16,-4.35,synth_sf2,piano.sf2
data/piano_A/C6/C6_v60_sustain_noped_01.wav,piano_A,C6,84,60,sustain,0,2.0,44100,16,-4.35,synth_sf2,piano.sf2
data/piano_A/C6/C6_v60_sustain_ped_01.wav,piano_A,C6,84,60,sustain,1,2.0,44100,16,-4.35,synth_sf2,piano.sf2
data/piano_A/C6/C6_v90_staccato_noped_01.wav,piano_A,C6,84,90,staccato,0,0.8,44100,16,-3.51,synth_sf2,piano.sf2
data/piano_A/C6/C6_v90_staccato_ped_01.wav,piano_A,C6,84,90,staccato,1,0.8,44100,16,-3.51,synth_sf2,piano.sf2
data/piano_A/C6/C6_v90_sustain_noped_01.wav,piano_A,C6,84,90,sustain,0,2.0,44100,16,-3.51,synth_sf2,piano.sf2
data/piano_A/C6/C6_v90_sustain_ped_01.wav,piano_A,C6,84,90,sustain,1,2.0,44100,16,-3.51,synth_sf2,piano.sf2
data/piano_A/C6/C6_v110_staccato_noped_01.wav,piano_A,C6,84,110,staccato,0,0.8,44100,16,-3.07,synth_sf2,piano.sf2
data/piano_A/C6/C6_v110_staccato_ped_01.wav,piano_A,C6,84,110,staccato,1,0.8,44100,16,-3.07,synth_sf2,piano.sf2
data/piano_A/C6/C6_v110_sustain_noped_01.wav,piano_A,C6,84,110,sustain,0,2.0,44100,16,-3.07,synth_sf2,piano.sf2
data/piano_A/C6/C6_v110_sustain_ped_01.wav,piano_A,C6,84,110,sustain,1,2.0,44100,16,-3.07,synth_sf2,piano.sf2
data/piano_A/C#6/C#6_v30_staccato_noped_01.wav,piano_A,C#6,85,30,staccato,0,0.8,44100,16,-4.03,synth_sf2,piano.sf2
data/piano_A/C#6/C#6_v30_staccato_ped_01.wav,piano_A,C#6,85,30,staccato,1,0.8,44100,16,-4.03,synth_sf2,piano.sf2
data/piano_A/C#6/C#6_v30_sustain_noped_01.wav,piano_A,C#6,85,30,sustain,0,2.0,44100,16,-4.03,synth_sf2,piano.sf2
data/piano_A/C#6/C#6_v30_sustain_ped_01.wav,piano_A,C#6,85,30,sustain,1,2.0,44100,16,-4.03,synth_sf2,piano.sf2
data/piano_A/C#6/C#6_v60_staccato_noped_01.wav,piano_A,C#6,85,60,staccato,0,0.8,44100,16,-4.35,synth_sf2,piano.sf2
data/piano_A/C#6/C#6_v60_staccato_ped_01.wav,piano_A,C#6,85,60,staccato,1,0.8,44100,16,-4.35,synth_sf2,piano.sf2
data/piano_A/C#6/C#6_v60_sustain_noped_01.wav,piano_A,C#6,85,60,sustain,0,2.0,44100,16,-4.35,synth_sf2,piano.sf2
data/piano_A/C#6/C#6_v60_sustain_ped_01.wav,piano_A,C#6,85,60,sustain,1,2.0,44100,16,-4.35,synth_sf2,piano.sf2
data/piano_A/C#6/C#6_v90_staccato_noped_01.wav,piano_A,C#6,85,90,staccato,0,0.8,44100,16,-3.55,synth_sf2,piano.sf2
data/piano_A/C#6/C#6_v90_staccato_ped_01.wav,piano_A,C#6,85,90,staccato,1,0.8,44100,16,-3.55,synth_sf2,piano.sf2
data/piano_A/C#6/C#6_v90_sustain_noped_01.wav,piano_A,C#6,85,90,sustain,0,2.0,44100,16,-3.55,synth_sf2,piano.sf2
data/piano_A/C#6/C#6_v90_sustain_ped_01.wav,piano_A,C#6,85,90,sustain,1,2.0,44100,16,-3.55,synth_sf2,piano.sf2
data/piano_A/C#6/C#6_v110_staccato_noped_01.wav,piano_A,C#6,85,110,staccato,0,0.8,44100,16,-3.09,synth_sf2,piano.sf2
data/piano_A/C#6/C#6_v110_staccato_ped_01.wav,piano_A,C#6,85,110,staccato,1,0.8,44100,16,-3.09,synth_sf2,piano.sf2
data/piano_A/C#6/C#6_v110_sustain_noped_01.wav,piano_A,C#6,85,110,sustain,0,2.0,44100,16,-3.09,synth_sf2,piano.sf2
data/piano_A/C#6/C#6_v110_sustain_ped_01.wav,piano_A,C#6,85,110,sustain,1,2.0,44100,16,-3.09,synth_sf2,piano.sf2
data/piano_A/D6/D6_v30_staccato_noped_01.wav,piano_A,D6,86,30,staccato,0,0.8,44100,16,-5.97,synth_sf2,piano.sf2
data/piano_A/D6/D6_v30_staccato_ped_01.wav,piano_A,D6,86,30,staccato,1,0.8,44100,16,-5.97,synth_sf2,piano.sf2
data/piano_A/D6/D6_v30_sustain_noped_01.wav,piano_A,D6,86,30,sustain,0,2.0,44100,16,-5.97,synth_sf2,piano.sf2
data/piano_A/D6/D6_v30_sustain_ped_01.wav,piano_A,D6,86,30,sustain,1,2.0,44100,16,-5.97,synth_sf2,piano.sf2
data/piano_A/D6/D6_v60_staccato_noped_01.wav,piano_A,D6,86,60,staccato,0,0.8,44100,16,-5.43,synth_sf2,piano.sf2
data/piano_A/D6/D6_v60_staccato_ped_01.wav,piano_A,D6,86,60,staccato,1,0.8,44100,16,-5.43,synth_sf2,piano.sf2
data/piano_A/D6/D6_v60_sustain_noped_01.wav,piano_A,D6,86,60,sustain,0,2.0,44100,16,-5.43,synth_sf2,piano.sf2
data/piano_A/D6/D6_v60_sustain_ped_01.wav,piano_A,D6,86,60,sustain,1,2.0,44100,16,-5.43,synth_sf2,piano.sf2
data/piano_A/D6/D6_v90_staccato_noped_01.wav,piano_A,D6,86,90,staccato,0,0.8,44100,16,-5.12,synth_sf2,piano.sf2
data/piano_A/D6/D6_v90_staccato_ped_01.wav,piano_A,D6,86,90,staccato,1,0.8,44100,16,-5.12,synth_sf2,piano.sf2
data/piano_A/D6/D6_v90_sustain_noped_01.wav,piano_A,D6,86,90,sustain,0,2.0,44100,16,-5.12,synth_sf2,piano.sf2
data/piano_A/D6/D6_v90_sustain_ped_01.wav,piano_A,D6,86,90,sustain,1,2.0,44100,16,-5.12,synth_sf2,piano.sf2
data/piano_A/D6/D6_v110_staccato_noped_01.wav,piano_A,D6,86,110,staccato,0,0.8,44100,16,-5.09,synth_sf2,piano.sf2
data/piano_A/D6/D6_v110_staccato_ped_01.wav,piano_A,D6,86,110,staccato,1,0.8,44100,16,-5.09,synth_sf2,piano.sf2
data/piano_A/D6/D6_v110_sustain_noped_01.wav,piano_A,D6,86,110,sustain,0,2.0,44100,16,-5.09,synth_sf2,piano.sf2
data/piano_A/D6/D6_v110_sustain_ped_01.wav,piano_A,D6,86,110,sustain,1,2.0,44100,16,-5.09,synth_sf2,piano.sf2
data/piano_A/D#6/D#6_v30_staccato_noped_01.wav,piano_A,D#6,87,30,staccato,0,0.8,44100,16,-5.92,synth_sf2,piano.sf2
data/piano_A/D#6/D#6_v30_staccato_ped_01.wav,piano_A,D#6,87,30,staccato,1,0.8,44100,16,-5.92,synth_sf2,piano.sf2
data/piano_A/D#6/D#6_v30_sustain_noped_01.wav,piano_A,D#6,87,30,sustain,0,2.0,44100,16,-5.92,synth_sf2,piano.sf2
data/piano_A/D#6/D#6_v30_sustain_ped_01.wav,piano_A,D#6,87,30,sustain,1,2.0,44100,16,-5.92,synth_sf2,piano.sf2
data/piano_A/D#6/D#6_v60_staccato_noped_01.wav,piano_A,D#6,87,60,staccato,0,0.8,44100,16,-5.44,synth_sf2,piano.sf2
data/piano_A/D#6/D#6_v60_staccato_ped_01.wav,piano_A,D#6,87,60,staccato,1,0.8,44100,16,-5.44,synth_sf2,piano.sf2
data/piano_A/D#6/D#6_v60_sustain_noped_01.wav,piano_A,D#6,87,60,sustain,0,2.0,44100,16,-5.44,synth_sf2,piano.sf2
data/piano_A/D#6/D#6_v60_sustain_ped_01.wav,piano_A,D#6,87,60,sustain,1,2.0,44100,16,-5.44,synth_sf2,piano.sf2
data/piano_A/D#6/D#6_v90_staccato_noped_01.wav,piano_A,D#6,87,90,staccato,0,0.8,44100,16,-5.13,synth_sf2,piano.sf2
data/piano_A/D#6/D#6_v90_staccato_ped_01.wav,piano_A,D#6,87,90,staccato,1,0.8,44100,16,-5.13,synth_sf2,piano.sf2
data/piano_A/D#6/D#6_v90_sustain_noped_01.wav,piano_A,D#6,87,90,sustain,0,2.0,44100,16,-5.13,synth_sf2,piano.sf2
data/piano_A/D#6/D#6_v90_sustain_ped_01.wav,piano_A,D#6,87,90,sustain,1,2.0,44100,16,-5.13,synth_sf2,piano.sf2
data/piano_A/D#6/D#6_v110_staccato_noped_01.wav,piano_A,D#6,87,110,staccato,0,0.8,44100,16,-5.09,synth_sf2,piano.sf2
data/piano_A/D#6/D#6_v110_staccato_ped_01.wav,piano_A,D#6,87,110,staccato,1,0.8,44100,16,-5.09,synth_sf2,piano.sf2
data/piano_A/D#6/D#6_v110_sustain_noped_01.wav,piano_A,D#6,87,110,sustain,0,2.0,44100,16,-5.09,synth_sf2,piano.sf2
data/piano_A/D#6/D#6_v110_sustain_ped_01.wav,piano_A,D#6,87,110,sustain,1,2.0,44100,16,-5.09,synth_sf2,piano.sf2
data/piano_A/E6/E6_v30_staccato_noped_01.wav,piano_A,E6,88,30,staccato,0,0.8,44100,16,-5.97,synth_sf2,piano.sf2
data/piano_A/E6/E6_v30_staccato_ped_01.wav,piano_A,E6,88,30,staccato,1,0.8,44100,16,-5.97,synth_sf2,piano.sf2
data/piano_A/E6/E6_v30_sustain_noped_01.wav,piano_A,E6,88,30,sustain,0,2.0,44100,16,-5.97,synth_sf2,piano.sf2
data/piano_A/E6/E6_v30_sustain_ped_01.wav,piano_A,E6,88,30,sustain,1,2.0,44100,16,-5.97,synth_sf2,piano.sf2
data/piano_A/E6/E6_v60_staccato_noped_01.wav,piano_A,E6,88,60,staccato,0,0.8,44100,16,-5.45,synth_sf2,piano.sf2
data/piano_A/E6/E6_v60_staccato_ped_01.wav,piano_A,E6,88,60,staccato,1,0.8,44100,16,-5.45,synth_sf2,piano.sf2
data/piano_A/E6/E6_v60_sustain_noped_01.wav,piano_A,E6,88,60,sustain,0,2.0,44100,16,-5.45,synth_sf2,piano.sf2
data/piano_A/E6/E6_v60_sustain_ped_01.wav,piano_A,E6,88,60,sustain,1,2.0,44100,16,-5.45,synth_sf2,piano.sf2
data/piano_A/E6/E6_v90_staccato_noped_01.wav,piano_A,E6,88,90,staccato,0,0.8,44100,16,-5.14,synth_sf2,piano.sf2
data/piano_A/E6/E6_v90_staccato_ped_01.wav,piano_A,E6,88,90,staccato,1,0.8,44100,16,-5.14,synth_sf2,piano.sf2
data/piano_A/E6/E6_v90_sustain_noped_01.wav,piano_A,E6,88,90,sustain,0,2.0,44100,16,-5.14,synth_sf2,piano.sf2
data/piano_A/E6/E6_v90_sustain_ped_01.wav,piano_A,E6,88,90,sustain,1,2.0,44100,16,-5.14,synth_sf2,piano.sf2
data/piano_A/E6/E6_v110_staccato_noped_01.wav,piano_A,E6,88,110,staccato,0,0.8,44100,16,-5.09,synth_sf2,piano.sf2
data/piano_A/E6/E6_v110_staccato_ped_01.wav,piano_A,E6,88,110,staccato,1,0.8,44100,16,-5.09,synth_sf2,piano.sf2
data/piano_A/E6/E6_v110_sustain_noped_01.wav,piano_A,E6,88,110,sustain,0,2.0,44100,16,-5.09,synth_sf2,piano.sf2
data/piano_A/E6/E6_v110_sustain_ped_01.wav,piano_A,E6,88,110,sustain,1,2.0,44100,16,-5.09,synth_sf2,piano.sf2
data/piano_A/F6/F6_v30_staccato_noped_01.wav,piano_A,F6,89,30,staccato,0,0.8,44100,16,-5.71,synth_sf2,piano.sf2
data/piano_A/F6/F6_v30_staccato_ped_01.wav,piano_A,F6,89,30,staccato,1,0.8,44100,16,-5.71,synth_sf2,piano.sf2
data/piano_A/F6/F6_v30_sustain_noped_01.wav,piano_A,F6,89,30,sustain,0,2.0,44100,16,-5.71,synth_sf2,piano.sf2
data/piano_A/F6/F6_v30_sustain_ped_01.wav,piano_A,F6,89,30,sustain,1,2.0,44100,16,-5.71,synth_sf2,piano.sf2
data/piano_A/F6/F6_v60_staccato_noped_01.wav,piano_A,F6,89,60,staccato,0,0.8,44100,16,-6.11,synth_sf2,piano.sf2
data/piano_A/F6/F6_v60_staccato_ped_01.wav,piano_A,F6,89,60,staccato,1,0.8,44100,16,-6.11,synth_sf2,piano.sf2
data/piano_A/F6/F6_v60_sustain_noped_01.wav,piano_A,F6,89,60,sustain,0,2.0,44100,16,-6.11,synth_sf2,piano.sf2
data/piano_A/F6/F6_v60_sustain_ped_01.wav,piano_A,F6,89,60,sustain,1,2.0,44100,16,-6.11,synth_sf2,piano.sf2
data/piano_A/F6/F6_v90_staccato_noped_01.wav,piano_A,F6,89,90,staccato,0,0.8,44100,16,-6.53,synth_sf2,piano.sf2
data/piano_A/F6/F6_v90_staccato_ped_01.wav,piano_A,F6,89,90,staccato,1,0.8,44100,16,-6.53,synth_sf2,piano.sf2
data/piano_A/F6/F6_v90_sustain_noped_01.wav,piano_A,F6,89,90,sustain,0,2.0,44100,16,-6.53,synth_sf2,piano.sf2
data/piano_A/F6/F6_v90_sustain_ped_01.wav,piano_A,F6,89,90,sustain,1,2.0,44100,16,-6.53,synth_sf2,piano.sf2
data/piano_A/F6/F6_v110_staccato_noped_01.wav,piano_A,F6,89,110,staccato,0,0.8,44100,16,-6.73,synth_sf2,piano.sf2
data/piano_A/F6/F6_v110_staccato_ped_01.wav,piano_A,F6,89,110,staccato,1,0.8,44100,16,-6.73,synth_sf2,piano.sf2
data/piano_A/F6/F6_v110_sustain_noped_01.wav,piano_A,F6,89,110,sustain,0,2.0,44100,16,-6.73,synth_sf2,piano.sf2
data/piano_A/F6/F6_v110_sustain_ped_01.wav,piano_A,F6,89,110,sustain,1,2.0,44100,16,-6.73,synth_sf2,piano.sf2
data/piano_A/F#6/F#6_v30_staccato_noped_01.wav,piano_A,F#6,90,30,staccato,0,0.8,44100,16,-5.75,synth_sf2,piano.sf2
data/piano_A/F#6/F#6_v30_staccato_ped_01.wav,piano_A,F#6,90,30,staccato,1,0.8,44100,16,-5.75,synth_sf2,piano.sf2
data/piano_A/F#6/F#6_v30_sustain_noped_01.wav,piano_A,F#6,90,30,sustain,0,2.0,44100,16,-5.75,synth_sf2,piano.sf2
data/piano_A/F#6/F#6_v30_sustain_ped_01.wav,piano_A,F#6,90,30,sustain,1,2.0,44100,16,-5.75,synth_sf2,piano.sf2
data/piano_A/F#6/F#6_v60_staccato_noped_01.wav,piano_A,F#6,90,60,staccato,0,0.8,44100,16,-6.13,synth_sf2,piano.sf2
data/piano_A/F#6/F#6_v60_staccato_ped_01.wav,piano_A,F#6,90,60,staccato,1,0.8,44100,16,-6.13,synth_sf2,piano.sf2
data/piano_A/F#6/F#6_v60_sustain_noped_01.wav,piano_A,F#6,90,60,sustain,0,2.0,44100,16,-6.13,synth_sf2,piano.sf2
data/piano_A/F#6/F#6_v60_sustain_ped_01.wav,piano_A,F#6,90,60,sustain,1,2.0,44100,16,-6.13,synth_sf2,piano.sf2
data/piano_A/F#6/F#6_v90_staccato_noped_01.wav,piano_A,F#6,90,90,staccato,0,0.8,44100,16,-6.48,synth_sf2,piano.sf2
data/piano_A/F#6/F#6_v90_staccato_ped_01.wav,piano_A,F#6,90,90,staccato,1,0.8,44100,16,-6.48,synth_sf2,piano.sf2
data/piano_A/F#6/F#6_v90_sustain_noped_01.wav,piano_A,F#6,90,90,sustain,0,2.0,44100,16,-6.48,synth_sf2,piano.sf2
data/piano_A/F#6/F#6_v90_sustain_ped_01.wav,piano_A,F#6,90,90,sustain,1,2.0,44100,16,-6.48,synth_sf2,piano.sf2
data/piano_A/F#6/F#6_v110_staccato_noped_01.wav,piano_A,F#6,90,110,staccato,0,0.8,44100,16,-6.7,synth_sf2,piano.sf2
data/piano_A/F#6/F#6_v110_staccato_ped_01.wav,piano_A,F#6,90,110,staccato,1,0.8,44100,16,-6.7,synth_sf2,piano.sf2
data/piano_A/F#6/F#6_v110_sustain_noped_01.wav,piano_A,F#6,90,110,sustain,0,2.0,44100,16,-6.7,synth_sf2,piano.sf2
data/piano_A/F#6/F#6_v110_sustain_ped_01.wav,piano_A,F#6,90,110,sustain,1,2.0,44100,16,-6.7,synth_sf2,piano.sf2
data/piano_A/G6/G6_v30_staccato_noped_01.wav,piano_A,G6,91,30,staccato,0,0.8,44100,16,-5.71,synth_sf2,piano.sf2
data/piano_A/G6/G6_v30_staccato_ped_01.wav,piano_A,G6,91,30,staccato,1,0.8,44100,16,-5.71,synth_sf2,piano.sf2
data/piano_A/G6/G6_v30_sustain_noped_01.wav,piano_A,G6,91,30,sustain,0,2.0,44100,16,-5.71,synth_sf2,piano.sf2
data/piano_A/G6/G6_v30_sustain_ped_01.wav,piano_A,G6,91,30,sustain,1,2.0,44100,16,-5.71,synth_sf2,piano.sf2
data/piano_A/G6/G6_v60_staccato_noped_01.wav,piano_A,G6,91,60,staccato,0,0.8,44100,16,-6.09,synth_sf2,piano.sf2
data/piano_A/G6/G6_v60_staccato_ped_01.wav,piano_A,G6,91,60,staccato,1,0.8,44100,16,-6.09,synth_sf2,piano.sf2
data/piano_A/G6/G6_v60_sustain_noped_01.wav,piano_A,G6,91,60,sustain,0,2.0,44100,16,-6.09,synth_sf2,piano.sf2
data/piano_A/G6/G6_v60_sustain_ped_01.wav,piano_A,G6,91,60,sustain,1,2.0,44100,16,-6.09,synth_sf2,piano.sf2
data/piano_A/G6/G6_v90_staccato_noped_01.wav,piano_A,G6,91,90,staccato,0,0.8,44100,16,-6.49,synth_sf2,piano.sf2
data/piano_A/G6/G6_v90_staccato_ped_01.wav,piano_A,G6,91,90,staccato,1,0.8,44100,16,-6.49,synth_sf2,piano.sf2
data/piano_A/G6/G6_v90_sustain_noped_01.wav,piano_A,G6,91,90,sustain,0,2.0,44100,16,-6.49,synth_sf2,piano.sf2
data/piano_A/G6/G6_v90_sustain_ped_01.wav,piano_A,G6,91,90,sustain,1,2.0,44100,16,-6.49,synth_sf2,piano.sf2
data/piano_A/G6/G6_v110_staccato_noped_01.wav,piano_A,G6,91,110,staccato,0,0.8,44100,16,-6.71,synth_sf2,piano.sf2
data/piano_A/G6/G6_v110_staccato_ped_01.wav,piano_A,G6,91,110,staccato,1,0.8,44100,16,-6.71,synth_sf2,piano.sf2
data/piano_A/G6/G6_v110_sustain_noped_01.wav,piano_A,G6,91,110,sustain,0,2.0,44100,16,-6.71,synth_sf2,piano.sf2
data/piano_A/G6/G6_v110_sustain_ped_01.wav,piano_A,G6,91,110,sustain,1,2.0,44100,16,-6.71,synth_sf2,piano.sf2
data/piano_A/G#6/G#6_v30_staccato_noped_01.wav,piano_A,G#6,92,30,staccato,0,0.8,44100,16,-5.66,synth_sf2,piano.sf2
data/piano_A/G#6/G#6_v30_staccato_ped_01.wav,piano_A,G#6,92,30,staccato,1,0.8,44100,16,-5.66,synth_sf2,piano.sf2
data/piano_A/G#6/G#6_v30_sustain_noped_01.wav,piano_A,G#6,92,30,sustain,0,2.0,44100,16,-5.66,synth_sf2,piano.sf2
data/piano_A/G#6/G#6_v30_sustain_ped_01.wav,piano_A,G#6,92,30,sustain,1,2.0,44100,16,-5.66,synth_sf2,piano.sf2
data/piano_A/G#6/G#6_v60_staccato_noped_01.wav,piano_A,G#6,92,60,staccato,0,0.8,44100,16,-5.44,synth_sf2,piano.sf2
data/piano_A/G#6/G#6_v60_staccato_ped_01.wav,piano_A,G#6,92,60,staccato,1,0.8,44100,16,-5.44,synth_sf2,piano.sf2
data/piano_A/G#6/G#6_v60_sustain_noped_01.wav,piano_A,G#6,92,60,sustain,0,2.0,44100,16,-5.44,synth_sf2,piano.sf2
data/piano_A/G#6/G#6_v60_sustain_ped_01.wav,piano_A,G#6,92,60,sustain,1,2.0,44100,16,-5.44,synth_sf2,piano.sf2
data/piano_A/G#6/G#6_v90_staccato_noped_01.wav,piano_A,G#6,92,90,staccato,0,0.8,44100,16,-5.52,synth_sf2,piano.sf2
data/piano_A/G#6/G#6_v90_staccato_ped_01.wav,piano_A,G#6,92,90,staccato,1,0.8,44100,16,-5.52,synth_sf2,piano.sf2
data/piano_A/G#6/G#6_v90_sustain_noped_01.wav,piano_A,G#6,92,90,sustain,0,2.0,44100,16,-5.52,synth_sf2,piano.sf2
data/piano_A/G#6/G#6_v90_sustain_ped_01.wav,piano_A,G#6,92,90,sustain,1,2.0,44100,16,-5.52,synth_sf2,piano.sf2
data/piano_A/G#6/G#6_v110_staccato_noped_01.wav,piano_A,G#6,92,110,staccato,0,0.8,44100,16,-5.82,synth_sf2,piano.sf2
data/piano_A/G#6/G#6_v110_staccato_ped_01.wav,piano_A,G#6,92,110,staccato,1,0.8,44100,16,-5.82,synth_sf2,piano.sf2
data/piano_A/G#6/G#6_v110_sustain_noped_01.wav,piano_A,G#6,92,110,sustain,0,2.0,44100,16,-5.82,synth_sf2,piano.sf2
data/piano_A/G#6/G#6_v110_sustain_ped_01.wav,piano_A,G#6,92,110,sustain,1,2.0,44100,16,-5.82,synth_sf2,piano.sf2
data/piano_A/A6/A6_v30_staccato_noped_01.wav,piano_A,A6,93,30,staccato,0,0.8,44100,16,-5.58,synth_sf2,piano.sf2
data/piano_A/A6/A6_v30_staccato_ped_01.wav,piano_A,A6,93,30,staccato,1,0.8,44100,16,-5.58,synth_sf2,piano.sf2
data/piano_A/A6/A6_v30_sustain_noped_01.wav,piano_A,A6,93,30,sustain,0,2.0,44100,16,-5.58,synth_sf2,piano.sf2
data/piano_A/A6/A6_v30_sustain_ped_01.wav,piano_A,A6,93,30,sustain,1,2.0,44100,16,-5.58,synth_sf2,piano.sf2
data/piano_A/A6/A6_v60_staccato_noped_01.wav,piano_A,A6,93,60,staccato,0,0.8,44100,16,-5.48,synth_sf2,piano.sf2
data/piano_A/A6/A6_v60_staccato_ped_01.wav,piano_A,A6,93,60,staccato,1,0.8,44100,16,-5.48,synth_sf2,piano.sf2
data/piano_A/A6/A6_v60_sustain_noped_01.wav,piano_A,A6,93,60,sustain,0,2.0,44100,16,-5.48,synth_sf2,piano.sf2
data/piano_A/A6/A6_v60_sustain_ped_01.wav,piano_A,A6,93,60,sustain,1,2.0,44100,16,-5.48,synth_sf2,piano.sf2
data/piano_A/A6/A6_v90_staccato_noped_01.wav,piano_A,A6,93,90,staccato,0,0.8,44100,16,-5.51,synth_sf2,piano.sf2
data/piano_A/A6/A6_v90_staccato_ped_01.wav,piano_A,A6,93,90,staccato,1,0.8,44100,16,-5.51,synth_sf2,piano.sf2
data/piano_A/A6/A6_v90_sustain_noped_01.wav,piano_A,A6,93,90,sustain,0,2.0,44100,16,-5.51,synth_sf2,piano.sf2
data/piano_A/A6/A6_v90_sustain_ped_01.wav,piano_A,A6,93,90,sustain,1,2.0,44100,16,-5.51,synth_sf2,piano.sf2
data/piano_A/A6/A6_v110_staccato_noped_01.wav,piano_A,A6,93,110,staccato,0,0.8,44100,16,-5.81,synth_sf2,piano.sf2
data/piano_A/A6/A6_v110_staccato_ped_01.wav,piano_A,A6,93,110,staccato,1,0.8,44100,16,-5.81,synth_sf2,piano.sf2
data/piano_A/A6/A6_v110_sustain_noped_01.wav,piano_A,A6,93,110,sustain,0,2.0,44100,16,-5.81,synth_sf2,piano.sf2
data/piano_A/A6/A6_v110_sustain_ped_01.wav,piano_A,A6,93,110,sustain,1,2.0,44100,16,-5.81,synth_sf2,piano.sf2
data/piano_A/A#6/A#6_v30_staccato_noped_01.wav,piano_A,A#6,94,30,staccato,0,0.8,44100,16,-5.58,synth_sf2,piano.sf2
data/piano_A/A#6/A#6_v30_staccato_ped_01.wav,piano_A,A#6,94,30,staccato,1,0.8,44100,16,-5.58,synth_sf2,piano.sf2
data/piano_A/A#6/A#6_v30_sustain_noped_01.wav,piano_A,A#6,94,30,sustain,0,2.0,44100,16,-5.58,synth_sf2,piano.sf2
data/piano_A/A#6/A#6_v30_sustain_ped_01.wav,piano_A,A#6,94,30,sustain,1,2.0,44100,16,-5.58,synth_sf2,piano.sf2
data/piano_A/A#6/A#6_v60_staccato_noped_01.wav,piano_A,A#6,94,60,staccato,0,0.8,44100,16,-5.44,synth_sf2,piano.sf2
data/piano_A/A#6/A#6_v60_staccato_ped_01.wav,piano_A,A#6,94,60,staccato,1,0.8,44100,16,-5.44,synth_sf2,piano.sf2
data/piano_A/A#6/A#6_v60_sustain_noped_01.wav,piano_A,A#6,94,60,sustain,0,2.0,44100,16,-5.44,synth_sf2,piano.sf2
data/piano_A/A#6/A#6_v60_sustain_ped_01.wav,piano_A,A#6,94,60,sustain,1,2.0,44100,16,-5.44,synth_sf2,piano.sf2
data/piano_A/A#6/A#6_v90_staccato_noped_01.wav,piano_A,A#6,94,90,staccato,0,0.8,44100,16,-5.56,synth_sf2,piano.sf2
data/piano_A/A#6/A#6_v90_staccato_ped_01.wav,piano_A,A#6,94,90,staccato,1,0.8,44100,16,-5.56,synth_sf2,piano.sf2
data/piano_A/A#6/A#6_v90_sustain_noped_01.wav,piano_A,A#6,94,90,sustain,0,2.0,44100,16,-5.56,synth_sf2,piano.sf2
data/piano_A/A#6/A#6_v90_sustain_ped_01.wav,piano_A,A#6,94,90,sustain,1,2.0,44100,16,-5.56,synth_sf2,piano.sf2
data/piano_A/A#6/A#6_v110_staccato_noped_01.wav,piano_A,A#6,94,110,staccato,0,0.8,44100,16,-5.81,synth_sf2,piano.sf2
data/piano_A/A#6/A#6_v110_staccato_ped_01.wav,piano_A,A#6,94,110,staccato,1,0.8,44100,16,-5.81,synth_sf2,piano.sf2
data/piano_A/A#6/A#6_v110_sustain_noped_01.wav,piano_A,A#6,94,110,sustain,0,2.0,44100,16,-5.81,synth_sf2,piano.sf2
data/piano_A/A#6/A#6_v110_sustain_ped_01.wav,piano_A,A#6,94,110,sustain,1,2.0,44100,16,-5.81,synth_sf2,piano.sf2
data/piano_A/B6/B6_v30_staccato_noped_01.wav,piano_A,B6,95,30,staccato,0,0.8,44100,16,-4.11,synth_sf2,piano.sf2
data/piano_A/B6/B6_v30_staccato_ped_01.wav,piano_A,B6,95,30,staccato,1,0.8,44100,16,-4.11,synth_sf2,piano.sf2
data/piano_A/B6/B6_v30_sustain_noped_01.wav,piano_A,B6,95,30,sustain,0,2.0,44100,16,-4.11,synth_sf2,piano.sf2
data/piano_A/B6/B6_v30_sustain_ped_01.wav,piano_A,B6,95,30,sustain,1,2.0,44100,16,-4.11,synth_sf2,piano.sf2
data/piano_A/B6/B6_v60_staccato_noped_01.wav,piano_A,B6,95,60,staccato,0,0.8,44100,16,-3.8,synth_sf2,piano.sf2
data/piano_A/B6/B6_v60_staccato_ped_01.wav,piano_A,B6,95,60,staccato,1,0.8,44100,16,-3.8,synth_sf2,piano.sf2
data/piano_A/B6/B6_v60_sustain_noped_01.wav,piano_A,B6,95,60,sustain,0,2.0,44100,16,-3.8,synth_sf2,piano.sf2
data/piano_A/B6/B6_v60_sustain_ped_01.wav,piano_A,B6,95,60,sustain,1,2.0,44100,16,-3.8,synth_sf2,piano.sf2
data/piano_A/B6/B6_v90_staccato_noped_01.wav,piano_A,B6,95,90,staccato,0,0.8,44100,16,-4.76,synth_sf2,piano.sf2
data/piano_A/B6/B6_v90_staccato_ped_01.wav,piano_A,B6,95,90,staccato,1,0.8,44100,16,-4.76,synth_sf2,piano.sf2
data/piano_A/B6/B6_v90_sustain_noped_01.wav,piano_A,B6,95,90,sustain,0,2.0,44100,16,-4.76,synth_sf2,piano.sf2
data/piano_A/B6/B6_v90_sustain_ped_01.wav,piano_A,B6,95,90,sustain,1,2.0,44100,16,-4.76,synth_sf2,piano.sf2
data/piano_A/B6/B6_v110_staccato_noped_01.wav,piano_A,B6,95,110,staccato,0,0.8,44100,16,-5.06,synth_sf2,piano.sf2
data/piano_A/B6/B6_v110_staccato_ped_01.wav,piano_A,B6,95,110,staccato,1,0.8,44100,16,-5.06,synth_sf2,piano.sf2
data/piano_A/B6/B6_v110_sustain_noped_01.wav,piano_A,B6,95,110,sustain,0,2.0,44100,16,-5.06,synth_sf2,piano.sf2
data/piano_A/B6/B6_v110_sustain_ped_01.wav,piano_A,B6,95,110,sustain,1,2.0,44100,16,-5.06,synth_sf2,piano.sf2
data/piano_A/C7/C7_v30_staccato_noped_01.wav,piano_A,C7,96,30,staccato,0,0.8,44100,16,-4.03,synth_sf2,piano.sf2
data/piano_A/C7/C7_v30_staccato_ped_01.wav,piano_A,C7,96,30,staccato,1,0.8,44100,16,-4.03,synth_sf2,piano.sf2
data/piano_A/C7/C7_v30_sustain_noped_01.wav,piano_A,C7,96,30,sustain,0,2.0,44100,16,-4.03,synth_sf2,piano.sf2
data/piano_A/C7/C7_v30_sustain_ped_01.wav,piano_A,C7,96,30,sustain,1,2.0,44100,16,-4.03,synth_sf2,piano.sf2
data/piano_A/C7/C7_v60_staccato_noped_01.wav,piano_A,C7,96,60,staccato,0,0.8,44100,16,-3.86,synth_sf2,piano.sf2
data/piano_A/C7/C7_v60_staccato_ped_01.wav,piano_A,C7,96,60,staccato,1,0.8,44100,16,-3.86,synth_sf2,piano.sf2
data/piano_A/C7/C7_v60_sustain_noped_01.wav,piano_A,C7,96,60,sustain,0,2.0,44100,16,-3.86,synth_sf2,piano.sf2
data/piano_A/C7/C7_v60_sustain_ped_01.wav,piano_A,C7,96,60,sustain,1,2.0,44100,16,-3.86,synth_sf2,piano.sf2
data/piano_A/C7/C7_v90_staccato_noped_01.wav,piano_A,C7,96,90,staccato,0,0.8,44100,16,-4.7,synth_sf2,piano.sf2
data/piano_A/C7/C7_v90_staccato_ped_01.wav,piano_A,C7,96,90,staccato,1,0.8,44100,16,-4.7,synth_sf2,piano.sf2
data/piano_A/C7/C7_v90_sustain_noped_01.wav,piano_A,C7,96,90,sustain,0,2.0,44100,16,-4.7,synth_sf2,piano.sf2
data/piano_A/C7/C7_v90_sustain_ped_01.wav,piano_A,C7,96,90,sustain,1,2.0,44100,16,-4.7,synth_sf2,piano.sf2
data/piano_A/C7/C7_v110_staccato_noped_01.wav,piano_A,C7,96,110,staccato,0,0.8,44100,16,-5.1,synth_sf2,piano.sf2
data/piano_A/C7/C7_v110_staccato_ped_01.wav,piano_A,C7,96,110,staccato,1,0.8,44100,16,-5.1,synth_sf2,piano.sf2
data/piano_A/C7/C7_v110_sustain_noped_01.wav,piano_A,C7,96,110,sustain,0,2.0,44100,16,-5.1,synth_sf2,piano.sf2
data/piano_A/C7/C7_v110_sustain_ped_01.wav,piano_A,C7,96,110,sustain,1,2.0,44100,16,-5.1,synth_sf2,piano.sf2
data/piano_A/C#7/C#7_v30_staccato_noped_01.wav,piano_A,C#7,97,30,staccato,0,0.8,44100,16,-4.11,synth_sf2,piano.sf2
data/piano_A/C#7/C#7_v30_staccato_ped_01.wav,piano_A,C#7,97,30,staccato,1,0.8,44100,16,-4.11,synth_sf2,piano.sf2
data/piano_A/C#7/C#7_v30_sustain_noped_01.wav,piano_A,C#7,97,30,sustain,0,2.0,44100,16,-4.11,synth_sf2,piano.sf2
data/piano_A/C#7/C#7_v30_sustain_ped_01.wav,piano_A,C#7,97,30,sustain,1,2.0,44100,16,-4.11,synth_sf2,piano.sf2
data/piano_A/C#7/C#7_v60_staccato_noped_01.wav,piano_A,C#7,97,60,staccato,0,0.8,44100,16,-3.91,synth_sf2,piano.sf2
data/piano_A/C#7/C#7_v60_staccato_ped_01.wav,piano_A,C#7,97,60,staccato,1,0.8,44100,16,-3.91,synth_sf2,piano.sf2
data/piano_A/C#7/C#7_v60_sustain_noped_01.wav,piano_A,C#7,97,60,sustain,0,2.0,44100,16,-3.91,synth_sf2,piano.sf2
data/piano_A/C#7/C#7_v60_sustain_ped_01.wav,piano_A,C#7,97,60,sustain,1,2.0,44100,16,-3.91,synth_sf2,piano.sf2
data/piano_A/C#7/C#7_v90_staccato_noped_01.wav,piano_A,C#7,97,90,staccato,0,0.8,44100,16,-4.75,synth_sf2,piano.sf2
data/piano_A/C#7/C#7_v90_staccato_ped_01.wav,piano_A,C#7,97,90,staccato,1,0.8,44100,16,-4.75,synth_sf2,piano.sf2
data/piano_A/C#7/C#7_v90_sustain_noped_01.wav,piano_A,C#7,97,90,sustain,0,2.0,44100,16,-4.75,synth_sf2,piano.sf2
data/piano_A/C#7/C#7_v90_sustain_ped_01.wav,piano_A,C#7,97,90,sustain,1,2.0,44100,16,-4.75,synth_sf2,piano.sf2
data/piano_A/C#7/C#7_v110_staccato_noped_01.wav,piano_A,C#7,97,110,staccato,0,0.8,44100,16,-5.11,synth_sf2,piano.sf2
data/piano_A/C#7/C#7_v110_staccato_ped_01.wav,piano_A,C#7,97,110,staccato,1,0.8,44100,16,-5.11,synth_sf2,piano.sf2
data/piano_A/C#7/C#7_v110_sustain_noped_01.wav,piano_A,C#7,97,110,sustain,0,2.0,44100,16,-5.11,synth_sf2,piano.sf2
data/piano_A/C#7/C#7_v110_sustain_ped_01.wav,piano_A,C#7,97,110,sustain,1,2.0,44100,16,-5.11,synth_sf2,piano.sf2
data/piano_A/D7/D7_v30_staccato_noped_01.wav,piano_A,D7,98,30,staccato,0,0.8,44100,16,-5.3,synth_sf2,piano.sf2
data/piano_A/D7/D7_v30_staccato_ped_01.wav,piano_A,D7,98,30,staccato,1,0.8,44100,16,-5.3,synth_sf2,piano.sf2
data/piano_A/D7/D7_v30_sustain_noped_01.wav,piano_A,D7,98,30,sustain,0,2.0,44100,16,-5.3,synth_sf2,piano.sf2
data/piano_A/D7/D7_v30_sustain_ped_01.wav,piano_A,D7,98,30,sustain,1,2.0,44100,16,-5.3,synth_sf2,piano.sf2
data/piano_A/D7/D7_v60_staccato_noped_01.wav,piano_A,D7,98,60,staccato,0,0.8,44100,16,-7.02,synth_sf2,piano.sf2
data/piano_A/D7/D7_v60_staccato_ped_01.wav,piano_A,D7,98,60,staccato,1,0.8,44100,16,-7.02,synth_sf2,piano.sf2
data/piano_A/D7/D7_v60_sustain_noped_01.wav,piano_A,D7,98,60,sustain,0,2.0,44100,16,-7.02,synth_sf2,piano.sf2
data/piano_A/D7/D7_v60_sustain_ped_01.wav,piano_A,D7,98,60,sustain,1,2.0,44100,16,-7.02,synth_sf2,piano.sf2
data/piano_A/D7/D7_v90_staccato_noped_01.wav,piano_A,D7,98,90,staccato,0,0.8,44100,16,-7.17,synth_sf2,piano.sf2
data/piano_A/D7/D7_v90_staccato_ped_01.wav,piano_A,D7,98,90,staccato,1,0.8,44100,16,-7.17,synth_sf2,piano.sf2
data/piano_A/D7/D7_v90_sustain_noped_01.wav,piano_A,D7,98,90,sustain,0,2.0,44100,16,-7.17,synth_sf2,piano.sf2
data/piano_A/D7/D7_v90_sustain_ped_01.wav,piano_A,D7,98,90,sustain,1,2.0,44100,16,-7.17,synth_sf2,piano.sf2
data/piano_A/D7/D7_v110_staccato_noped_01.wav,piano_A,D7,98,110,staccato,0,0.8,44100,16,-7.1,synth_sf2,piano.sf2
data/piano_A/D7/D7_v110_staccato_ped_01.wav,piano_A,D7,98,110,staccato,1,0.8,44100,16,-7.1,synth_sf2,piano.sf2
data/piano_A/D7/D7_v110_sustain_noped_01.wav,piano_A,D7,98,110,sustain,0,2.0,44100,16,-7.1,synth_sf2,piano.sf2
data/piano_A/D7/D7_v110_sustain_ped_01.wav,piano_A,D7,98,110,sustain,1,2.0,44100,16,-7.1,synth_sf2,piano.sf2
data/piano_A/D#7/D#7_v30_staccato_noped_01.wav,piano_A,D#7,99,30,staccato,0,0.8,44100,16,-5.24,synth_sf2,piano.sf2
data/piano_A/D#7/D#7_v30_staccato_ped_01.wav,piano_A,D#7,99,30,staccato,1,0.8,44100,16,-5.24,synth_sf2,piano.sf2
data/piano_A/D#7/D#7_v30_sustain_noped_01.wav,piano_A,D#7,99,30,sustain,0,2.0,44100,16,-5.24,synth_sf2,piano.sf2
data/piano_A/D#7/D#7_v30_sustain_ped_01.wav,piano_A,D#7,99,30,sustain,1,2.0,44100,16,-5.24,synth_sf2,piano.sf2
data/piano_A/D#7/D#7_v60_staccato_noped_01.wav,piano_A,D#7,99,60,staccato,0,0.8,44100,16,-6.95,synth_sf2,piano.sf2
data/piano_A/D#7/D#7_v60_staccato_ped_01.wav,piano_A,D#7,99,60,staccato,1,0.8,44100,16,-6.95,synth_sf2,piano.sf2
data/piano_A/D#7/D#7_v60_sustain_noped_01.wav,piano_A,D#7,99,60,sustain,0,2.0,44100,16,-6.95,synth_sf2,piano.sf2
data/piano_A/D#7/D#7_v60_sustain_ped_01.wav,piano_A,D#7,99,60,sustain,1,2.0,44100,16,-6.95,synth_sf2,piano.sf2
data/piano_A/D#7/D#7_v90_staccato_noped_01.wav,piano_A,D#7,99,90,staccato,0,0.8,44100,16,-7.08,synth_sf2,piano.sf2
data/piano_A/D#7/D#7_v90_staccato_ped_01.wav,piano_A,D#7,99,90,staccato,1,0.8,44100,16,-7.08,synth_sf2,piano.sf2
data/piano_A/D#7/D#7_v90_sustain_noped_01.wav,piano_A,D#7,99,90,sustain,0,2.0,44100,16,-7.08,synth_sf2,piano.sf2
data/piano_A/D#7/D#7_v90_sustain_ped_01.wav,piano_A,D#7,99,90,sustain,1,2.0,44100,16,-7.08,synth_sf2,piano.sf2
data/piano_A/D#7/D#7_v110_staccato_noped_01.wav,piano_A,D#7,99,110,staccato,0,0.8,44100,16,-7.14,synth_sf2,piano.sf2
data/piano_A/D#7/D#7_v110_staccato_ped_01.wav,piano_A,D#7,99,110,staccato,1,0.8,44100,16,-7.14,synth_sf2,piano.sf2
data/piano_A/D#7/D#7_v110_sustain_noped_01.wav,piano_A,D#7,99,110,sustain,0,2.0,44100,16,-7.14,synth_sf2,piano.sf2
data/piano_A/D#7/D#7_v110_sustain_ped_01.wav,piano_A,D#7,99,110,sustain,1,2.0,44100,16,-7.14,synth_sf2,piano.sf2
data/piano_A/E7/E7_v30_staccato_noped_01.wav,piano_A,E7,100,30,staccato,0,0.8,44100,16,-5.24,synth_sf2,piano.sf2
data/piano_A/E7/E7_v30_staccato_ped_01.wav,piano_A,E7,100,30,staccato,1,0.8,44100,16,-5.24,synth_sf2,piano.sf2
data/piano_A/E7/E7_v30_sustain_noped_01.wav,piano_A,E7,100,30,sustain,0,2.0,44100,16,-5.24,synth_sf2,piano.sf2
data/piano_A/E7/E7_v30_sustain_ped_01.wav,piano_A,E7,100,30,sustain,1,2.0,44100,16,-5.24,synth_sf2,piano.sf2
data/piano_A/E7/E7_v60_staccato_noped_01.wav,piano_A,E7,100,60,staccato,0,0.8,44100,16,-6.95,synth_sf2,piano.sf2
data/piano_A/E7/E7_v60_staccato_ped_01.wav,piano_A,E7,100,60,staccato,1,0.8,44100,16,-6.95,synth_sf2,piano.sf2
data/piano_A/E7/E7_v60_sustain_noped_01.wav,piano_A,E7,100,60,sustain,0,2.0,44100,16,-6.95,synth_sf2,piano.sf2
data/piano_A/E7/E7_v60_sustain_ped_01.wav,piano_A,E7,100,60,sustain,1,2.0,44100,16,-6.95,synth_sf2,piano.sf2
data/piano_A/E7/E7_v90_staccato_noped_01.wav,piano_A,E7,100,90,staccato,0,0.8,44100,16,-7.16,synth_sf2,piano.sf2
data/piano_A/E7/E7_v90_staccato_ped_01.wav,piano_A,E7,100,90,staccato,1,0.8,44100,16,-7.16,synth_sf2,piano.sf2
data/piano_A/E7/E7_v90_sustain_noped_01.wav,piano_A,E7,100,90,sustain,0,2.0,44100,16,-7.16,synth_sf2,piano.sf2
data/piano_A/E7/E7_v90_sustain_ped_01.wav,piano_A,E7,100,90,sustain,1,2.0,44100,16,-7.16,synth_sf2,piano.sf2
data/piano_A/E7/E7_v110_staccato_noped_01.wav,piano_A,E7,100,110,staccato,0,0.8,44100,16,-7.12,synth_sf2,piano.sf2
data/piano_A/E7/E7_v110_staccato_ped_01.wav,piano_A,E7,100,110,staccato,1,0.8,44100,16,-7.12,synth_sf2,piano.sf2
data/piano_A/E7/E7_v110_sustain_noped_01.wav,piano_A,E7,100,110,sustain,0,2.0,44100,16,-7.12,synth_sf2,piano.sf2
data/piano_A/E7/E7_v110_sustain_ped_01.wav,piano_A,E7,100,110,sustain,1,2.0,44100,16,-7.12,synth_sf2,piano.sf2
data/piano_A/F7/F7_v30_staccato_noped_01.wav,piano_A,F7,101,30,staccato,0,0.8,44100,16,-3.37,synth_sf2,piano.sf2
data/piano_A/F7/F7_v30_staccato_ped_01.wav,piano_A,F7,101,30,staccato,1,0.8,44100,16,-3.37,synth_sf2,piano.sf2
data/piano_A/F7/F7_v30_sustain_noped_01.wav,piano_A,F7,101,30,sustain,0,2.0,44100,16,-3.37,synth_sf2,piano.sf2
data/piano_A/F7/F7_v30_sustain_ped_01.wav,piano_A,F7,101,30,sustain,1,2.0,44100,16,-3.37,synth_sf2,piano.sf2
data/piano_A/F7/F7_v60_staccato_noped_01.wav,piano_A,F7,101,60,staccato,0,0.8,44100,16,-3.81,synth_sf2,piano.sf2
data/piano_A/F7/F7_v60_staccato_ped_01.wav,piano_A,F7,101,60,staccato,1,0.8,44100,16,-3.81,synth_sf2,piano.sf2
data/piano_A/F7/F7_v60_sustain_noped_01.wav,piano_A,F7,101,60,sustain,0,2.0,44100,16,-3.81,synth_sf2,piano.sf2
data/piano_A/F7/F7_v60_sustain_ped_01.wav,piano_A,F7,101,60,sustain,1,2.0,44100,16,-3.81,synth_sf2,piano.sf2
data/piano_A/F7/F7_v90_staccato_noped_01.wav,piano_A,F7,101,90,staccato,0,0.8,44100,16,-3.03,synth_sf2,piano.sf2
data/piano_A/F7/F7_v90_staccato_ped_01.wav,piano_A,F7,101,90,staccato,1,0.8,44100,16,-3.03,synth_sf2,piano.sf2
data/piano_A/F7/F7_v90_sustain_noped_01.wav,piano_A,F7,101,90,sustain,0,2.0,44100,16,-3.03,synth_sf2,piano.sf2
data/piano_A/F7/F7_v90_sustain_ped_01.wav,piano_A,F7,101,90,sustain,1,2.0,44100,16,-3.03,synth_sf2,piano.sf2
data/piano_A/F7/F7_v110_staccato_noped_01.wav,piano_A,F7,101,110,staccato,0,0.8,44100,16,-2.79,synth_sf2,piano.sf2
data/piano_A/F7/F7_v110_staccato_ped_01.wav,piano_A,F7,101,110,staccato,1,0.8,44100,16,-2.79,synth_sf2,piano.sf2
data/piano_A/F7/F7_v110_sustain_noped_01.wav,piano_A,F7,101,110,sustain,0,2.0,44100,16,-2.79,synth_sf2,piano.sf2
data/piano_A/F7/F7_v110_sustain_ped_01.wav,piano_A,F7,101,110,sustain,1,2.0,44100,16,-2.79,synth_sf2,piano.sf2
data/piano_A/F#7/F#7_v30_staccato_noped_01.wav,piano_A,F#7,102,30,staccato,0,0.8,44100,16,-3.34,synth_sf2,piano.sf2
data/piano_A/F#7/F#7_v30_staccato_ped_01.wav,piano_A,F#7,102,30,staccato,1,0.8,44100,16,-3.34,synth_sf2,piano.sf2
data/piano_A/F#7/F#7_v30_sustain_noped_01.wav,piano_A,F#7,102,30,sustain,0,2.0,44100,16,-3.34,synth_sf2,piano.sf2
data/piano_A/F#7/F#7_v30_sustain_ped_01.wav,piano_A,F#7,102,30,sustain,1,2.0,44100,16,-3.34,synth_sf2,piano.sf2
data/piano_A/F#7/F#7_v60_staccato_noped_01.wav,piano_A,F#7,102,60,staccato,0,0.8,44100,16,-3.76,synth_sf2,piano.sf2
data/piano_A/F#7/F#7_v60_staccato_ped_01.wav,piano_A,F#7,102,60,staccato,1,0.8,44100,16,-3.76,synth_sf2,piano.sf2
data/piano_A/F#7/F#7_v60_sustain_noped_01.wav,piano_A,F#7,102,60,sustain,0,2.0,44100,16,-3.76,synth_sf2,piano.sf2
data/piano_A/F#7/F#7_v60_sustain_ped_01.wav,piano_A,F#7,102,60,sustain,1,2.0,44100,16,-3.76,synth_sf2,piano.sf2
data/piano_A/F#7/F#7_v90_staccato_noped_01.wav,piano_A,F#7,102,90,staccato,0,0.8,44100,16,-3.04,synth_sf2,piano.sf2
data/piano_A/F#7/F#7_v90_staccato_ped_01.wav,piano_A,F#7,102,90,staccato,1,0.8,44100,16,-3.04,synth_sf2,piano.sf2
data/piano_A/F#7/F#7_v90_sustain_noped_01.wav,piano_A,F#7,102,90,sustain,0,2.0,44100,16,-3.04,synth_sf2,piano.sf2
data/piano_A/F#7/F#7_v90_sustain_ped_01.wav,piano_A,F#7,102,90,sustain,1,2.0,44100,16,-3.04,synth_sf2,piano.sf2
data/piano_A/F#7/F#7_v110_staccato_noped_01.wav,piano_A,F#7,102,110,staccato,0,0.8,44100,16,-2.8,synth_sf2,piano.sf2
data/piano_A/F#7/F#7_v110_staccato_ped_01.wav,piano_A,F#7,102,110,staccato,1,0.8,44100,16,-2.8,synth_sf2,piano.sf2
data/piano_A/F#7/F#7_v110_sustain_noped_01.wav,piano_A,F#7,102,110,sustain,0,2.0,44100,16,-2.8,synth_sf2,piano.sf2
data/piano_A/F#7/F#7_v110_sustain_ped_01.wav,piano_A,F#7,102,110,sustain,1,2.0,44100,16,-2.8,synth_sf2,piano.sf2
data/piano_A/G7/G7_v30_staccato_noped_01.wav,piano_A,G7,103,30,staccato,0,0.8,44100,16,-3.37,synth_sf2,piano.sf2
data/piano_A/G7/G7_v30_staccato_ped_01.wav,piano_A,G7,103,30,staccato,1,0.8,44100,16,-3.37,synth_sf2,piano.sf2
data/piano_A/G7/G7_v30_sustain_noped_01.wav,piano_A,G7,103,30,sustain,0,2.0,44100,16,-3.37,synth_sf2,piano.sf2
data/piano_A/G7/G7_v30_sustain_ped_01.wav,piano_A,G7,103,30,sustain,1,2.0,44100,16,-3.37,synth_sf2,piano.sf2
data/piano_A/G7/G7_v60_staccato_noped_01.wav,piano_A,G7,103,60,staccato,0,0.8,44100,16,-3.71,synth_sf2,piano.sf2
data/piano_A/G7/G7_v60_staccato_ped_01.wav,piano_A,G7,103,60,staccato,1,0.8,44100,16,-3.71,synth_sf2,piano.sf2
data/piano_A/G7/G7_v60_sustain_noped_01.wav,piano_A,G7,103,60,sustain,0,2.0,44100,16,-3.71,synth_sf2,piano.sf2
data/piano_A/G7/G7_v60_sustain_ped_01.wav,piano_A,G7,103,60,sustain,1,2.0,44100,16,-3.71,synth_sf2,piano.sf2
data/piano_A/G7/G7_v90_staccato_noped_01.wav,piano_A,G7,103,90,staccato,0,0.8,44100,16,-3.02,synth_sf2,piano.sf2
data/piano_A/G7/G7_v90_staccato_ped_01.wav,piano_A,G7,103,90,staccato,1,0.8,44100,16,-3.02,synth_sf2,piano.sf2
data/piano_A/G7/G7_v90_sustain_noped_01.wav,piano_A,G7,103,90,sustain,0,2.0,44100,16,-3.02,synth_sf2,piano.sf2
data/piano_A/G7/G7_v90_sustain_ped_01.wav,piano_A,G7,103,90,sustain,1,2.0,44100,16,-3.02,synth_sf2,piano.sf2
data/piano_A/G7/G7_v110_staccato_noped_01.wav,piano_A,G7,103,110,staccato,0,0.8,44100,16,-2.77,synth_sf2,piano.sf2
data/piano_A/G7/G7_v110_staccato_ped_01.wav,piano_A,G7,103,110,staccato,1,0.8,44100,16,-2.77,synth_sf2,piano.sf2
data/piano_A/G7/G7_v110_sustain_noped_01.wav,piano_A,G7,103,110,sustain,0,2.0,44100,16,-2.77,synth_sf2,piano.sf2
data/piano_A/G7/G7_v110_sustain_ped_01.wav,piano_A,G7,103,110,sustain,1,2.0,44100,16,-2.77,synth_sf2,piano.sf2
data/piano_A/G#7/G#7_v30_staccato_noped_01.wav,piano_A,G#7,104,30,staccato,0,0.8,44100,16,-2.87,synth_sf2,piano.sf2
data/piano_A/G#7/G#7_v30_staccato_ped_01.wav,piano_A,G#7,104,30,staccato,1,0.8,44100,16,-2.87,synth_sf2,piano.sf2
data/piano_A/G#7/G#7_v30_sustain_noped_01.wav,piano_A,G#7,104,30,sustain,0,2.0,44100,16,-2.87,synth_sf2,piano.sf2
data/piano_A/G#7/G#7_v30_sustain_ped_01.wav,piano_A,G#7,104,30,sustain,1,2.0,44100,16,-2.87,synth_sf2,piano.sf2
data/piano_A/G#7/G#7_v60_staccato_noped_01.wav,piano_A,G#7,104,60,staccato,0,0.8,44100,16,-3.07,synth_sf2,piano.sf2
data/piano_A/G#7/G#7_v60_staccato_ped_01.wav,piano_A,G#7,104,60,staccato,1,0.8,44100,16,-3.07,synth_sf2,piano.sf2
data/piano_A/G#7/G#7_v60_sustain_noped_01.wav,piano_A,G#7,104,60,sustain,0,2.0,44100,16,-3.07,synth_sf2,piano.sf2
data/piano_A/G#7/G#7_v60_sustain_ped_01.wav,piano_A,G#7,104,60,sustain,1,2.0,44100,16,-3.07,synth_sf2,piano.sf2
data/piano_A/G#7/G#7_v90_staccato_noped_01.wav,piano_A,G#7,104,90,staccato,0,0.8,44100,16,-3.39,synth_sf2,piano.sf2
data/piano_A/G#7/G#7_v90_staccato_ped_01.wav,piano_A,G#7,104,90,staccato,1,0.8,44100,16,-3.39,synth_sf2,piano.sf2
data/piano_A/G#7/G#7_v90_sustain_noped_01.wav,piano_A,G#7,104,90,sustain,0,2.0,44100,16,-3.39,synth_sf2,piano.sf2
data/piano_A/G#7/G#7_v90_sustain_ped_01.wav,piano_A,G#7,104,90,sustain,1,2.0,44100,16,-3.39,synth_sf2,piano.sf2
data/piano_A/G#7/G#7_v110_staccato_noped_01.wav,piano_A,G#7,104,110,staccato,0,0.8,44100,16,-3.53,synth_sf2,piano.sf2
data/piano_A/G#7/G#7_v110_staccato_ped_01.wav,piano_A,G#7,104,110,staccato,1,0.8,44100,16,-3.53,synth_sf2,piano.sf2
data/piano_A/G#7/G#7_v110_sustain_noped_01.wav,piano_A,G#7,104,110,sustain,0,2.0,44100,16,-3.53,synth_sf2,piano.sf2
data/piano_A/G#7/G#7_v110_sustain_ped_01.wav,piano_A,G#7,104,110,sustain,1,2.0,44100,16,-3.53,synth_sf2,piano.sf2
data/piano_A/A7/A7_v30_staccato_noped_01.wav,piano_A,A7,105,30,staccato,0,0.8,44100,16,-2.78,synth_sf2,piano.sf2
data/piano_A/A7/A7_v30_staccato_ped_01.wav,piano_A,A7,105,30,staccato,1,0.8,44100,16,-2.78,synth_sf2,piano.sf2
data/piano_A/A7/A7_v30_sustain_noped_01.wav,piano_A,A7,105,30,sustain,0,2.0,44100,16,-2.78,synth_sf2,piano.sf2
data/piano_A/A7/A7_v30_sustain_ped_01.wav,piano_A,A7,105,30,sustain,1,2.0,44100,16,-2.78,synth_sf2,piano.sf2
data/piano_A/A7/A7_v60_staccato_noped_01.wav,piano_A,A7,105,60,staccato,0,0.8,44100,16,-3.06,synth_sf2,piano.sf2
data/piano_A/A7/A7_v60_staccato_ped_01.wav,piano_A,A7,105,60,staccato,1,0.8,44100,16,-3.06,synth_sf2,piano.sf2
data/piano_A/A7/A7_v60_sustain_noped_01.wav,piano_A,A7,105,60,sustain,0,2.0,44100,16,-3.06,synth_sf2,piano.sf2
data/piano_A/A7/A7_v60_sustain_ped_01.wav,piano_A,A7,105,60,sustain,1,2.0,44100,16,-3.06,synth_sf2,piano.sf2
data/piano_A/A7/A7_v90_staccato_noped_01.wav,piano_A,A7,105,90,staccato,0,0.8,44100,16,-3.39,synth_sf2,piano.sf2
data/piano_A/A7/A7_v90_staccato_ped_01.wav,piano_A,A7,105,90,staccato,1,0.8,44100,16,-3.39,synth_sf2,piano.sf2
data/piano_A/A7/A7_v90_sustain_noped_01.wav,piano_A,A7,105,90,sustain,0,2.0,44100,16,-3.39,synth_sf2,piano.sf2
data/piano_A/A7/A7_v90_sustain_ped_01.wav,piano_A,A7,105,90,sustain,1,2.0,44100,16,-3.39,synth_sf2,piano.sf2
data/piano_A/A7/A7_v110_staccato_noped_01.wav,piano_A,A7,105,110,staccato,0,0.8,44100,16,-3.83,synth_sf2,piano.sf2
data/piano_A/A7/A7_v110_staccato_ped_01.wav,piano_A,A7,105,110,staccato,1,0.8,44100,16,-3.83,synth_sf2,piano.sf2
data/piano_A/A7/A7_v110_sustain_noped_01.wav,piano_A,A7,105,110,sustain,0,2.0,44100,16,-3.83,synth_sf2,piano.sf2
data/piano_A/A7/A7_v110_sustain_ped_01.wav,piano_A,A7,105,110,sustain,1,2.0,44100,16,-3.83,synth_sf2,piano.sf2
data/piano_A/A#7/A#7_v30_staccato_noped_01.wav,piano_A,A#7,106,30,staccato,0,0.8,44100,16,-2.87,synth_sf2,piano.sf2
data/piano_A/A#7/A#7_v30_staccato_ped_01.wav,piano_A,A#7,106,30,staccato,1,0.8,44100,16,-2.87,synth_sf2,piano.sf2
data/piano_A/A#7/A#7_v30_sustain_noped_01.wav,piano_A,A#7,106,30,sustain,0,2.0,44100,16,-2.87,synth_sf2,piano.sf2
data/piano_A/A#7/A#7_v30_sustain_ped_01.wav,piano_A,A#7,106,30,sustain,1,2.0,44100,16,-2.87,synth_sf2,piano.sf2
data/piano_A/A#7/A#7_v60_staccato_noped_01.wav,piano_A,A#7,106,60,staccato,0,0.8,44100,16,-2.95,synth_sf2,piano.sf2
data/piano_A/A#7/A#7_v60_staccato_ped_01.wav,piano_A,A#7,106,60,staccato,1,0.8,44100,16,-2.95,synth_sf2,piano.sf2
data/piano_A/A#7/A#7_v60_sustain_noped_01.wav,piano_A,A#7,106,60,sustain,0,2.0,44100,16,-2.95,synth_sf2,piano.sf2
data/piano_A/A#7/A#7_v60_sustain_ped_01.wav,piano_A,A#7,106,60,sustain,1,2.0,44100,16,-2.95,synth_sf2,piano.sf2
data/piano_A/A#7/A#7_v90_staccato_noped_01.wav,piano_A,A#7,106,90,staccato,0,0.8,44100,16,-3.56,synth_sf2,piano.sf2
data/piano_A/A#7/A#7_v90_staccato_ped_01.wav,piano_A,A#7,106,90,staccato,1,0.8,44100,16,-3.56,synth_sf2,piano.sf2
data/piano_A/A#7/A#7_v90_sustain_noped_01.wav,piano_A,A#7,106,90,sustain,0,2.0,44100,16,-3.56,synth_sf2,piano.sf2
data/piano_A/A#7/A#7_v90_sustain_ped_01.wav,piano_A,A#7,106,90,sustain,1,2.0,44100,16,-3.56,synth_sf2,piano.sf2
data/piano_A/A#7/A#7_v110_staccato_noped_01.wav,piano_A,A#7,106,110,staccato,0,0.8,44100,16,-3.58,synth_sf2,piano.sf2
data/piano_A/A#7/A#7_v110_staccato_ped_01.wav,piano_A,A#7,106,110,staccato,1,0.8,44100,16,-3.58,synth_sf2,piano.sf2
data/piano_A/A#7/A#7_v110_sustain_noped_01.wav,piano_A,A#7,106,110,sustain,0,2.0,44100,16,-3.58,synth_sf2,piano.sf2
data/piano_A/A#7/A#7_v110_sustain_ped_01.wav,piano_A,A#7,106,110,sustain,1,2.0,44100,16,-3.58,synth_sf2,piano.sf2
data/piano_A/B7/B7_v30_staccato_noped_01.wav,piano_A,B7,107,30,staccato,0,0.8,44100,16,-5.49,synth_sf2,piano.sf2
data/piano_A/B7/B7_v30_staccato_ped_01.wav,piano_A,B7,107,30,staccato,1,0.8,44100,16,-5.49,synth_sf2,piano.sf2
data/piano_A/B7/B7_v30_sustain_noped_01.wav,piano_A,B7,107,30,sustain,0,2.0,44100,16,-5.49,synth_sf2,piano.sf2
data/piano_A/B7/B7_v30_sustain_ped_01.wav,piano_A,B7,107,30,sustain,1,2.0,44100,16,-5.49,synth_sf2,piano.sf2
data/piano_A/B7/B7_v60_staccato_noped_01.wav,piano_A,B7,107,60,staccato,0,0.8,44100,16,-4.2,synth_sf2,piano.sf2
data/piano_A/B7/B7_v60_staccato_ped_01.wav,piano_A,B7,107,60,staccato,1,0.8,44100,16,-4.2,synth_sf2,piano.sf2
data/piano_A/B7/B7_v60_sustain_noped_01.wav,piano_A,B7,107,60,sustain,0,2.0,44100,16,-4.2,synth_sf2,piano.sf2
data/piano_A/B7/B7_v60_sustain_ped_01.wav,piano_A,B7,107,60,sustain,1,2.0,44100,16,-4.2,synth_sf2,piano.sf2
data/piano_A/B7/B7_v90_staccato_noped_01.wav,piano_A,B7,107,90,staccato,0,0.8,44100,16,-7.16,synth_sf2,piano.sf2
data/piano_A/B7/B7_v90_staccato_ped_01.wav,piano_A,B7,107,90,staccato,1,0.8,44100,16,-7.16,synth_sf2,piano.sf2
data/piano_A/B7/B7_v90_sustain_noped_01.wav,piano_A,B7,107,90,sustain,0,2.0,44100,16,-7.16,synth_sf2,piano.sf2
data/piano_A/B7/B7_v90_sustain_ped_01.wav,piano_A,B7,107,90,sustain,1,2.0,44100,16,-7.16,synth_sf2,piano.sf2
data/piano_A/B7/B7_v110_staccato_noped_01.wav,piano_A,B7,107,110,staccato,0,0.8,44100,16,-7.75,synth_sf2,piano.sf2
data/piano_A/B7/B7_v110_staccato_ped_01.wav,piano_A,B7,107,110,staccato,1,0.8,44100,16,-7.75,synth_sf2,piano.sf2
data/piano_A/B7/B7_v110_sustain_noped_01.wav,piano_A,B7,107,110,sustain,0,2.0,44100,16,-7.75,synth_sf2,piano.sf2
data/piano_A/B7/B7_v110_sustain_ped_01.wav,piano_A,B7,107,110,sustain,1,2.0,44100,16,-7.75,synth_sf2,piano.sf2
data/piano_A/C8/C8_v30_staccato_noped_01.wav,piano_A,C8,108,30,staccato,0,0.8,44100,16,-5.4,synth_sf2,piano.sf2
data/piano_A/C8/C8_v30_staccato_ped_01.wav,piano_A,C8,108,30,staccato,1,0.8,44100,16,-5.4,synth_sf2,piano.sf2
data/piano_A/C8/C8_v30_sustain_noped_01.wav,piano_A,C8,108,30,sustain,0,2.0,44100,16,-5.4,synth_sf2,piano.sf2
data/piano_A/C8/C8_v30_sustain_ped_01.wav,piano_A,C8,108,30,sustain,1,2.0,44100,16,-5.4,synth_sf2,piano.sf2
data/piano_A/C8/C8_v60_staccato_noped_01.wav,piano_A,C8,108,60,staccato,0,0.8,44100,16,-4.3,synth_sf2,piano.sf2
data/piano_A/C8/C8_v60_staccato_ped_01.wav,piano_A,C8,108,60,staccato,1,0.8,44100,16,-4.3,synth_sf2,piano.sf2
data/piano_A/C8/C8_v60_sustain_noped_01.wav,piano_A,C8,108,60,sustain,0,2.0,44100,16,-4.3,synth_sf2,piano.sf2
data/piano_A/C8/C8_v60_sustain_ped_01.wav,piano_A,C8,108,60,sustain,1,2.0,44100,16,-4.3,synth_sf2,piano.sf2
data/piano_A/C8/C8_v90_staccato_noped_01.wav,piano_A,C8,108,90,staccato,0,0.8,44100,16,-7.23,synth_sf2,piano.sf2
data/piano_A/C8/C8_v90_staccato_ped_01.wav,piano_A,C8,108,90,staccato,1,0.8,44100,16,-7.23,synth_sf2,piano.sf2
data/piano_A/C8/C8_v90_sustain_noped_01.wav,piano_A,C8,108,90,sustain,0,2.0,44100,16,-7.23,synth_sf2,piano.sf2
data/piano_A/C8/C8_v90_sustain_ped_01.wav,piano_A,C8,108,90,sustain,1,2.0,44100,16,-7.23,synth_sf2,piano.sf2
data/piano_A/C8/C8_v110_staccato_noped_01.wav,piano_A,C8,108,110,staccato,0,0.8,44100,16,-7.91,synth_sf2,piano.sf2
data/piano_A/C8/C8_v110_staccato_ped_01.wav,piano_A,C8,108,110,staccato,1,0.8,44100,16,-7.91,synth_sf2,piano.sf2
data/piano_A/C8/C8_v110_sustain_noped_01.wav,piano_A,C8,108,110,sustain,0,2.0,44100,16,-7.91,synth_sf2,piano.sf2
data/piano_A/C8/C8_v110_sustain_ped_01.wav,piano_A,C8,108,110,sustain,1,2.0,44100,16,-7.91,synth_sf2,piano.sf2
